0, 9, 0, 76, 47.11
1, 9, 0, 76, 48.03
0, 265, 0, 76, 46.84
1, 265, 0, 76, 47.78
0, 11136, 26, 74, 46.62
1, 10898, 0, 74, 46.84
0, 11136, 26, 73, 46.38
1, 10898, 0, 73, 46.36
0, 11136, 26, 73, 44.69
1, 10898, 0, 73, 46.36
0, 11136, 0, 73, 45.16
1, 10898, 97, 73, 53.83
0, 11136, 0, 73, 44.92
1, 10898, 98, 73, 53.59
0, 11136, 0, 73, 44.92
1, 10898, 98, 73, 53.59
0, 11136, 0, 72, 44.92
1, 10898, 98, 73, 53.59
0, 12038, 100, 75, 189.74
1, 11410, 0, 73, 52.45
0, 12038, 100, 77, 207.61
1, 11410, 0, 72, 52.69
0, 12038, 76, 76, 57.05
1, 11796, 88, 74, 149.54
0, 12038, 100, 78, 215.20
1, 11796, 100, 76, 161.27
0, 12038, 100, 79, 144.49
1, 11796, 100, 77, 145.06
0, 12038, 45, 78, 147.61
1, 11796, 100, 76, 196.98
0, 12038, 100, 79, 225.46
1, 11796, 100, 77, 192.13
0, 12038, 100, 79, 161.35
1, 11796, 0, 76, 56.69
0, 12038, 100, 78, 202.10
1, 11796, 100, 77, 176.85
0, 12038, 100, 79, 199.21
1, 11796, 100, 78, 177.10
0, 12038, 100, 79, 193.59
1, 11796, 0, 76, 56.62
0, 12038, 0, 76, 53.36
1, 11796, 100, 78, 158.00
0, 12038, 0, 76, 52.69
1, 11796, 100, 79, 154.10
0, 12038, 100, 79, 193.70
1, 11796, 0, 76, 57.34
0, 12038, 100, 79, 168.30
1, 11796, 0, 75, 56.19
0, 12038, 26, 77, 48.56
1, 11796, 40, 76, 167.26
0, 12038, 100, 78, 117.49
1, 11796, 100, 78, 162.15
0, 12038, 100, 79, 182.36
1, 11796, 71, 78, 60.22
0, 12038, 78, 79, 177.18
1, 11796, 100, 78, 144.27
0, 12038, 100, 79, 153.68
1, 11796, 100, 79, 174.53
0, 12038, 100, 79, 107.57
1, 11796, 0, 78, 59.01
0, 12038, 100, 78, 122.88
1, 11796, 100, 79, 164.93
0, 12038, 100, 79, 114.83
1, 11796, 100, 79, 147.97
0, 12038, 100, 79, 113.78
1, 11796, 0, 77, 49.14
0, 12038, 0, 77, 49.08
1, 11796, 100, 79, 139.28
0, 12038, 0, 76, 48.60
1, 11796, 100, 79, 138.80
0, 12038, 100, 78, 159.45
1, 11796, 0, 77, 51.67
0, 12038, 100, 79, 155.71
1, 11796, 0, 76, 50.72
0, 12038, 100, 79, 72.46
1, 11796, 0, 76, 138.16
0, 12038, 100, 79, 126.18
1, 11796, 100, 79, 154.97
0, 12038, 100, 79, 179.01
1, 11796, 100, 80, 124.55
0, 12038, 1, 78, 112.56
1, 11796, 100, 79, 141.27
0, 12038, 100, 79, 129.57
1, 11796, 100, 79, 208.63
0, 12038, 100, 79, 124.66
1, 11796, 88, 79, 57.00
0, 12038, 78, 78, 48.79
1, 11796, 79, 78, 188.83
0, 12038, 100, 79, 143.99
1, 11796, 100, 80, 141.86
0, 12038, 100, 79, 110.26
1, 11796, 100, 79, 127.57
0, 12038, 0, 78, 48.88
1, 11796, 100, 79, 126.03
0, 12038, 0, 77, 47.67
1, 11796, 100, 79, 124.12
0, 12038, 0, 76, 47.44
1, 11796, 100, 79, 118.19
0, 12422, 100, 79, 111.61
1, 12160, 0, 77, 50.79
0, 12422, 100, 78, 75.76
1, 12160, 0, 77, 50.16
0, 12422, 100, 78, 129.50
1, 12160, 0, 76, 48.13
0, 12422, 100, 79, 179.34
1, 12160, 100, 79, 222.63
0, 12422, 100, 79, 111.57
1, 12160, 100, 79, 110.57
0, 12422, 8, 78, 49.33
1, 12160, 100, 78, 148.45
0, 12422, 100, 79, 93.38
1, 12160, 100, 79, 118.44
0, 12422, 100, 78, 118.25
1, 12160, 100, 79, 89.84
0, 12422, 100, 78, 48.83
1, 12160, 39, 78, 174.29
0, 12422, 100, 79, 140.01
1, 12160, 100, 79, 138.76
0, 12422, 100, 79, 109.86
1, 12160, 100, 79, 124.57
0, 12422, 0, 78, 49.35
1, 12160, 72, 78, 137.21
0, 12422, 0, 77, 47.94
1, 12160, 100, 79, 121.20
0, 12422, 0, 76, 47.67
1, 12160, 100, 79, 110.34
0, 12422, 100, 80, 205.52
1, 12160, 0, 77, 49.37
0, 12422, 100, 79, 93.30
1, 12160, 0, 76, 48.66
0, 12422, 70, 78, 49.99
1, 12160, 94, 77, 183.48
0, 12422, 100, 79, 108.69
1, 12160, 100, 79, 167.08
0, 12422, 100, 79, 155.93
1, 12160, 100, 79, 108.68
0, 12422, 0, 79, 106.84
1, 12160, 100, 79, 156.15
0, 12422, 100, 79, 104.17
1, 12160, 100, 79, 124.47
0, 12422, 100, 79, 119.22
1, 12160, 46, 78, 56.55
0, 12422, 0, 78, 114.77
1, 12160, 100, 79, 144.19
0, 12422, 100, 79, 107.48
1, 12160, 100, 79, 101.97
0, 12422, 100, 79, 125.53
1, 12160, 100, 79, 110.94
0, 12422, 0, 78, 48.84
1, 12160, 87, 78, 139.28
0, 12422, 100, 79, 117.46
1, 12160, 100, 79, 163.46
0, 12422, 100, 79, 105.13
1, 12160, 100, 79, 130.47
0, 12422, 17, 78, 49.38
1, 12160, 100, 79, 141.32
0, 12422, 100, 79, 113.48
1, 12160, 100, 79, 122.10
0, 12422, 100, 79, 111.73
1, 12160, 100, 79, 85.33
0, 12422, 86, 78, 49.18
1, 12160, 79, 78, 105.36
0, 12422, 100, 79, 104.91
1, 12160, 100, 79, 124.97
0, 12422, 100, 80, 124.33
1, 12160, 100, 79, 149.22
0, 12422, 100, 79, 60.47
1, 12160, 0, 78, 120.42
0, 12422, 100, 79, 106.18
1, 12160, 100, 79, 172.60
0, 12422, 100, 79, 131.86
1, 12160, 100, 79, 124.82
0, 12422, 100, 79, 73.86
1, 12160, 0, 78, 49.91
0, 12422, 0, 78, 48.20
1, 12160, 100, 79, 112.78
0, 12422, 0, 77, 47.96
1, 12160, 100, 79, 107.76
0, 12422, 0, 77, 47.81
1, 12160, 100, 79, 50.45
0, 12422, 100, 79, 159.41
1, 12160, 2, 77, 56.21
0, 12422, 100, 79, 92.98
1, 12160, 0, 77, 55.85
0, 12422, 100, 79, 121.60
1, 12160, 0, 77, 55.55
0, 12422, 100, 78, 105.49
1, 12160, 100, 79, 148.60
0, 12422, 100, 79, 118.68
1, 12160, 100, 79, 111.72
0, 12422, 100, 79, 124.17
1, 12160, 100, 78, 49.75
0, 12422, 100, 79, 156.66
1, 12160, 100, 79, 107.85
0, 12422, 100, 79, 112.48
1, 12160, 100, 79, 114.80
0, 12422, 100, 79, 106.01
1, 12160, 100, 79, 121.23
0, 12422, 100, 79, 85.13
1, 12160, 0, 77, 51.60
0, 12422, 100, 79, 139.90
1, 12160, 100, 79, 146.51
0, 12422, 100, 79, 138.06
1, 12160, 100, 79, 116.73
0, 12422, 100, 79, 138.08
1, 12160, 95, 79, 59.16
0, 12422, 0, 77, 48.45
1, 12160, 100, 78, 111.72
0, 12422, 0, 77, 47.82
1, 12160, 100, 79, 151.78
0, 12422, 0, 77, 47.43
1, 12160, 100, 79, 141.43
0, 12422, 100, 80, 165.78
1, 12160, 2, 77, 56.44
0, 12422, 100, 79, 113.52
1, 12160, 0, 77, 55.86
0, 12422, 100, 79, 102.07
1, 12160, 0, 77, 55.61
0, 12422, 100, 79, 118.37
1, 12160, 100, 79, 159.61
0, 12422, 100, 79, 109.71
1, 12160, 100, 79, 127.33
0, 12422, 100, 79, 130.33
1, 12160, 92, 79, 56.46
0, 12422, 18, 78, 135.16
1, 12160, 100, 79, 123.38
0, 12422, 100, 79, 108.28
1, 12160, 100, 80, 110.80
0, 12422, 100, 80, 151.92
1, 12160, 100, 80, 114.96
0, 12422, 33, 78, 49.12
1, 12160, 46, 79, 124.12
0, 12422, 100, 79, 95.41
1, 12160, 100, 79, 159.27
0, 12422, 100, 79, 102.72
1, 12160, 100, 80, 185.11
0, 12422, 100, 79, 110.90
1, 12160, 0, 77, 49.62
0, 12422, 0, 77, 50.05
1, 12160, 100, 79, 129.30
0, 12422, 0, 77, 49.60
1, 12160, 100, 79, 131.20
0, 12422, 0, 77, 49.37
1, 12160, 100, 80, 115.13
0, 12854, 100, 80, 148.42
1, 12592, 0, 77, 49.31
0, 12854, 100, 78, 62.05
1, 12592, 0, 77, 49.00
0, 12854, 100, 79, 145.06
1, 12592, 0, 76, 48.35
0, 12854, 100, 79, 169.51
1, 12592, 100, 79, 221.36
0, 12854, 100, 80, 126.36
1, 12592, 100, 79, 156.53
0, 12854, 100, 78, 40.69
1, 12592, 0, 78, 131.32
0, 12854, 100, 78, 113.22
1, 12592, 100, 79, 192.48
0, 12854, 100, 79, 106.76
1, 12592, 100, 79, 118.90
0, 12854, 86, 79, 48.82
1, 12592, 0, 78, 157.67
0, 12854, 100, 79, 115.07
1, 12592, 100, 79, 124.81
0, 12854, 100, 79, 156.05
1, 12592, 100, 79, 96.38
0, 12854, 69, 79, 48.64
1, 12592, 18, 78, 130.99
0, 12854, 0, 77, 48.92
1, 12592, 100, 79, 103.66
0, 12854, 0, 77, 48.38
1, 12592, 100, 79, 150.59
0, 12854, 100, 79, 183.57
1, 12592, 0, 77, 55.91
0, 12854, 100, 79, 128.19
1, 12592, 0, 77, 55.79
0, 12854, 100, 78, 48.58
1, 12592, 0, 78, 158.84
0, 12854, 100, 79, 103.47
1, 12592, 100, 80, 166.61
0, 12854, 100, 79, 104.71
1, 12592, 100, 79, 150.46
0, 12854, 15, 78, 155.04
1, 12592, 100, 79, 121.52
0, 12854, 100, 79, 160.40
1, 12592, 100, 79, 157.25
0, 12854, 100, 80, 161.90
1, 12592, 100, 78, 88.86
0, 12854, 100, 78, 67.33
1, 12592, 0, 77, 54.04
0, 12854, 100, 78, 109.40
1, 12592, 100, 79, 172.12
0, 12854, 100, 79, 128.21
1, 12592, 100, 79, 128.23
0, 12854, 100, 79, 138.17
1, 12592, 0, 77, 51.44
0, 12854, 100, 79, 139.70
1, 12592, 100, 79, 146.77
0, 12854, 100, 79, 106.48
1, 12592, 100, 79, 70.05
0, 12854, 100, 79, 123.48
1, 12592, 78, 78, 50.06
0, 12854, 100, 79, 103.82
1, 12592, 100, 79, 109.36
0, 12854, 100, 79, 119.25
1, 12592, 100, 79, 133.27
0, 12854, 100, 79, 126.52
1, 12592, 0, 78, 49.79
0, 12854, 100, 79, 131.74
1, 12592, 100, 79, 141.40
0, 12854, 100, 79, 105.59
1, 12592, 100, 79, 126.38
0, 12854, 100, 79, 138.18
1, 12592, 0, 78, 50.28
0, 12854, 100, 78, 67.51
1, 12592, 100, 79, 162.30
0, 12854, 100, 79, 100.87
1, 12592, 100, 79, 114.20
0, 12854, 100, 79, 91.83
1, 12592, 71, 79, 54.67
0, 12854, 100, 79, 105.46
1, 12592, 0, 77, 53.67
0, 12854, 100, 79, 105.24
1, 12592, 100, 79, 131.80
0, 12854, 100, 79, 132.40
1, 12592, 100, 79, 106.95
0, 12854, 100, 79, 143.86
1, 12592, 100, 78, 49.76
0, 12854, 0, 78, 158.27
1, 12592, 100, 78, 123.11
0, 12854, 100, 79, 113.96
1, 12592, 100, 79, 126.71
0, 12854, 100, 79, 109.14
1, 12592, 100, 79, 78.63
0, 12854, 97, 79, 54.46
1, 12592, 2, 77, 129.77
0, 12854, 100, 79, 109.24
1, 12592, 100, 79, 109.89
0, 12854, 100, 79, 106.89
1, 12592, 100, 79, 158.22
0, 12854, 100, 79, 109.70
1, 12592, 0, 78, 49.87
0, 12854, 100, 79, 119.61
1, 12592, 100, 79, 144.56
0, 12854, 100, 79, 103.96
1, 12592, 100, 80, 162.37
0, 12854, 100, 79, 67.14
1, 12592, 100, 78, 44.64
0, 12854, 100, 78, 48.44
1, 12592, 0, 78, 123.39
0, 12854, 100, 79, 105.05
1, 12592, 100, 79, 120.60
0, 12854, 100, 79, 103.72
1, 12592, 100, 79, 136.77
0, 12854, 100, 79, 113.78
1, 12592, 0, 78, 49.86
0, 12854, 100, 79, 135.33
1, 12592, 100, 79, 186.96
0, 12854, 100, 79, 143.83
1, 12592, 100, 79, 101.74
0, 12854, 100, 79, 110.19
1, 12592, 100, 79, 120.74
0, 12854, 100, 78, 81.03
1, 12592, 0, 77, 49.19
0, 12854, 100, 79, 102.86
1, 12592, 100, 79, 126.86
0, 12854, 100, 79, 125.30
1, 12592, 100, 80, 157.90
0, 12854, 100, 79, 116.40
1, 12592, 0, 78, 54.65
0, 12854, 0, 79, 115.18
1, 12592, 100, 79, 168.23
0, 12854, 100, 79, 133.06
1, 12592, 100, 79, 131.75
0, 12854, 100, 79, 120.86
1, 12592, 100, 79, 131.89
0, 12854, 100, 79, 103.73
1, 12592, 0, 78, 55.16
0, 12854, 100, 79, 109.19
1, 12592, 100, 79, 177.73
0, 12854, 100, 80, 111.36
1, 12592, 100, 80, 118.04
0, 12854, 100, 79, 74.57
1, 12592, 0, 78, 50.40
0, 12854, 100, 78, 47.67
1, 12592, 0, 78, 122.52
0, 12854, 100, 79, 108.48
1, 12592, 100, 79, 168.04
0, 12854, 100, 79, 108.17
1, 12592, 100, 79, 138.99
0, 12854, 100, 79, 68.06
1, 12592, 0, 78, 54.52
0, 12854, 19, 78, 48.64
1, 12592, 96, 78, 163.27
0, 12854, 100, 79, 121.56
1, 12592, 100, 79, 121.80
0, 12854, 100, 79, 129.63
1, 12592, 100, 79, 104.72
0, 12854, 100, 79, 106.44
1, 12592, 0, 78, 49.61
0, 12854, 100, 79, 143.22
1, 12592, 100, 79, 143.10
0, 12854, 100, 79, 151.10
1, 12592, 100, 79, 108.30
0, 12854, 100, 79, 122.34
1, 12592, 0, 78, 54.88
0, 12854, 0, 79, 104.68
1, 12592, 100, 79, 158.63
0, 12854, 100, 79, 101.94
1, 12592, 100, 79, 128.55
0, 12854, 100, 79, 132.17
1, 12592, 100, 79, 102.38
0, 12854, 100, 79, 108.33
1, 12592, 0, 78, 49.87
0, 12854, 100, 79, 106.35
1, 12592, 100, 79, 112.22
0, 12854, 100, 80, 127.82
1, 12592, 100, 79, 125.80
0, 12854, 100, 79, 106.18
1, 12592, 0, 78, 50.59
0, 12854, 45, 79, 107.46
1, 12592, 100, 79, 124.88
0, 12854, 100, 79, 138.68
1, 12592, 100, 80, 159.82
0, 12854, 100, 80, 103.96
1, 12592, 100, 79, 125.32
0, 12854, 100, 80, 109.05
1, 12592, 0, 78, 49.62
0, 12854, 100, 79, 78.90
1, 12592, 100, 79, 130.83
0, 12854, 100, 79, 100.72
1, 12592, 100, 79, 87.92
0, 12854, 100, 79, 107.90
1, 12592, 100, 79, 80.08
0, 12854, 100, 79, 106.15
1, 12592, 0, 77, 49.14
0, 12854, 100, 79, 135.22
1, 12592, 100, 79, 156.83
0, 12854, 100, 79, 124.10
1, 12592, 100, 79, 164.68
0, 12854, 100, 79, 95.68
1, 12592, 100, 79, 100.84
0, 12854, 100, 79, 107.84
1, 12592, 0, 77, 49.38
0, 12854, 100, 79, 101.76
1, 12592, 100, 79, 125.02
0, 12854, 100, 79, 104.43
1, 12592, 100, 78, 72.46
0, 12854, 100, 79, 104.22
1, 12592, 100, 78, 125.31
0, 12854, 0, 79, 106.82
1, 12592, 100, 79, 102.25
0, 12854, 100, 79, 84.56
1, 12592, 100, 79, 131.32
0, 12854, 100, 79, 115.83
1, 12592, 100, 79, 111.95
0, 12854, 100, 79, 105.65
1, 12592, 0, 77, 49.37
0, 12854, 78, 78, 125.75
1, 12592, 100, 78, 157.42
0, 12854, 100, 79, 105.64
1, 12592, 100, 79, 146.46
0, 12854, 100, 79, 101.74
1, 12592, 100, 80, 127.72
0, 12854, 100, 79, 116.10
1, 12592, 0, 78, 55.81
0, 12854, 95, 79, 120.47
1, 12592, 100, 79, 127.37
0, 12854, 100, 79, 103.58
1, 12592, 100, 79, 89.44
0, 12854, 100, 79, 105.74
1, 12592, 100, 79, 100.35
0, 12854, 100, 79, 49.75
1, 12592, 0, 78, 166.86
0, 12854, 100, 79, 146.79
1, 12592, 100, 79, 133.69
0, 12854, 100, 79, 133.61
1, 12592, 100, 78, 67.28
0, 12854, 100, 78, 65.76
1, 12592, 100, 79, 105.51
0, 12854, 100, 79, 128.52
1, 12592, 0, 77, 48.85
0, 12854, 100, 79, 112.36
1, 12592, 100, 79, 173.84
0, 12854, 100, 79, 144.49
1, 12592, 100, 79, 112.75
0, 12854, 100, 80, 125.91
1, 12592, 8, 78, 50.34
0, 12854, 33, 80, 119.01
1, 12592, 100, 79, 138.16
0, 12854, 100, 79, 76.68
1, 12592, 100, 79, 155.32
0, 12854, 100, 79, 86.37
1, 12592, 100, 79, 110.91
0, 12854, 100, 79, 105.72
1, 12592, 0, 77, 49.38
0, 12854, 0, 78, 49.99
1, 12592, 79, 78, 182.26
0, 12854, 0, 77, 49.08
1, 12592, 100, 80, 128.83
0, 12854, 0, 77, 48.94
1, 12592, 100, 79, 102.94
0, 12854, 0, 76, 47.32
1, 12592, 0, 78, 52.36
0, 12854, 100, 78, 165.20
1, 12592, 0, 77, 55.65
0, 12854, 100, 79, 119.65
1, 12592, 0, 77, 55.57
0, 12854, 100, 79, 129.72
1, 12592, 0, 77, 55.60
0, 12854, 0, 78, 52.84
1, 12592, 100, 78, 196.87
0, 12854, 100, 79, 124.90
1, 12592, 100, 79, 177.85
0, 12854, 100, 79, 105.59
1, 12592, 100, 80, 129.29
0, 12854, 100, 79, 107.30
1, 12592, 0, 78, 53.91
0, 12854, 100, 79, 107.62
1, 12592, 100, 79, 144.49
0, 12854, 100, 79, 151.72
1, 12592, 100, 79, 108.95
0, 12854, 100, 79, 94.19
1, 12592, 100, 79, 53.22
0, 12854, 100, 78, 48.17
1, 12592, 0, 78, 124.10
0, 12854, 100, 79, 104.83
1, 12592, 100, 80, 125.74
0, 12854, 100, 79, 104.19
1, 12592, 100, 79, 116.78
0, 12854, 100, 79, 106.15
1, 12592, 0, 78, 50.11
0, 12854, 0, 78, 48.42
1, 12592, 100, 78, 114.34
0, 12854, 0, 77, 47.87
1, 12592, 100, 79, 137.84
0, 12854, 0, 76, 47.44
1, 12592, 100, 80, 119.40
0, 12854, 26, 77, 134.37
1, 12592, 64, 78, 56.98
0, 12854, 100, 79, 110.60
1, 12592, 0, 77, 56.08
0, 12854, 100, 79, 104.15
1, 12592, 0, 77, 55.84
0, 12854, 84, 79, 51.19
1, 12592, 0, 77, 202.21
0, 12854, 100, 79, 131.95
1, 12592, 100, 79, 188.48
0, 12854, 100, 79, 136.54
1, 12592, 100, 79, 157.01
0, 12854, 100, 79, 134.69
1, 12592, 15, 78, 50.00
0, 12854, 73, 79, 115.38
1, 12592, 100, 78, 103.82
0, 12854, 100, 79, 148.29
1, 12592, 100, 79, 152.63
0, 12854, 100, 79, 110.64
1, 12592, 100, 79, 110.07
0, 12854, 100, 79, 49.56
1, 12592, 0, 78, 134.09
0, 12854, 100, 79, 161.94
1, 12592, 100, 79, 177.10
0, 12854, 100, 79, 111.05
1, 12592, 100, 80, 180.54
0, 12854, 100, 79, 105.62
1, 12592, 0, 78, 56.09
0, 12854, 0, 78, 49.78
1, 12592, 100, 79, 139.01
0, 12854, 0, 77, 48.88
1, 12592, 100, 79, 136.17
0, 12854, 0, 77, 48.88
1, 12592, 100, 79, 131.84
0, 13431, 100, 79, 165.76
1, 13169, 0, 78, 55.98
0, 13431, 100, 79, 145.97
1, 13169, 0, 77, 55.23
0, 13431, 75, 79, 51.98
1, 13169, 73, 78, 135.46
0, 13431, 100, 79, 128.03
1, 13169, 100, 80, 138.42
0, 13431, 100, 79, 64.53
1, 13169, 100, 79, 109.13
0, 13431, 100, 78, 125.16
1, 13169, 0, 77, 49.07
0, 13431, 100, 79, 107.59
1, 13169, 100, 79, 139.74
0, 13431, 100, 80, 128.71
1, 13169, 100, 79, 145.12
0, 13431, 100, 79, 153.79
1, 13169, 0, 78, 56.20
0, 13431, 100, 80, 108.41
1, 13169, 100, 80, 129.27
0, 13431, 100, 79, 68.60
1, 13169, 100, 79, 145.70
0, 13431, 100, 78, 103.97
1, 13169, 0, 78, 49.58
0, 13431, 0, 78, 48.55
1, 13169, 100, 78, 180.59
0, 13431, 0, 77, 47.82
1, 13169, 100, 80, 166.52
0, 13431, 0, 77, 47.52
1, 13169, 100, 79, 83.14
0, 13431, 100, 80, 122.13
1, 13169, 0, 77, 49.33
0, 13431, 100, 79, 118.59
1, 13169, 0, 77, 48.89
0, 13431, 0, 79, 115.95
1, 13169, 100, 78, 187.23
0, 13431, 100, 79, 132.45
1, 13169, 100, 80, 210.99
0, 13431, 100, 79, 138.41
1, 13169, 72, 78, 53.61
0, 13431, 100, 79, 106.06
1, 13169, 100, 79, 154.98
0, 13431, 100, 79, 133.95
1, 13169, 100, 79, 143.33
0, 13431, 100, 79, 145.14
1, 13169, 100, 78, 106.57
0, 13431, 100, 79, 126.88
1, 13169, 100, 78, 138.65
0, 13431, 100, 79, 93.91
1, 13169, 100, 79, 140.37
0, 13431, 100, 79, 102.59
1, 13169, 0, 78, 50.11
0, 13431, 13, 78, 48.79
1, 13169, 100, 78, 174.92
0, 13431, 100, 79, 105.17
1, 13169, 100, 79, 178.26
0, 13431, 100, 79, 113.71
1, 13169, 100, 79, 123.79
0, 13431, 100, 78, 48.90
1, 13169, 45, 78, 108.25
0, 13431, 100, 79, 149.75
1, 13169, 100, 79, 124.18
0, 13431, 100, 79, 123.24
1, 13169, 100, 80, 135.91
0, 13431, 97, 79, 45.65
1, 13169, 0, 78, 169.18
0, 13431, 100, 79, 134.18
1, 13169, 100, 79, 162.29
0, 13431, 100, 79, 132.76
1, 13169, 100, 79, 108.40
0, 13431, 100, 79, 135.87
1, 13169, 0, 78, 49.81
0, 13431, 100, 79, 121.20
1, 13169, 100, 79, 126.65
0, 13431, 100, 79, 102.96
1, 13169, 100, 80, 141.52
0, 13431, 100, 79, 103.54
1, 13169, 0, 78, 52.01
0, 13431, 49, 79, 161.63
1, 13169, 100, 79, 110.12
0, 13431, 100, 79, 56.17
1, 13169, 100, 79, 93.63
0, 13431, 100, 78, 75.63
1, 13169, 100, 79, 115.28
0, 13431, 100, 79, 105.23
1, 13169, 0, 77, 49.13
0, 13431, 69, 79, 107.49
1, 13169, 100, 79, 157.74
0, 13431, 100, 79, 136.39
1, 13169, 100, 80, 143.41
0, 13431, 100, 79, 113.83
1, 13169, 100, 79, 130.39
0, 13431, 81, 78, 48.83
1, 13169, 76, 78, 169.65
0, 13431, 100, 79, 123.11
1, 13169, 100, 79, 175.88
0, 13431, 100, 79, 119.70
1, 13169, 100, 80, 178.12
0, 13431, 100, 79, 105.90
1, 13169, 0, 78, 54.19
0, 13431, 78, 79, 104.65
1, 13169, 100, 79, 105.86
0, 13431, 100, 79, 103.50
1, 13169, 100, 79, 162.00
0, 13431, 100, 79, 103.23
1, 13169, 100, 79, 81.08
0, 13431, 0, 78, 50.57
1, 13169, 89, 79, 118.64
0, 13431, 100, 79, 102.27
1, 13169, 100, 79, 114.11
0, 13431, 100, 79, 107.39
1, 13169, 100, 79, 98.67
0, 13431, 100, 79, 104.69
1, 13169, 0, 78, 49.86
0, 13431, 100, 78, 73.31
1, 13169, 100, 79, 153.33
0, 13431, 100, 79, 113.95
1, 13169, 100, 79, 131.82
0, 13431, 100, 79, 91.60
1, 13169, 0, 78, 50.14
0, 13431, 100, 79, 113.05
1, 13169, 0, 77, 49.10
0, 13431, 100, 79, 107.01
1, 13169, 100, 79, 137.05
0, 13431, 100, 79, 131.54
1, 13169, 100, 79, 102.20
0, 13431, 100, 79, 117.09
1, 13169, 100, 78, 99.30
0, 13431, 57, 79, 108.70
1, 13169, 100, 79, 152.58
0, 13431, 100, 79, 110.25
1, 13169, 100, 79, 161.20
0, 13431, 100, 80, 127.72
1, 13169, 100, 79, 115.77
0, 13431, 72, 79, 51.74
1, 13169, 0, 79, 127.95
0, 13431, 100, 79, 132.81
1, 13169, 100, 79, 167.82
0, 13431, 100, 80, 118.08
1, 13169, 100, 79, 103.93
0, 13431, 100, 80, 107.36
1, 13169, 0, 78, 50.11
0, 13431, 100, 79, 118.18
1, 13169, 100, 79, 116.51
0, 13431, 100, 79, 102.57
1, 13169, 100, 79, 162.72
0, 13431, 100, 79, 96.86
1, 13169, 100, 79, 57.11
0, 13431, 100, 79, 84.89
1, 13169, 0, 77, 49.42
0, 13431, 100, 79, 103.97
1, 13169, 100, 79, 122.92
0, 13431, 100, 79, 125.74
1, 13169, 100, 79, 120.38
0, 13431, 100, 79, 106.87
1, 13169, 41, 78, 52.04
0, 13431, 0, 79, 103.83
1, 13169, 100, 79, 137.99
0, 13431, 100, 79, 129.38
1, 13169, 100, 79, 168.17
0, 13431, 100, 79, 101.42
1, 13169, 100, 79, 159.17
0, 13431, 100, 79, 102.75
1, 13169, 0, 78, 54.65
0, 13431, 100, 79, 121.67
1, 13169, 100, 79, 164.97
0, 13431, 100, 79, 103.46
1, 13169, 100, 80, 126.66
0, 13431, 100, 79, 109.19
1, 13169, 100, 79, 65.50
0, 13431, 72, 79, 48.94
1, 13169, 0, 78, 103.47
0, 13431, 100, 79, 106.60
1, 13169, 100, 79, 116.32
0, 13431, 100, 79, 122.02
1, 13169, 100, 79, 116.19
0, 13431, 100, 79, 103.00
1, 13169, 0, 78, 55.63
0, 13431, 46, 79, 105.86
1, 13169, 100, 79, 120.51
0, 13431, 100, 79, 133.06
1, 13169, 100, 80, 159.77
0, 13431, 100, 79, 113.23
1, 13169, 100, 78, 103.31
0, 13431, 100, 79, 99.51
1, 13169, 0, 78, 50.83
0, 13431, 100, 79, 98.46
1, 13169, 100, 79, 126.51
0, 13431, 100, 79, 92.83
1, 13169, 100, 79, 111.15
0, 13431, 100, 79, 96.58
1, 13169, 0, 78, 50.36
0, 13431, 100, 79, 73.76
1, 13169, 0, 77, 96.14
0, 13431, 100, 79, 105.65
1, 13169, 100, 79, 176.24
0, 13431, 100, 79, 104.52
1, 13169, 100, 79, 94.43
0, 13431, 100, 79, 109.50
1, 13169, 100, 78, 96.33
0, 13431, 0, 78, 139.70
1, 13169, 100, 78, 106.91
0, 13431, 100, 79, 134.06
1, 13169, 100, 79, 118.09
0, 13431, 100, 79, 117.00
1, 13169, 100, 79, 156.03
0, 13431, 100, 79, 103.33
1, 13169, 0, 78, 49.63
0, 13431, 0, 78, 48.28
1, 13169, 100, 77, 67.57
0, 13431, 100, 80, 107.20
1, 13169, 100, 78, 132.05
0, 13431, 100, 78, 68.54
1, 13169, 100, 79, 135.91
0, 13431, 100, 79, 101.10
1, 13169, 0, 78, 49.88
0, 13431, 100, 79, 91.63
1, 13169, 0, 77, 75.86
0, 13431, 100, 79, 109.18
1, 13169, 100, 79, 173.75
0, 13431, 100, 79, 124.77
1, 13169, 100, 80, 159.59
0, 13431, 100, 79, 108.25
1, 13169, 42, 78, 55.13
0, 13431, 22, 79, 134.55
1, 13169, 100, 79, 123.55
0, 13431, 100, 79, 108.95
1, 13169, 100, 79, 127.32
0, 13431, 100, 80, 105.85
1, 13169, 100, 79, 134.29
0, 13431, 100, 79, 105.17
1, 13169, 0, 77, 49.61
0, 13431, 100, 79, 100.18
1, 13169, 100, 79, 169.42
0, 13431, 100, 79, 93.08
1, 13169, 100, 79, 156.17
0, 13431, 100, 79, 101.57
1, 13169, 100, 78, 68.62
0, 13431, 100, 79, 101.65
1, 13169, 0, 77, 49.15
0, 13431, 100, 79, 136.69
1, 13169, 100, 79, 159.54
0, 13431, 100, 79, 103.82
1, 13169, 100, 79, 159.85
0, 13431, 100, 79, 105.55
1, 13169, 100, 79, 61.15
0, 13431, 21, 78, 49.07
1, 13169, 60, 79, 145.43
0, 13431, 100, 80, 108.18
1, 13169, 100, 79, 138.75
0, 13431, 100, 79, 81.10
1, 13169, 100, 79, 106.90
0, 13431, 100, 79, 101.14
1, 13169, 0, 78, 49.86
0, 13431, 4, 78, 49.12
1, 13169, 77, 78, 129.57
0, 13431, 100, 79, 105.06
1, 13169, 100, 79, 138.19
0, 13431, 100, 79, 105.64
1, 13169, 100, 79, 102.50
0, 13431, 100, 79, 107.13
1, 13169, 12, 78, 50.11
0, 13431, 46, 79, 105.91
1, 13169, 100, 79, 145.39
0, 13431, 100, 79, 114.64
1, 13169, 100, 79, 170.44
0, 13431, 100, 79, 57.37
1, 13169, 100, 79, 109.65
0, 13431, 100, 78, 81.98
1, 13169, 0, 78, 54.46
0, 13431, 94, 78, 48.87
1, 13169, 86, 78, 128.19
0, 13431, 100, 79, 147.36
1, 13169, 100, 79, 127.68
0, 13431, 100, 79, 109.70
1, 13169, 100, 80, 113.42
0, 13431, 100, 78, 56.90
1, 13169, 100, 79, 101.56
0, 13431, 100, 78, 50.59
1, 13169, 0, 77, 139.99
0, 13431, 100, 79, 106.50
1, 13169, 100, 79, 128.98
0, 13431, 100, 79, 105.43
1, 13169, 100, 80, 100.34
0, 13431, 100, 79, 108.07
1, 13169, 100, 78, 97.95
0, 13431, 0, 78, 113.51
1, 13169, 100, 79, 157.75
0, 13431, 100, 79, 125.80
1, 13169, 100, 79, 121.90
0, 13431, 100, 79, 117.52
1, 13169, 100, 79, 127.33
0, 13431, 100, 79, 108.27
1, 13169, 0, 78, 56.33
0, 13431, 100, 80, 115.19
1, 13169, 100, 80, 136.61
0, 13431, 100, 78, 55.68
1, 13169, 100, 79, 105.35
0, 13431, 100, 79, 113.22
1, 13169, 100, 79, 122.29
0, 13431, 100, 79, 105.44
1, 13169, 0, 77, 49.39
0, 13431, 100, 79, 142.31
1, 13169, 100, 79, 139.63
0, 13431, 100, 79, 133.25
1, 13169, 100, 79, 123.10
0, 13431, 100, 79, 133.48
1, 13169, 100, 78, 95.05
0, 13431, 100, 79, 133.47
1, 13169, 0, 78, 53.37
0, 13431, 100, 79, 142.91
1, 13169, 100, 79, 130.57
0, 13431, 100, 79, 128.57
1, 13169, 100, 79, 109.50
0, 13431, 100, 80, 107.60
1, 13169, 100, 79, 50.07
0, 13431, 100, 78, 45.04
1, 13169, 0, 78, 127.77
0, 13431, 100, 79, 91.98
1, 13169, 100, 79, 123.63
0, 13431, 100, 79, 95.10
1, 13169, 100, 78, 62.89
0, 13431, 100, 79, 131.63
1, 13169, 100, 79, 120.71
0, 13431, 100, 79, 107.81
1, 13169, 0, 77, 53.91
0, 13431, 100, 79, 107.93
1, 13169, 100, 79, 131.30
0, 13431, 100, 79, 146.22
1, 13169, 100, 79, 102.39
0, 13431, 100, 79, 127.49
1, 13169, 100, 79, 104.11
0, 13431, 35, 78, 49.12
1, 13169, 54, 78, 140.60
0, 13431, 100, 79, 101.42
1, 13169, 100, 79, 164.51
0, 13431, 100, 79, 109.35
1, 13169, 100, 79, 118.17
0, 13431, 100, 78, 76.73
1, 13169, 0, 78, 50.16
0, 13431, 100, 79, 100.92
1, 13169, 0, 77, 49.44
0, 13431, 100, 79, 99.60
1, 13169, 100, 80, 175.12
0, 13431, 100, 79, 102.28
1, 13169, 100, 80, 156.40
0, 13431, 100, 79, 121.62
1, 13169, 84, 79, 51.47
0, 13431, 100, 79, 124.20
1, 13169, 0, 77, 50.52
0, 13431, 100, 79, 122.13
1, 13169, 100, 79, 134.13
0, 13431, 100, 79, 98.40
1, 13169, 100, 80, 124.08
0, 13431, 100, 79, 116.25
1, 13169, 100, 78, 69.24
0, 13431, 67, 78, 54.01
1, 13169, 100, 78, 97.23
0, 13431, 100, 79, 117.05
1, 13169, 100, 79, 108.32
0, 13431, 100, 79, 142.46
1, 13169, 100, 79, 104.80
0, 13431, 100, 78, 67.57
1, 13169, 52, 78, 55.50
0, 13431, 100, 78, 99.99
1, 13169, 0, 77, 54.94
0, 13431, 100, 79, 134.18
1, 13169, 100, 79, 130.46
0, 13431, 100, 79, 105.88
1, 13169, 100, 79, 128.02
0, 13431, 100, 79, 134.77
1, 13169, 100, 79, 123.36
0, 13431, 94, 79, 48.88
1, 13169, 0, 78, 145.67
0, 13431, 100, 79, 147.78
1, 13169, 100, 79, 166.92
0, 13431, 100, 78, 62.90
1, 13169, 100, 79, 115.51
0, 13431, 100, 79, 103.37
1, 13169, 100, 78, 50.59
0, 13431, 100, 79, 128.76
1, 13169, 0, 77, 49.09
0, 13431, 100, 79, 124.88
1, 13169, 100, 79, 190.65
0, 13431, 100, 79, 107.53
1, 13169, 100, 79, 107.25
0, 13431, 100, 79, 114.60
1, 13169, 100, 79, 109.26
0, 13431, 100, 79, 117.05
1, 13169, 0, 78, 56.30
0, 13431, 100, 79, 105.80
1, 13169, 100, 79, 129.55
0, 13431, 100, 79, 115.62
1, 13169, 100, 79, 162.36
0, 13431, 100, 79, 111.34
1, 13169, 100, 79, 113.38
0, 13431, 100, 79, 49.03
1, 13169, 0, 78, 160.05
0, 13431, 100, 79, 114.11
1, 13169, 100, 79, 123.34
0, 13431, 100, 80, 112.74
1, 13169, 100, 80, 159.33
0, 13431, 100, 79, 91.79
1, 13169, 66, 79, 53.98
0, 13431, 100, 79, 100.16
1, 13169, 0, 77, 52.28
0, 13431, 100, 79, 103.76
1, 13169, 100, 79, 169.04
0, 13431, 100, 79, 132.95
1, 13169, 100, 80, 129.91
0, 13431, 100, 79, 132.76
1, 13169, 100, 78, 88.58
0, 13431, 100, 79, 103.09
1, 13169, 0, 77, 49.67
0, 13431, 100, 79, 106.48
1, 13169, 100, 79, 133.23
0, 13431, 100, 80, 110.75
1, 13169, 100, 79, 139.58
0, 13431, 100, 79, 101.33
1, 13169, 100, 80, 109.63
0, 13431, 100, 79, 55.67
1, 13169, 0, 77, 138.72
0, 13431, 100, 79, 114.64
1, 13169, 100, 79, 147.79
0, 13431, 100, 79, 110.78
1, 13169, 100, 79, 76.76
0, 13431, 100, 78, 61.22
1, 13169, 100, 79, 80.22
0, 13431, 100, 79, 126.84
1, 13169, 0, 77, 49.60
0, 13431, 73, 78, 118.16
1, 13169, 100, 79, 126.21
0, 13431, 100, 79, 129.02
1, 13169, 100, 79, 122.15
0, 13431, 100, 79, 113.19
1, 13169, 100, 78, 67.78
0, 13431, 100, 79, 108.59
1, 13169, 100, 78, 49.13
0, 13431, 100, 79, 116.83
1, 13169, 100, 79, 166.65
0, 13431, 100, 80, 105.32
1, 13169, 100, 79, 115.32
0, 13431, 100, 79, 74.79
1, 13169, 100, 79, 155.80
0, 13431, 100, 79, 105.47
1, 13169, 0, 77, 49.37
0, 13431, 0, 78, 51.44
1, 13169, 100, 79, 153.90
0, 13431, 100, 79, 106.10
1, 13169, 100, 80, 178.44
0, 13431, 100, 79, 111.36
1, 13169, 100, 79, 111.51
0, 13431, 100, 79, 110.19
1, 13169, 0, 78, 50.57
0, 13431, 0, 78, 116.76
1, 13169, 100, 79, 117.01
0, 13431, 100, 79, 107.74
1, 13169, 100, 80, 110.82
0, 13431, 100, 79, 99.72
1, 13169, 100, 79, 102.03
0, 13431, 100, 79, 105.89
1, 13169, 82, 78, 50.29
0, 13431, 68, 79, 133.46
1, 13169, 100, 79, 127.43
0, 13431, 100, 79, 111.04
1, 13169, 100, 79, 109.85
0, 13431, 100, 79, 107.12
1, 13169, 100, 79, 108.18
0, 13431, 100, 80, 107.36
1, 13169, 0, 78, 49.87
0, 13431, 100, 79, 117.18
1, 13169, 100, 79, 126.30
0, 13431, 100, 79, 120.19
1, 13169, 100, 79, 107.48
0, 13431, 100, 79, 107.81
1, 13169, 100, 79, 110.08
0, 13431, 100, 79, 101.32
1, 13169, 0, 78, 56.10
0, 13431, 40, 78, 49.11
1, 13169, 72, 78, 131.49
0, 13431, 100, 79, 143.48
1, 13169, 100, 79, 168.32
0, 13431, 100, 79, 107.96
1, 13169, 100, 79, 120.35
0, 13431, 100, 78, 89.66
1, 13169, 6, 79, 51.12
0, 13431, 100, 79, 127.80
1, 13169, 0, 77, 49.37
0, 13431, 100, 79, 111.79
1, 13169, 100, 79, 118.84
0, 13431, 100, 79, 124.66
1, 13169, 100, 79, 89.74
0, 13431, 100, 79, 106.96
1, 13169, 100, 79, 133.80
0, 13431, 100, 79, 144.82
1, 13169, 0, 78, 49.55
0, 13431, 100, 79, 106.61
1, 13169, 100, 79, 109.42
0, 13431, 100, 79, 84.32
1, 13169, 100, 79, 158.80
0, 13431, 100, 78, 87.29
1, 13169, 100, 79, 172.28
0, 13431, 100, 79, 94.00
1, 13169, 0, 77, 49.16
0, 13431, 0, 78, 48.68
1, 13169, 100, 78, 109.69
0, 13431, 100, 79, 112.11
1, 13169, 100, 79, 116.98
0, 13431, 100, 79, 137.11
1, 13169, 100, 79, 149.26
0, 13431, 100, 80, 110.19
1, 13169, 0, 78, 50.57
0, 13431, 100, 78, 82.44
1, 13169, 0, 77, 49.15
0, 13431, 0, 77, 47.87
1, 13169, 100, 79, 160.18
0, 13431, 0, 77, 47.68
1, 13169, 100, 79, 121.06
0, 13431, 0, 76, 47.48
1, 13169, 100, 79, 107.28
0, 13431, 0, 76, 47.33
1, 13169, 0, 78, 49.49
0, 13431, 30, 76, 47.31
1, 13169, 57, 77, 56.47
0, 13431, 100, 80, 197.96
1, 13169, 8, 76, 55.66
0, 13431, 100, 79, 118.97
1, 13169, 0, 76, 55.58
0, 13431, 100, 79, 127.28
1, 13169, 0, 76, 48.39
0, 13431, 15, 79, 168.08
1, 13169, 100, 78, 202.26
0, 13431, 100, 80, 115.27
1, 13169, 100, 80, 212.18
0, 13431, 100, 78, 101.99
1, 13169, 100, 79, 115.27
0, 13431, 100, 79, 112.09
1, 13169, 0, 77, 49.59
0, 13431, 100, 79, 52.28
1, 13169, 0, 77, 147.46
0, 13431, 100, 79, 151.05
1, 13169, 100, 80, 136.87
0, 13431, 100, 79, 79.73
1, 13169, 100, 79, 153.20
0, 13431, 100, 79, 118.47
1, 13169, 100, 78, 108.01
0, 13431, 100, 79, 102.31
1, 13169, 0, 77, 48.89
0, 13431, 100, 79, 145.91
1, 13169, 100, 78, 158.40
0, 13431, 100, 79, 126.91
1, 13169, 100, 79, 139.82
0, 13431, 100, 79, 107.30
1, 13169, 100, 79, 129.26
0, 13431, 100, 79, 107.57
1, 13169, 0, 77, 54.42
0, 13431, 0, 77, 48.14
1, 13169, 100, 79, 136.21
0, 13431, 0, 77, 47.64
1, 13169, 100, 79, 152.18
0, 13431, 0, 76, 47.42
1, 13169, 100, 79, 130.29
0, 13431, 23, 76, 47.32
1, 13169, 84, 78, 57.68
0, 13431, 100, 80, 154.79
1, 13169, 7, 77, 56.19
0, 13431, 100, 79, 114.73
1, 13169, 0, 77, 55.62
0, 13431, 100, 79, 117.96
1, 13169, 0, 76, 55.34
0, 13431, 0, 78, 54.03
1, 13169, 100, 78, 179.64
0, 13431, 100, 79, 128.87
1, 13169, 100, 79, 156.49
0, 13431, 100, 79, 113.04
1, 13169, 100, 79, 106.07
0, 13431, 100, 79, 111.87
1, 13169, 21, 77, 49.87
0, 13431, 6, 79, 113.15
1, 13169, 100, 78, 120.95
0, 13431, 100, 80, 106.00
1, 13169, 100, 79, 140.41
0, 13431, 100, 79, 82.15
1, 13169, 100, 79, 139.13
0, 13431, 100, 78, 83.92
1, 13169, 0, 77, 49.67
0, 13431, 0, 78, 53.56
1, 13169, 100, 79, 177.37
0, 13431, 100, 79, 147.36
1, 13169, 100, 79, 131.27
0, 13431, 100, 79, 119.57
1, 13169, 100, 80, 165.47
0, 13431, 100, 80, 116.62
1, 13169, 15, 78, 50.80
0, 13431, 0, 78, 49.01
1, 13169, 100, 79, 160.51
0, 13431, 0, 77, 47.92
1, 13169, 100, 79, 117.71
0, 13431, 0, 76, 47.67
1, 13169, 100, 79, 120.11
0, 289, 33, 76, 49.98
1, 289, 99, 78, 59.11
0, 289, 0, 76, 54.31
1, 289, 0, 77, 55.97
0, 289, 0, 76, 54.31
1, 289, 0, 77, 55.73
