0, 9, 0, 73, 55.32
1, 9, 0, 73, 46.35
0, 265, 0, 73, 55.52
1, 265, 0, 72, 45.84
0, 265, 0, 72, 55.32
1, 265, 0, 72, 44.87
0, 265, 0, 72, 55.07
1, 265, 0, 71, 44.63
0, 265, 0, 71, 51.23
1, 265, 0, 71, 44.41
0, 7303, 26, 71, 51.93
1, 7012, 0, 70, 44.41
0, 7303, 27, 71, 51.72
1, 7012, 0, 70, 44.17
0, 7303, 0, 70, 44.20
1, 7012, 97, 70, 51.67
0, 7303, 0, 70, 44.20
1, 7012, 98, 70, 51.66
0, 10847, 21, 71, 139.81
1, 11794, 0, 70, 50.48
0, 10847, 0, 72, 182.67
1, 11940, 99, 71, 54.67
0, 10847, 100, 76, 194.61
1, 11940, 100, 73, 182.98
0, 10847, 100, 76, 196.26
1, 11940, 100, 74, 73.72
0, 10847, 100, 77, 195.04
1, 11940, 100, 75, 186.39
0, 10847, 100, 77, 196.80
1, 11940, 100, 75, 188.05
0, 10847, 100, 78, 167.52
1, 11940, 96, 75, 185.52
0, 10847, 99, 78, 197.46
1, 11940, 93, 75, 162.49
0, 10847, 100, 78, 175.82
1, 11940, 100, 76, 186.06
0, 10847, 100, 78, 195.38
1, 11940, 100, 76, 173.11
0, 10847, 100, 79, 195.61
1, 11940, 100, 76, 160.91
0, 10847, 100, 79, 192.82
1, 11940, 100, 77, 188.23
0, 10847, 99, 79, 169.08
1, 11940, 86, 77, 188.02
0, 10847, 100, 79, 136.04
1, 11940, 100, 77, 186.28
0, 10847, 99, 79, 162.30
1, 11940, 82, 77, 186.56
0, 10847, 100, 79, 142.58
1, 11940, 100, 77, 187.67
0, 10847, 100, 79, 168.33
1, 11940, 100, 77, 160.35
0, 10847, 100, 79, 165.62
1, 11940, 100, 78, 184.84
0, 10847, 100, 79, 162.75
1, 11940, 95, 77, 143.23
0, 10847, 99, 79, 162.38
1, 11940, 100, 78, 187.72
0, 10847, 100, 80, 128.97
1, 11940, 100, 78, 189.41
0, 10847, 99, 79, 151.36
1, 11940, 81, 78, 159.11
0, 10847, 100, 79, 115.54
1, 11940, 100, 79, 188.15
0, 10847, 100, 79, 141.73
1, 11940, 100, 79, 188.21
0, 10847, 100, 79, 155.98
1, 11940, 100, 79, 148.43
0, 10847, 99, 79, 150.15
1, 11940, 87, 79, 141.49
0, 10847, 100, 79, 160.15
1, 11940, 100, 79, 169.93
0, 10847, 100, 79, 149.82
1, 11940, 100, 79, 190.90
0, 10847, 100, 79, 158.19
1, 11940, 100, 79, 147.76
0, 10847, 100, 79, 141.33
1, 11940, 100, 79, 158.95
0, 10847, 99, 79, 139.89
1, 11940, 85, 79, 155.81
0, 10847, 100, 79, 117.04
1, 11940, 88, 79, 164.55
0, 10847, 100, 79, 137.95
1, 11940, 100, 79, 143.20
0, 10847, 100, 79, 134.60
1, 11940, 100, 79, 170.58
0, 10847, 100, 79, 117.65
1, 11940, 100, 79, 169.16
0, 10847, 100, 79, 111.44
1, 11940, 100, 79, 150.03
0, 10847, 100, 79, 137.70
1, 11940, 100, 79, 143.85
0, 10847, 100, 79, 140.93
1, 11940, 100, 79, 156.27
0, 10847, 99, 79, 137.42
1, 11940, 100, 79, 137.12
0, 10847, 99, 79, 139.25
1, 11940, 100, 79, 129.81
0, 10847, 100, 79, 119.58
1, 11940, 100, 79, 132.00
0, 10847, 100, 79, 117.73
1, 11940, 100, 79, 129.45
0, 10847, 100, 79, 128.11
1, 11940, 100, 79, 135.46
0, 10847, 100, 79, 127.15
1, 11940, 100, 79, 135.46
0, 10847, 100, 79, 132.58
1, 11940, 100, 79, 130.23
0, 10847, 100, 79, 152.55
1, 11940, 100, 79, 116.26
0, 10847, 100, 79, 127.18
1, 11940, 100, 79, 129.36
0, 10847, 75, 79, 120.87
1, 11940, 100, 79, 122.10
0, 10847, 22, 79, 140.04
1, 11940, 100, 78, 113.19
0, 10847, 92, 78, 148.36
1, 11940, 100, 79, 133.47
0, 10847, 100, 78, 50.60
1, 11940, 100, 79, 136.46
0, 10847, 100, 80, 147.95
1, 11940, 100, 79, 129.51
0, 10847, 100, 79, 130.06
1, 11940, 100, 79, 117.53
0, 10847, 100, 79, 118.86
1, 11940, 100, 79, 132.48
0, 10847, 100, 79, 138.45
1, 11940, 100, 79, 125.58
0, 10847, 100, 79, 134.87
1, 11940, 100, 79, 135.89
0, 10847, 87, 79, 118.23
1, 11940, 100, 79, 118.77
0, 10847, 47, 79, 138.41
1, 11940, 100, 79, 142.65
0, 10847, 100, 79, 78.85
1, 11940, 100, 79, 149.79
0, 10847, 100, 79, 141.11
1, 11940, 100, 79, 120.46
0, 10847, 100, 79, 117.85
1, 11940, 100, 79, 143.04
0, 10847, 100, 79, 142.73
1, 11940, 100, 79, 134.09
0, 10847, 100, 79, 129.54
1, 11940, 100, 79, 131.60
0, 10847, 31, 79, 138.42
1, 11940, 100, 79, 137.12
0, 10847, 100, 78, 71.22
1, 11940, 100, 79, 135.84
0, 10847, 100, 79, 132.88
1, 11940, 100, 79, 138.11
0, 10847, 100, 79, 127.15
1, 11940, 100, 79, 136.01
0, 10847, 100, 79, 135.34
1, 11940, 100, 79, 138.70
0, 10847, 100, 79, 127.49
1, 11940, 100, 79, 157.98
0, 10847, 55, 79, 131.63
1, 11940, 100, 79, 121.81
0, 10847, 100, 79, 55.59
1, 11940, 100, 79, 153.60
0, 10847, 100, 79, 131.48
1, 11940, 100, 79, 124.62
0, 10847, 100, 79, 126.41
1, 11940, 100, 79, 141.12
0, 10847, 100, 79, 127.73
1, 11940, 100, 79, 157.97
0, 10847, 23, 79, 129.12
1, 11940, 100, 79, 125.19
0, 10847, 100, 79, 129.39
1, 11940, 100, 80, 112.39
0, 10847, 100, 79, 124.27
1, 11940, 100, 79, 147.57
0, 10847, 100, 79, 137.71
1, 11940, 100, 79, 120.80
0, 10847, 100, 79, 127.50
1, 11940, 100, 79, 120.64
0, 10847, 56, 78, 53.95
1, 11940, 100, 79, 108.27
0, 10847, 100, 79, 128.48
1, 11940, 100, 79, 121.55
0, 10847, 100, 79, 139.52
1, 11940, 100, 79, 121.61
0, 10847, 11, 78, 129.08
1, 11940, 100, 79, 126.25
0, 10847, 100, 79, 143.38
1, 11940, 100, 79, 123.39
0, 10847, 100, 79, 139.99
1, 11940, 100, 79, 128.66
0, 10847, 100, 79, 130.53
1, 11940, 100, 79, 124.14
0, 10847, 68, 78, 53.43
1, 11940, 100, 79, 136.27
0, 10847, 100, 79, 136.38
1, 11940, 100, 79, 135.24
0, 10847, 100, 79, 121.35
1, 11940, 100, 79, 116.07
0, 10847, 0, 79, 135.92
1, 11940, 100, 79, 117.69
0, 10847, 100, 80, 137.85
1, 11940, 100, 79, 120.84
0, 10847, 100, 79, 145.60
1, 11940, 100, 79, 134.20
0, 10847, 74, 79, 117.03
1, 11940, 100, 79, 121.39
0, 10847, 100, 79, 53.46
1, 11940, 100, 79, 135.07
0, 10847, 100, 79, 121.20
1, 11940, 100, 79, 140.23
0, 10847, 100, 79, 135.03
1, 11940, 100, 79, 96.20
0, 10847, 3, 78, 49.14
1, 11940, 100, 79, 132.62
0, 10847, 100, 79, 122.89
1, 11940, 100, 79, 134.93
0, 10847, 100, 79, 109.49
1, 11940, 100, 79, 118.24
0, 10847, 0, 78, 130.91
1, 11940, 100, 79, 134.34
0, 10847, 100, 79, 115.83
1, 11940, 100, 79, 120.28
0, 10847, 100, 79, 121.34
1, 11940, 100, 79, 116.87
0, 10847, 0, 78, 136.12
1, 11940, 100, 79, 134.77
0, 10847, 100, 79, 112.80
1, 11940, 100, 79, 116.56
0, 10847, 100, 79, 159.59
1, 11940, 100, 79, 116.19
0, 10847, 0, 78, 138.28
1, 11940, 100, 79, 135.62
0, 10847, 100, 79, 135.10
1, 11940, 100, 79, 116.17
0, 10847, 100, 79, 155.74
1, 11940, 100, 79, 120.27
0, 10847, 27, 78, 145.48
1, 11940, 100, 79, 142.77
0, 10847, 100, 79, 131.25
1, 11940, 100, 79, 121.13
0, 10847, 100, 79, 136.21
1, 11940, 100, 79, 116.39
0, 10847, 0, 78, 53.01
1, 11940, 100, 79, 135.79
0, 10847, 100, 79, 129.09
1, 11940, 100, 79, 133.15
0, 10847, 100, 79, 129.96
1, 11940, 100, 79, 88.05
0, 10847, 61, 78, 53.22
1, 11940, 100, 79, 141.90
0, 10847, 100, 79, 117.50
1, 11940, 100, 79, 132.93
0, 10847, 100, 79, 117.49
1, 11940, 100, 79, 129.69
0, 10847, 100, 79, 130.04
1, 11940, 100, 79, 131.73
0, 10847, 100, 79, 142.53
1, 11940, 100, 79, 133.75
0, 10847, 0, 78, 145.57
1, 11940, 100, 79, 116.27
0, 10847, 100, 80, 115.83
1, 11940, 100, 79, 116.31
0, 10847, 100, 79, 141.60
1, 11940, 100, 79, 122.22
0, 10847, 0, 78, 54.13
1, 11940, 100, 79, 142.07
0, 10847, 100, 79, 142.20
1, 11940, 100, 78, 153.82
0, 10847, 100, 79, 139.69
1, 11940, 100, 79, 129.55
0, 10847, 100, 79, 136.87
1, 11940, 100, 79, 129.57
0, 10847, 100, 79, 141.17
1, 11940, 100, 79, 135.21
0, 10847, 21, 79, 130.52
1, 11940, 100, 79, 124.75
0, 10847, 100, 79, 131.15
1, 11940, 100, 79, 132.54
0, 10847, 100, 79, 148.55
1, 11940, 100, 79, 120.18
0, 10847, 76, 78, 50.80
1, 11940, 100, 79, 135.31
0, 10847, 100, 79, 126.90
1, 11940, 100, 79, 136.91
0, 10847, 26, 79, 153.68
1, 11940, 100, 79, 121.16
0, 10847, 100, 80, 91.35
1, 11940, 100, 79, 121.66
0, 10847, 100, 79, 141.43
1, 11940, 100, 79, 151.44
0, 10847, 6, 78, 49.15
1, 11940, 100, 79, 113.03
0, 10847, 100, 79, 125.70
1, 11940, 100, 79, 138.81
0, 10847, 84, 79, 146.73
1, 11940, 100, 79, 116.46
0, 10847, 100, 79, 127.43
1, 11940, 100, 79, 118.97
0, 10847, 100, 79, 130.29
1, 11940, 100, 79, 133.29
0, 10847, 79, 78, 52.01
1, 11940, 100, 79, 135.29
0, 10847, 100, 79, 137.24
1, 11940, 100, 79, 134.73
0, 10847, 21, 78, 136.89
1, 11940, 100, 79, 125.10
0, 10847, 100, 79, 130.67
1, 11940, 100, 79, 138.58
0, 10847, 100, 79, 135.20
1, 11940, 100, 79, 135.44
0, 10847, 100, 79, 132.80
1, 11940, 100, 79, 129.96
0, 10847, 100, 79, 154.26
1, 11940, 100, 79, 129.68
0, 10847, 9, 77, 48.90
1, 11940, 100, 79, 135.40
0, 10847, 100, 79, 124.85
1, 11940, 100, 79, 109.76
0, 10847, 42, 79, 124.15
1, 11940, 100, 79, 122.34
0, 10847, 100, 79, 132.45
1, 11940, 100, 79, 120.29
0, 10847, 100, 79, 139.17
1, 11940, 100, 79, 138.69
0, 10847, 84, 79, 52.25
1, 11940, 100, 79, 134.35
0, 10847, 100, 79, 135.93
1, 11940, 100, 79, 126.52
0, 10847, 0, 77, 53.90
1, 11940, 100, 79, 137.60
0, 10847, 100, 79, 144.57
1, 11940, 100, 79, 137.95
0, 10847, 65, 78, 138.97
1, 11940, 100, 79, 128.13
0, 10847, 100, 79, 144.57
1, 11940, 100, 79, 136.85
0, 10847, 100, 79, 144.19
1, 11940, 100, 79, 136.06
0, 10847, 100, 78, 78.15
1, 11940, 100, 79, 129.97
0, 10847, 100, 79, 132.69
1, 11940, 100, 79, 118.49
0, 10847, 100, 78, 47.69
1, 11940, 100, 79, 138.84
0, 10847, 100, 79, 148.36
1, 11940, 100, 79, 121.70
0, 10847, 0, 77, 48.42
1, 11940, 100, 79, 126.54
0, 10847, 100, 79, 114.01
1, 11940, 100, 79, 116.21
0, 10847, 14, 77, 163.18
1, 11940, 100, 79, 120.63
0, 10847, 100, 79, 143.26
1, 11940, 100, 79, 125.71
0, 10847, 63, 79, 170.60
1, 11940, 100, 79, 115.13
0, 10847, 100, 79, 133.54
1, 11940, 100, 79, 136.05
0, 10847, 96, 78, 127.91
1, 11940, 100, 79, 119.93
0, 10847, 100, 79, 140.19
1, 11940, 100, 79, 125.75
0, 10847, 100, 79, 150.57
1, 11940, 100, 79, 130.62
0, 10847, 100, 79, 135.67
1, 11940, 100, 79, 115.83
0, 10847, 100, 79, 134.51
1, 11940, 100, 79, 130.05
0, 10847, 100, 79, 136.64
1, 11940, 100, 79, 130.02
0, 10847, 100, 79, 153.48
1, 11940, 100, 79, 146.70
0, 10847, 100, 78, 49.38
1, 11940, 100, 79, 129.63
0, 10847, 100, 79, 170.57
1, 11940, 100, 79, 116.17
0, 10847, 0, 78, 53.70
1, 11940, 100, 79, 135.05
0, 10847, 100, 79, 153.25
1, 11940, 100, 79, 126.24
0, 10847, 0, 77, 49.68
1, 11940, 100, 79, 88.95
0, 10847, 100, 79, 147.46
1, 11940, 100, 79, 134.24
0, 10847, 0, 77, 47.93
1, 11940, 100, 79, 131.07
0, 10847, 100, 79, 133.29
1, 11940, 100, 79, 135.46
0, 10847, 0, 77, 152.80
1, 11940, 100, 79, 107.36
0, 10847, 100, 79, 128.11
1, 11940, 100, 79, 135.55
0, 10847, 0, 78, 140.39
1, 11940, 100, 79, 122.86
0, 10847, 100, 79, 140.13
1, 11940, 100, 79, 118.45
0, 10847, 15, 78, 114.42
1, 11940, 100, 79, 121.23
0, 10847, 100, 79, 130.35
1, 11940, 100, 79, 148.32
0, 10847, 38, 78, 126.70
1, 11940, 100, 79, 124.96
0, 10847, 100, 79, 144.11
1, 11940, 100, 79, 135.82
0, 10847, 100, 79, 129.57
1, 11940, 100, 79, 124.14
0, 10847, 100, 79, 142.93
1, 11940, 100, 79, 137.46
0, 10847, 100, 79, 143.26
1, 11940, 100, 79, 128.11
0, 10847, 100, 80, 146.12
1, 11940, 100, 79, 134.11
0, 10847, 100, 79, 135.70
1, 11940, 100, 79, 129.09
0, 10847, 100, 79, 142.04
1, 11940, 100, 79, 136.31
0, 10847, 100, 78, 126.68
1, 11940, 100, 79, 129.66
0, 10847, 100, 79, 139.04
1, 11940, 100, 79, 139.07
0, 10847, 100, 79, 124.12
1, 11940, 100, 79, 128.47
0, 10847, 100, 79, 140.14
1, 11940, 100, 79, 135.91
0, 10847, 84, 79, 138.09
1, 11940, 100, 79, 129.31
0, 10847, 100, 79, 143.70
1, 11940, 100, 79, 140.84
0, 10847, 57, 79, 143.02
1, 11940, 100, 79, 129.78
0, 10847, 100, 79, 127.37
1, 11940, 100, 79, 139.06
0, 10847, 23, 78, 136.65
1, 11940, 100, 79, 124.36
0, 10847, 100, 79, 141.61
1, 11940, 100, 79, 153.86
0, 10847, 92, 78, 138.28
1, 11940, 100, 79, 116.31
0, 10847, 100, 79, 139.89
1, 11940, 100, 79, 135.19
0, 10847, 34, 78, 139.20
1, 11940, 100, 79, 121.98
0, 10847, 100, 79, 134.96
1, 11940, 100, 79, 135.21
0, 10847, 0, 78, 144.39
1, 11940, 100, 79, 134.30
0, 10847, 100, 79, 131.44
1, 11940, 100, 79, 135.71
0, 10847, 0, 77, 50.84
1, 11940, 100, 79, 135.09
0, 10847, 100, 79, 127.87
1, 11940, 100, 79, 131.25
0, 10847, 0, 77, 54.38
1, 11940, 100, 79, 151.18
0, 10847, 100, 79, 138.09
1, 11940, 100, 79, 129.30
0, 10847, 5, 77, 48.66
1, 11940, 100, 79, 135.31
0, 10847, 100, 80, 153.57
1, 11940, 100, 79, 129.43
0, 10847, 82, 78, 50.80
1, 11940, 100, 79, 135.54
0, 10847, 100, 79, 94.18
1, 11940, 100, 79, 116.75
0, 10847, 52, 78, 51.29
1, 11940, 100, 79, 130.33
0, 10847, 100, 79, 145.81
1, 11940, 100, 79, 120.06
0, 10847, 100, 80, 138.57
1, 11940, 100, 79, 133.54
0, 10847, 100, 79, 153.31
1, 11940, 100, 79, 134.85
0, 10847, 100, 79, 152.49
1, 11940, 100, 79, 118.12
0, 10847, 100, 79, 152.84
1, 11940, 100, 79, 134.83
0, 10847, 100, 79, 130.99
1, 11940, 100, 79, 136.69
0, 10847, 92, 78, 121.98
1, 11940, 100, 79, 127.99
0, 10847, 100, 80, 148.92
1, 11940, 100, 79, 132.45
0, 10847, 3, 78, 138.29
1, 11940, 100, 79, 116.79
0, 10847, 100, 79, 142.05
1, 11940, 100, 79, 135.19
0, 10847, 0, 77, 48.41
1, 11940, 100, 79, 131.79
0, 10847, 100, 79, 126.44
1, 11940, 100, 79, 130.30
0, 10847, 0, 77, 48.42
1, 11940, 100, 79, 136.02
0, 10847, 100, 79, 143.89
1, 11940, 100, 79, 116.24
0, 10847, 28, 78, 49.87
1, 11940, 100, 79, 133.87
0, 10847, 100, 79, 160.11
1, 11940, 100, 79, 101.79
0, 10847, 100, 79, 136.31
1, 11940, 100, 79, 128.50
0, 10847, 100, 79, 154.03
1, 11940, 100, 79, 135.07
0, 10847, 100, 79, 117.66
1, 11940, 100, 79, 133.17
0, 10847, 100, 78, 130.04
1, 11940, 100, 79, 129.81
0, 10847, 100, 79, 116.29
1, 11940, 100, 79, 83.65
0, 10847, 0, 78, 140.73
1, 11940, 100, 79, 140.41
0, 10847, 100, 79, 127.16
1, 11940, 100, 79, 129.82
0, 10847, 0, 77, 54.53
1, 11940, 100, 79, 114.63
0, 10847, 100, 80, 154.61
1, 11940, 100, 79, 130.68
0, 10847, 5, 77, 48.66
1, 11940, 100, 79, 129.63
0, 10847, 100, 79, 150.87
1, 11940, 100, 79, 80.61
0, 10847, 100, 79, 144.35
1, 11940, 100, 79, 124.27
0, 10847, 100, 79, 153.34
1, 11940, 100, 79, 131.57
0, 10847, 100, 79, 121.49
1, 11940, 100, 79, 135.72
0, 10847, 81, 78, 136.73
1, 11940, 100, 79, 125.32
0, 10847, 100, 79, 144.11
1, 11940, 100, 79, 135.65
0, 10847, 0, 77, 54.42
1, 11940, 100, 79, 140.42
0, 10847, 100, 80, 161.18
1, 11940, 100, 79, 131.96
0, 10847, 23, 77, 48.66
1, 11940, 100, 79, 135.07
0, 10847, 100, 79, 154.50
1, 11940, 100, 79, 149.26
0, 10847, 100, 79, 130.97
1, 11940, 100, 79, 129.87
0, 10847, 100, 79, 143.71
1, 11940, 100, 79, 135.65
0, 10847, 100, 80, 154.51
1, 11940, 100, 79, 137.57
0, 10847, 89, 78, 154.92
1, 11940, 100, 79, 120.97
0, 10847, 100, 79, 123.87
1, 11940, 100, 79, 134.85
0, 10847, 0, 77, 47.99
1, 11940, 100, 79, 87.50
0, 10847, 100, 79, 156.32
1, 11940, 100, 79, 117.15
0, 10847, 78, 78, 52.01
1, 11940, 100, 79, 134.82
0, 10847, 100, 79, 153.31
1, 11940, 100, 79, 135.79
0, 10847, 100, 79, 113.17
1, 11940, 100, 79, 131.21
0, 10847, 91, 78, 124.12
1, 11940, 100, 79, 130.30
0, 10847, 100, 79, 148.65
1, 11940, 100, 79, 130.39
0, 10847, 0, 77, 51.01
1, 11940, 100, 79, 134.98
0, 10847, 100, 79, 156.90
1, 11940, 100, 79, 130.23
0, 10847, 76, 77, 50.80
1, 11940, 100, 79, 135.07
0, 10847, 100, 79, 150.24
1, 11940, 100, 79, 130.15
0, 10847, 100, 79, 114.71
1, 11940, 100, 79, 116.78
0, 10847, 100, 78, 135.61
1, 11940, 100, 79, 130.03
0, 10847, 100, 79, 145.45
1, 11940, 100, 79, 115.80
0, 10847, 0, 76, 47.47
1, 11940, 100, 78, 119.40
0, 10847, 100, 79, 171.52
1, 11940, 100, 79, 115.60
0, 10847, 80, 78, 53.70
1, 11940, 100, 79, 129.13
0, 10847, 100, 79, 152.96
1, 11940, 100, 79, 123.54
0, 10847, 100, 79, 142.07
1, 11940, 100, 79, 92.11
0, 10847, 0, 77, 98.77
1, 11940, 100, 79, 125.53
0, 10847, 100, 80, 149.84
1, 11940, 100, 79, 129.04
0, 10847, 25, 77, 48.39
1, 11940, 100, 79, 130.82
0, 10847, 100, 79, 156.68
1, 11940, 100, 79, 129.66
0, 10847, 100, 79, 120.28
1, 11940, 100, 79, 137.56
0, 10847, 45, 79, 143.74
1, 11940, 100, 79, 129.30
0, 10847, 100, 80, 131.71
1, 11940, 100, 79, 131.25
0, 10847, 0, 77, 47.70
1, 11940, 100, 79, 132.02
0, 10847, 100, 79, 98.49
1, 11940, 100, 79, 117.32
0, 10847, 100, 79, 75.11
1, 11940, 100, 79, 124.80
0, 10847, 100, 79, 153.57
1, 11940, 100, 79, 133.01
0, 10847, 100, 80, 140.38
1, 11940, 100, 79, 129.06
0, 10847, 0, 77, 49.11
1, 11940, 100, 79, 135.31
0, 10847, 100, 79, 153.90
1, 11940, 100, 79, 125.43
0, 10847, 77, 78, 53.70
1, 11940, 100, 79, 135.29
0, 10847, 100, 79, 153.79
1, 11940, 100, 79, 135.31
0, 10847, 100, 79, 128.99
1, 11940, 100, 79, 134.26
0, 10847, 3, 78, 147.42
1, 11940, 100, 79, 123.62
0, 10847, 100, 80, 129.31
1, 11940, 100, 79, 135.55
0, 10847, 36, 77, 47.94
1, 11940, 100, 79, 135.78
0, 10847, 100, 79, 151.46
1, 11940, 100, 79, 89.90
0, 10847, 100, 79, 164.62
1, 11940, 100, 79, 121.14
0, 10847, 100, 79, 147.23
1, 11940, 100, 79, 129.45
0, 10847, 100, 80, 144.11
1, 11940, 100, 79, 135.89
0, 10847, 0, 77, 53.49
1, 11940, 100, 79, 105.87
0, 10847, 100, 79, 85.81
1, 11940, 100, 79, 117.62
0, 10847, 100, 79, 140.96
1, 11940, 100, 79, 129.31
0, 10847, 100, 79, 151.02
1, 11940, 100, 79, 134.61
0, 10847, 100, 80, 145.16
1, 11940, 100, 79, 135.17
0, 10847, 0, 77, 47.62
1, 11940, 100, 79, 152.61
0, 10847, 100, 79, 169.11
1, 11940, 100, 79, 124.59
0, 10847, 100, 79, 50.83
1, 11940, 100, 79, 130.59
0, 10847, 100, 79, 150.07
1, 11940, 100, 79, 136.28
0, 10847, 100, 80, 131.62
1, 11940, 100, 79, 128.69
0, 10847, 0, 77, 54.18
1, 11940, 100, 79, 135.53
0, 10847, 100, 79, 144.33
1, 11940, 100, 79, 129.51
0, 10847, 50, 79, 52.26
1, 11940, 100, 79, 129.85
0, 10847, 100, 79, 154.03
1, 11940, 100, 79, 136.02
0, 10847, 100, 79, 136.05
1, 11940, 100, 79, 100.93
0, 10847, 0, 77, 52.01
1, 11940, 100, 79, 128.67
0, 10847, 100, 79, 139.77
1, 11940, 100, 79, 127.87
0, 10847, 100, 78, 49.86
1, 11940, 100, 79, 134.59
0, 10847, 100, 79, 143.94
1, 11940, 100, 79, 135.65
0, 10847, 100, 80, 143.47
1, 11940, 100, 79, 113.25
0, 10847, 0, 77, 47.69
1, 11940, 100, 79, 135.59
0, 10847, 100, 79, 155.27
1, 11940, 100, 79, 117.89
0, 10847, 100, 79, 53.46
1, 11940, 100, 79, 129.86
0, 10847, 100, 79, 149.35
1, 11940, 100, 79, 134.85
0, 10847, 100, 79, 135.91
1, 11940, 100, 79, 134.96
0, 10847, 0, 77, 47.69
1, 11940, 100, 79, 136.49
0, 10847, 100, 79, 128.88
1, 11940, 100, 79, 116.76
0, 10847, 100, 79, 134.24
1, 11940, 100, 79, 129.84
0, 10847, 100, 79, 148.89
1, 11940, 100, 79, 129.69
0, 10847, 100, 80, 139.65
1, 11940, 100, 79, 135.91
0, 10847, 0, 77, 51.77
1, 11940, 100, 80, 135.53
0, 10847, 100, 80, 163.96
1, 11940, 100, 79, 84.13
0, 10847, 100, 79, 115.83
1, 11940, 100, 79, 117.01
0, 10847, 68, 78, 142.46
1, 11940, 100, 79, 133.07
0, 10847, 100, 79, 136.93
1, 11940, 100, 79, 116.55
0, 10847, 0, 77, 48.42
1, 11940, 100, 79, 116.35
0, 10847, 100, 79, 157.43
1, 11940, 100, 79, 116.20
0, 10847, 100, 80, 135.49
1, 11940, 100, 79, 120.15
0, 10847, 0, 77, 47.26
1, 11940, 100, 79, 95.42
0, 10847, 100, 80, 136.73
1, 11940, 100, 78, 138.16
0, 10847, 100, 79, 146.81
1, 11940, 100, 79, 115.99
0, 10847, 100, 79, 146.99
1, 11940, 100, 79, 129.30
0, 10847, 100, 79, 144.20
1, 11940, 100, 79, 134.93
0, 10847, 0, 78, 53.46
1, 11940, 100, 79, 135.05
0, 10847, 100, 79, 159.90
1, 11940, 100, 79, 134.82
0, 10847, 100, 79, 137.66
1, 11940, 100, 79, 82.37
0, 10847, 0, 77, 52.48
1, 11940, 100, 79, 141.83
0, 10847, 100, 79, 164.19
1, 11940, 100, 79, 116.51
0, 10847, 100, 79, 137.12
1, 11940, 100, 79, 128.68
0, 10847, 100, 79, 141.96
1, 11940, 100, 79, 135.65
0, 10847, 100, 79, 135.36
1, 11940, 100, 79, 135.21
0, 10847, 0, 77, 53.21
1, 11940, 100, 79, 135.05
0, 10847, 100, 79, 161.07
1, 11940, 100, 79, 135.55
0, 10847, 100, 79, 124.55
1, 11940, 100, 79, 132.47
0, 10847, 17, 77, 140.38
1, 11940, 100, 79, 116.22
0, 10847, 100, 80, 199.20
1, 11940, 100, 79, 129.85
0, 10847, 75, 78, 52.26
1, 11940, 100, 79, 129.63
0, 10847, 100, 78, 143.48
1, 11940, 100, 79, 129.78
0, 10847, 100, 79, 151.64
1, 11940, 100, 79, 135.55
0, 10847, 0, 77, 48.87
1, 11940, 100, 79, 138.33
0, 10847, 100, 80, 166.46
1, 11940, 100, 79, 134.80
0, 10847, 100, 79, 136.89
1, 11940, 100, 79, 136.41
0, 10847, 0, 77, 140.98
1, 11940, 100, 79, 117.83
0, 10847, 100, 79, 154.37
1, 11940, 100, 79, 126.57
0, 10847, 100, 78, 59.72
1, 11940, 100, 79, 130.35
0, 10847, 100, 79, 155.25
1, 11940, 100, 79, 129.90
0, 10847, 100, 80, 145.40
1, 11940, 100, 79, 129.78
0, 10847, 0, 77, 50.80
1, 11940, 100, 79, 135.05
0, 10847, 100, 80, 151.26
1, 11940, 100, 79, 135.34
0, 10847, 100, 80, 152.36
1, 11940, 100, 79, 148.62
0, 10847, 0, 76, 47.44
1, 11940, 100, 79, 135.42
0, 10847, 100, 79, 161.13
1, 11940, 100, 79, 116.51
0, 10847, 100, 79, 138.89
1, 11940, 100, 79, 126.06
0, 10847, 93, 79, 142.30
1, 11940, 100, 79, 129.30
0, 10847, 100, 79, 130.27
1, 11940, 100, 79, 135.23
0, 10847, 38, 77, 48.87
1, 11940, 100, 80, 136.19
0, 10847, 100, 79, 165.99
1, 11940, 100, 79, 135.04
0, 10847, 100, 80, 151.98
1, 11940, 100, 79, 135.41
0, 10847, 0, 77, 52.25
1, 11940, 100, 79, 135.05
0, 10847, 100, 79, 156.55
1, 11940, 100, 79, 103.89
0, 10847, 100, 79, 128.45
1, 11940, 100, 79, 122.03
0, 10847, 0, 76, 52.53
1, 11940, 100, 79, 122.43
0, 10847, 100, 79, 153.83
1, 11940, 100, 79, 105.84
0, 10847, 100, 79, 138.57
1, 11940, 100, 78, 111.12
0, 10847, 17, 78, 175.56
1, 11940, 100, 79, 116.32
0, 10847, 100, 79, 154.41
1, 11940, 100, 78, 115.43
0, 10847, 100, 78, 48.43
1, 11940, 100, 79, 119.70
0, 10847, 77, 78, 152.28
1, 11940, 100, 79, 115.56
0, 10847, 100, 80, 145.88
1, 11940, 100, 79, 128.34
0, 10847, 56, 78, 54.19
1, 11940, 100, 79, 131.47
0, 10847, 100, 79, 152.40
1, 11940, 100, 79, 129.19
0, 10847, 100, 79, 133.16
1, 11940, 100, 79, 124.14
0, 10847, 0, 77, 47.94
1, 11940, 100, 79, 129.64
0, 10847, 100, 79, 163.01
1, 11940, 100, 79, 131.23
0, 10847, 100, 79, 131.23
1, 11940, 100, 79, 131.49
0, 10847, 0, 77, 47.45
1, 11940, 100, 79, 131.55
0, 10847, 100, 80, 155.00
1, 11940, 100, 79, 131.57
0, 10847, 100, 80, 144.84
1, 11940, 100, 79, 135.85
0, 10847, 0, 76, 47.46
1, 11940, 100, 79, 125.57
0, 10847, 100, 79, 152.20
1, 11940, 100, 79, 114.51
0, 10847, 100, 79, 152.63
1, 11940, 100, 79, 115.97
0, 10847, 0, 78, 150.28
1, 11940, 100, 79, 117.87
0, 10847, 100, 80, 153.10
1, 11940, 100, 79, 124.33
0, 10847, 78, 78, 52.30
1, 11940, 100, 79, 123.69
0, 10847, 100, 79, 157.66
1, 11940, 100, 79, 123.76
0, 10847, 100, 79, 134.97
1, 11940, 100, 79, 131.94
0, 10847, 14, 77, 48.18
1, 11940, 100, 79, 131.96
0, 10847, 100, 79, 153.07
1, 11940, 100, 79, 138.42
0, 10847, 100, 79, 145.28
1, 11940, 100, 79, 140.10
0, 10847, 0, 77, 50.07
1, 11940, 100, 79, 141.44
0, 10847, 100, 79, 155.82
1, 11940, 100, 79, 142.12
0, 10847, 100, 79, 135.20
1, 11940, 100, 79, 118.46
0, 10847, 0, 77, 54.03
1, 11940, 100, 79, 87.00
0, 10847, 100, 80, 143.56
1, 11940, 100, 79, 106.08
0, 10847, 100, 80, 146.83
1, 11940, 100, 79, 138.65
0, 10847, 19, 77, 144.59
1, 11940, 100, 79, 132.43
0, 10847, 100, 77, 107.24
1, 11940, 100, 79, 137.52
0, 10847, 100, 78, 127.87
1, 11940, 100, 79, 134.60
0, 10847, 100, 78, 136.06
1, 11940, 100, 79, 138.22
0, 10847, 100, 79, 118.12
1, 11940, 100, 79, 138.12
0, 10847, 86, 78, 51.76
1, 11940, 100, 79, 138.82
0, 10847, 100, 79, 160.61
1, 11940, 100, 79, 138.06
0, 10847, 100, 80, 138.33
1, 11940, 100, 79, 126.76
0, 10847, 0, 77, 47.94
1, 11940, 100, 79, 123.95
0, 10847, 100, 79, 156.22
1, 11940, 100, 79, 122.58
0, 10847, 100, 80, 145.90
1, 11940, 100, 79, 118.21
0, 10847, 4, 77, 48.65
1, 11940, 100, 79, 130.10
0, 10847, 100, 79, 157.77
1, 11940, 100, 79, 129.18
0, 10847, 100, 79, 151.50
1, 11940, 100, 79, 131.58
0, 10847, 0, 77, 48.67
1, 11940, 100, 79, 129.40
0, 10847, 100, 79, 162.79
1, 11940, 100, 79, 126.54
0, 10847, 100, 79, 122.67
1, 11940, 100, 79, 135.09
0, 10847, 0, 77, 48.17
1, 11940, 100, 79, 135.07
0, 10847, 100, 79, 160.16
1, 11940, 100, 79, 130.83
0, 10847, 100, 79, 138.69
1, 11940, 100, 79, 135.91
0, 10847, 0, 77, 51.04
1, 11940, 100, 79, 135.07
0, 10847, 100, 79, 163.14
1, 11940, 100, 79, 135.75
0, 10847, 100, 80, 154.27
1, 11940, 100, 79, 135.77
0, 10847, 0, 77, 52.73
1, 11940, 100, 79, 135.53
0, 10847, 100, 80, 165.74
1, 11940, 100, 79, 135.99
0, 10847, 100, 79, 141.57
1, 11940, 100, 79, 135.43
0, 10847, 0, 77, 53.69
1, 11940, 100, 79, 135.53
0, 10847, 100, 79, 163.48
1, 11940, 100, 79, 135.04
0, 10847, 100, 79, 134.86
1, 11940, 100, 79, 101.42
0, 10847, 0, 76, 47.44
1, 11940, 100, 79, 135.31
0, 10847, 100, 80, 165.99
1, 11940, 100, 79, 134.95
0, 10847, 100, 80, 126.95
1, 11940, 100, 79, 81.42
0, 10847, 0, 76, 47.44
1, 11940, 100, 79, 118.97
0, 10847, 100, 80, 162.04
1, 11940, 100, 79, 135.31
0, 10847, 100, 79, 137.23
1, 11940, 100, 79, 154.76
0, 10847, 0, 76, 52.50
1, 11940, 100, 79, 136.40
0, 10847, 100, 79, 147.01
1, 11940, 100, 79, 91.12
0, 10847, 100, 79, 138.93
1, 11940, 100, 79, 132.81
0, 10847, 0, 76, 53.93
1, 11940, 100, 79, 144.49
0, 10847, 100, 80, 151.24
1, 11940, 100, 79, 85.36
0, 10847, 100, 79, 138.21
1, 11940, 100, 79, 135.80
0, 10847, 0, 76, 52.94
1, 11940, 100, 79, 140.82
0, 10847, 100, 80, 150.39
1, 11940, 100, 79, 82.05
0, 10847, 100, 80, 138.92
1, 11940, 100, 79, 136.87
0, 10847, 0, 76, 50.30
1, 11940, 100, 79, 156.41
0, 10847, 100, 79, 151.11
1, 11940, 100, 79, 81.57
0, 10847, 100, 79, 131.38
1, 11940, 100, 79, 133.15
0, 10847, 0, 76, 46.93
1, 11940, 100, 79, 157.98
0, 10847, 100, 80, 166.03
1, 11940, 100, 79, 96.74
0, 10847, 100, 79, 131.79
1, 11940, 100, 79, 144.65
0, 10847, 0, 76, 47.70
1, 11940, 100, 79, 132.27
0, 10847, 100, 80, 144.91
1, 11940, 100, 79, 135.17
0, 10847, 100, 79, 142.33
1, 11940, 100, 79, 112.31
0, 10847, 0, 77, 51.53
1, 11940, 100, 79, 135.53
0, 10847, 100, 80, 149.83
1, 11940, 100, 79, 135.87
0, 10847, 100, 79, 135.91
1, 11940, 100, 79, 115.18
0, 10847, 0, 77, 49.11
1, 11940, 100, 79, 135.55
0, 10847, 100, 80, 158.34
1, 11940, 100, 79, 132.77
0, 10847, 100, 79, 141.09
1, 11940, 100, 79, 135.67
0, 10847, 0, 77, 47.94
1, 11940, 100, 79, 135.78
0, 10847, 100, 79, 163.49
1, 11940, 100, 79, 131.30
0, 10847, 100, 79, 131.14
1, 11940, 100, 79, 135.46
0, 10847, 0, 77, 50.80
1, 11940, 100, 79, 135.55
0, 10847, 100, 80, 165.85
1, 11940, 100, 79, 135.51
0, 10847, 100, 80, 154.54
1, 11940, 100, 79, 130.14
0, 10847, 0, 77, 47.45
1, 11940, 100, 79, 135.31
0, 10847, 100, 79, 160.62
1, 11940, 100, 79, 134.82
0, 10847, 100, 80, 153.55
1, 11940, 100, 79, 134.68
0, 10847, 0, 77, 52.98
1, 11940, 100, 79, 135.77
0, 10847, 100, 79, 162.52
1, 11940, 100, 79, 135.04
0, 10847, 100, 80, 151.40
1, 11940, 100, 79, 135.88
0, 10847, 0, 77, 52.01
1, 11940, 100, 79, 135.77
0, 10847, 100, 79, 158.34
1, 11940, 100, 79, 131.79
0, 10847, 100, 79, 144.67
1, 11940, 100, 79, 135.17
0, 10847, 31, 78, 48.88
1, 11940, 100, 79, 135.31
0, 10847, 100, 79, 153.09
1, 11940, 100, 79, 129.67
0, 10847, 100, 79, 131.62
1, 11940, 100, 79, 135.23
0, 10847, 100, 79, 48.67
1, 11940, 100, 79, 130.12
0, 10847, 60, 78, 163.26
1, 11940, 100, 79, 129.42
0, 10847, 100, 79, 130.49
1, 11940, 100, 79, 129.81
0, 10847, 100, 79, 140.97
1, 11940, 100, 79, 120.52
0, 10847, 0, 77, 141.23
1, 11940, 100, 79, 134.76
0, 10847, 100, 79, 164.95
1, 11940, 100, 79, 116.90
0, 10847, 100, 79, 96.32
1, 11940, 100, 79, 135.89
0, 10847, 0, 76, 46.97
1, 11940, 100, 79, 130.84
0, 10847, 100, 80, 153.93
1, 11940, 100, 79, 100.78
0, 10847, 100, 79, 136.64
1, 11940, 100, 79, 137.31
0, 10847, 0, 76, 47.78
1, 11940, 100, 79, 87.74
0, 10847, 100, 80, 165.99
1, 11940, 100, 79, 135.75
0, 10847, 100, 79, 133.06
1, 11940, 100, 79, 135.92
0, 10847, 0, 76, 47.69
1, 11940, 100, 79, 135.32
0, 10847, 100, 79, 164.67
1, 11940, 100, 79, 135.51
0, 10847, 100, 80, 148.64
1, 11940, 100, 79, 135.80
0, 10847, 0, 77, 48.17
1, 11940, 100, 79, 135.31
0, 10847, 100, 79, 160.62
1, 11940, 100, 79, 135.76
0, 10847, 100, 79, 150.33
1, 11940, 100, 79, 131.58
0, 10847, 39, 77, 48.66
1, 11940, 100, 79, 135.55
0, 10847, 100, 78, 154.75
1, 11940, 100, 79, 134.59
0, 10847, 100, 79, 133.29
1, 11940, 100, 79, 135.23
0, 10847, 64, 78, 51.04
1, 11940, 100, 79, 134.58
0, 10847, 100, 79, 155.95
1, 11940, 100, 79, 135.31
0, 10847, 100, 79, 136.40
1, 11940, 100, 79, 124.60
0, 10847, 100, 79, 154.87
1, 11940, 100, 79, 122.82
0, 10847, 0, 76, 145.44
1, 11940, 100, 79, 103.71
0, 10847, 100, 79, 95.48
1, 11940, 100, 79, 154.03
0, 10847, 100, 79, 135.33
1, 11940, 100, 79, 136.08
0, 10847, 0, 76, 47.74
1, 11940, 100, 79, 98.72
0, 10847, 100, 80, 166.70
1, 11940, 100, 79, 135.99
0, 10847, 100, 79, 140.03
1, 11940, 100, 79, 116.54
0, 10847, 0, 77, 53.95
1, 11940, 100, 79, 122.97
0, 10847, 100, 79, 165.78
1, 11940, 100, 79, 123.91
0, 10847, 100, 79, 133.16
1, 11940, 100, 79, 123.90
0, 10847, 67, 77, 53.94
1, 11940, 100, 79, 128.91
0, 10847, 100, 79, 157.15
1, 11940, 100, 79, 128.70
0, 10847, 100, 79, 123.18
1, 11940, 100, 79, 125.86
0, 10847, 100, 79, 140.91
1, 11940, 100, 79, 118.44
0, 10847, 0, 76, 94.81
1, 11940, 100, 79, 114.35
0, 10847, 100, 80, 135.53
1, 11940, 100, 79, 96.00
0, 10847, 100, 80, 144.57
1, 11940, 100, 78, 129.46
0, 10847, 0, 76, 47.21
1, 11940, 100, 79, 130.10
0, 10847, 100, 80, 162.77
1, 11940, 100, 79, 130.35
0, 10847, 100, 79, 132.20
1, 11940, 100, 79, 125.82
0, 10847, 0, 77, 48.18
1, 11940, 100, 79, 131.55
0, 10847, 100, 79, 157.62
1, 11940, 100, 79, 131.57
0, 10847, 100, 79, 144.67
1, 11940, 100, 79, 135.41
0, 10847, 100, 78, 49.14
1, 11940, 100, 79, 133.64
0, 10847, 25, 78, 145.17
1, 11940, 100, 79, 125.68
0, 10847, 100, 79, 153.14
1, 11940, 100, 79, 120.51
0, 10847, 100, 79, 126.72
1, 11940, 100, 79, 135.58
0, 10847, 0, 76, 47.42
1, 11940, 100, 79, 140.33
0, 10847, 100, 80, 165.53
1, 11940, 100, 79, 135.27
0, 10847, 100, 79, 136.17
1, 11940, 100, 79, 135.21
0, 10847, 0, 77, 47.69
1, 11940, 100, 79, 135.32
0, 10847, 100, 79, 164.10
1, 11940, 100, 79, 135.75
0, 10847, 100, 80, 154.27
1, 11940, 100, 79, 135.31
0, 10847, 0, 77, 53.22
1, 11940, 100, 79, 135.53
0, 10847, 100, 79, 160.16
1, 11940, 100, 79, 129.89
0, 10847, 100, 79, 138.48
1, 11940, 100, 79, 135.44
0, 10847, 100, 79, 80.35
1, 11940, 100, 79, 129.50
0, 10847, 0, 77, 176.38
1, 11940, 100, 79, 126.02
0, 10847, 100, 78, 105.71
1, 11940, 100, 79, 141.37
0, 10847, 100, 79, 135.34
1, 11940, 100, 79, 143.21
0, 10847, 0, 76, 47.45
1, 11940, 100, 79, 136.02
0, 10847, 100, 80, 164.42
1, 11940, 100, 79, 135.27
0, 10847, 100, 79, 132.10
1, 11940, 100, 79, 135.22
0, 10847, 0, 77, 52.73
1, 11940, 100, 79, 135.77
0, 10847, 100, 79, 162.98
1, 11940, 100, 79, 135.30
0, 10847, 100, 79, 145.06
1, 11940, 100, 79, 135.89
0, 10847, 80, 78, 50.59
1, 11940, 100, 79, 130.81
0, 10847, 68, 78, 170.43
1, 11940, 100, 79, 129.41
0, 10847, 100, 79, 147.58
1, 11940, 100, 79, 129.46
0, 10847, 100, 79, 89.63
1, 11940, 100, 79, 133.21
0, 10847, 0, 76, 50.55
1, 11940, 100, 79, 145.67
0, 10847, 100, 80, 165.74
1, 11940, 100, 79, 136.23
0, 10847, 100, 79, 135.91
1, 11940, 100, 79, 135.68
0, 10847, 0, 77, 47.45
1, 11940, 100, 79, 135.31
0, 10847, 100, 79, 157.45
1, 11940, 100, 79, 116.01
0, 10847, 100, 79, 143.78
1, 11940, 100, 79, 115.34
0, 10847, 40, 78, 50.12
1, 11940, 100, 79, 119.86
0, 10847, 1, 76, 149.01
1, 11940, 100, 79, 116.13
0, 10847, 100, 79, 150.65
1, 11940, 100, 78, 79.46
0, 10847, 100, 79, 144.69
1, 11940, 100, 79, 126.66
0, 10847, 0, 77, 52.98
1, 11940, 100, 79, 130.33
0, 10847, 100, 79, 165.53
1, 11940, 100, 79, 131.71
0, 10847, 100, 79, 155.00
1, 11940, 100, 79, 129.66
0, 10847, 50, 78, 54.67
1, 11940, 100, 79, 124.82
0, 10847, 49, 78, 158.84
1, 11940, 100, 79, 121.21
0, 10847, 100, 79, 154.41
1, 11940, 100, 79, 115.79
0, 10847, 100, 80, 92.95
1, 11940, 100, 79, 134.88
0, 10847, 0, 76, 47.45
1, 11940, 100, 79, 135.08
0, 10847, 100, 79, 165.37
1, 11940, 100, 79, 135.51
0, 10847, 100, 80, 140.37
1, 11940, 100, 79, 135.43
0, 10847, 0, 77, 47.69
1, 11940, 100, 79, 138.89
0, 10847, 100, 78, 152.84
1, 11940, 100, 79, 134.85
0, 10847, 100, 80, 145.78
1, 11940, 100, 79, 134.93
0, 10847, 100, 79, 129.58
1, 11940, 100, 79, 129.36
0, 10847, 0, 76, 155.49
1, 11940, 100, 79, 126.81
0, 10847, 100, 79, 149.21
1, 11940, 100, 79, 104.15
0, 10847, 100, 79, 141.62
1, 11940, 100, 79, 87.59
0, 10847, 0, 76, 47.21
1, 11940, 100, 79, 135.78
0, 10847, 100, 79, 162.98
1, 11940, 100, 79, 135.06
0, 10847, 100, 79, 151.66
1, 11940, 100, 79, 135.64
0, 10847, 0, 77, 52.25
1, 11940, 100, 79, 135.29
0, 10847, 100, 78, 151.51
1, 11940, 100, 79, 128.72
0, 10847, 100, 79, 153.30
1, 11940, 100, 79, 121.49
0, 10847, 100, 79, 86.73
1, 11940, 100, 79, 135.04
0, 10847, 0, 76, 52.10
1, 11940, 100, 79, 91.53
0, 10847, 100, 79, 150.54
1, 11940, 100, 79, 135.56
0, 10847, 100, 78, 117.01
1, 11940, 100, 79, 135.33
0, 10847, 0, 77, 47.92
1, 11940, 100, 79, 135.54
0, 10847, 100, 78, 154.99
1, 11940, 100, 79, 134.83
0, 10847, 100, 79, 134.27
1, 11940, 100, 79, 130.05
0, 10847, 100, 79, 140.26
1, 11940, 100, 79, 121.51
0, 10847, 0, 76, 47.95
1, 11940, 100, 79, 135.53
0, 10847, 100, 80, 165.77
1, 11940, 100, 79, 135.27
0, 10847, 100, 79, 137.60
1, 11940, 100, 79, 130.03
0, 10847, 0, 77, 48.42
1, 11940, 100, 79, 135.07
0, 10847, 100, 79, 162.29
1, 11940, 100, 79, 135.06
0, 10847, 100, 79, 142.78
1, 11940, 100, 79, 133.76
0, 10847, 99, 79, 54.67
1, 11940, 100, 79, 129.15
0, 10847, 0, 76, 138.99
1, 11940, 100, 79, 130.70
0, 10847, 100, 80, 152.31
1, 11940, 100, 79, 82.29
0, 10847, 100, 80, 150.07
1, 11940, 100, 79, 135.58
0, 10847, 0, 76, 47.94
1, 11940, 100, 79, 136.50
0, 10847, 100, 79, 160.38
1, 11940, 100, 80, 135.29
0, 10847, 100, 79, 145.21
1, 11940, 100, 79, 116.28
0, 10847, 100, 78, 49.40
1, 11940, 100, 79, 120.12
0, 10847, 0, 76, 46.96
1, 11940, 100, 79, 121.75
0, 10847, 100, 79, 163.26
1, 11940, 100, 79, 127.72
0, 10847, 100, 79, 141.82
1, 11940, 100, 79, 125.55
0, 10847, 0, 76, 51.32
1, 11940, 100, 79, 124.83
0, 10847, 100, 79, 162.31
1, 11940, 100, 79, 123.51
0, 10847, 100, 79, 134.27
1, 11940, 100, 79, 129.31
0, 10847, 100, 79, 140.63
1, 11940, 100, 79, 121.98
0, 10847, 0, 76, 52.64
1, 11940, 100, 79, 89.36
0, 10847, 100, 80, 166.25
1, 11940, 100, 79, 129.39
0, 10847, 100, 79, 137.36
1, 11940, 100, 79, 131.94
0, 10847, 0, 77, 48.17
1, 11940, 100, 79, 135.07
0, 10847, 100, 78, 152.94
1, 11940, 100, 79, 133.65
0, 10847, 100, 79, 152.31
1, 11940, 100, 79, 128.08
0, 10847, 100, 79, 167.07
1, 11940, 100, 79, 140.12
0, 10847, 0, 76, 52.83
1, 11940, 100, 79, 80.53
0, 10847, 100, 80, 165.61
1, 11940, 100, 79, 135.27
0, 10847, 100, 80, 154.51
1, 11940, 100, 79, 135.31
0, 10847, 0, 77, 47.69
1, 11940, 100, 79, 135.56
0, 10847, 100, 78, 152.38
1, 11940, 100, 79, 135.32
0, 10847, 100, 79, 153.82
1, 11940, 100, 79, 124.01
0, 10847, 100, 79, 144.84
1, 11940, 100, 79, 137.67
0, 10847, 0, 76, 52.73
1, 11940, 100, 79, 134.81
0, 10847, 100, 79, 165.29
1, 11940, 100, 79, 134.80
0, 10847, 100, 79, 154.03
1, 11940, 100, 79, 135.77
0, 10847, 8, 77, 49.15
1, 11940, 100, 79, 135.55
0, 10847, 78, 78, 155.95
1, 11940, 100, 79, 134.59
0, 10847, 100, 79, 153.78
1, 11940, 100, 79, 136.96
0, 10847, 100, 79, 133.98
1, 11940, 100, 79, 138.32
0, 10847, 0, 76, 52.94
1, 11940, 100, 79, 139.04
0, 10847, 100, 79, 165.49
1, 11940, 100, 79, 142.09
0, 10847, 100, 80, 151.64
1, 11940, 100, 79, 135.40
0, 10847, 0, 77, 53.93
1, 11940, 100, 79, 138.80
0, 10847, 100, 78, 152.87
1, 11940, 100, 79, 129.68
0, 10847, 100, 79, 137.39
1, 11940, 100, 79, 115.59
0, 10847, 100, 79, 141.26
1, 11940, 100, 78, 75.20
0, 10847, 0, 76, 47.70
1, 11940, 100, 79, 124.43
0, 10847, 100, 79, 160.16
1, 11940, 100, 79, 129.88
0, 10847, 100, 79, 144.60
1, 11940, 100, 79, 129.51
0, 10847, 100, 79, 52.54
1, 11940, 100, 79, 120.60
0, 10847, 0, 76, 50.83
1, 11940, 100, 79, 134.83
0, 10847, 100, 79, 145.16
1, 11940, 100, 79, 131.84
0, 10847, 100, 80, 132.35
1, 11940, 100, 79, 131.95
0, 10847, 0, 77, 49.39
1, 11940, 100, 79, 130.35
0, 10847, 100, 78, 156.94
1, 11940, 100, 79, 123.52
0, 10847, 100, 79, 159.68
1, 11940, 100, 79, 123.52
0, 10847, 100, 79, 104.92
1, 11940, 100, 79, 122.26
0, 10847, 0, 76, 53.46
1, 11940, 100, 79, 131.95
0, 10847, 100, 79, 166.25
1, 11940, 100, 79, 129.39
0, 10847, 100, 80, 144.60
1, 11940, 100, 79, 131.38
0, 10847, 88, 78, 47.45
1, 11940, 100, 79, 129.16
0, 10847, 0, 76, 76.52
1, 11940, 100, 79, 133.48
0, 10847, 100, 80, 165.77
1, 11940, 100, 79, 130.10
0, 10847, 100, 80, 141.11
1, 11940, 100, 79, 124.77
0, 10847, 0, 77, 47.69
1, 11940, 100, 79, 139.15
0, 10847, 100, 78, 158.82
1, 11940, 100, 79, 130.35
0, 10847, 100, 79, 153.09
1, 11940, 100, 79, 129.48
0, 10847, 100, 79, 103.69
1, 11940, 100, 79, 136.45
0, 10847, 0, 76, 47.44
1, 11940, 100, 79, 135.31
0, 10847, 100, 79, 165.53
1, 11940, 100, 79, 135.04
0, 10847, 100, 79, 154.27
1, 11940, 100, 79, 135.07
0, 10847, 22, 78, 49.15
1, 11940, 100, 79, 130.10
0, 10847, 25, 77, 147.81
1, 11940, 100, 79, 129.49
0, 10847, 100, 80, 166.01
1, 11940, 100, 79, 132.47
0, 10847, 100, 79, 135.84
1, 11940, 100, 79, 135.92
0, 10847, 0, 77, 53.22
1, 11940, 100, 79, 135.53
0, 10847, 100, 79, 160.38
1, 11940, 100, 79, 135.05
0, 10847, 100, 79, 136.64
1, 11940, 100, 79, 135.44
0, 10847, 100, 79, 81.50
1, 11940, 100, 79, 131.51
0, 10847, 0, 76, 52.24
1, 11940, 100, 79, 104.18
0, 10847, 100, 79, 165.29
1, 11940, 100, 79, 135.67
0, 10847, 100, 80, 154.27
1, 11940, 100, 79, 134.83
0, 10847, 0, 77, 53.94
1, 11940, 100, 79, 135.53
0, 10847, 89, 78, 157.63
1, 11940, 100, 79, 126.87
0, 10847, 100, 79, 125.05
1, 11940, 100, 79, 138.10
0, 10847, 100, 79, 141.57
1, 11940, 100, 79, 135.43
0, 10847, 0, 76, 47.69
1, 11940, 100, 79, 135.07
0, 10847, 100, 79, 160.14
1, 11940, 100, 79, 134.82
0, 10847, 100, 79, 130.01
1, 11940, 100, 79, 135.22
0, 10847, 100, 79, 155.69
1, 11940, 100, 79, 121.47
0, 10847, 0, 76, 49.24
1, 11940, 100, 79, 81.51
0, 10847, 100, 79, 165.28
1, 11940, 100, 79, 136.47
0, 10847, 100, 79, 151.75
1, 11940, 100, 79, 129.92
0, 10847, 0, 77, 52.25
1, 11940, 100, 79, 134.81
0, 10847, 83, 78, 180.65
1, 11940, 100, 79, 124.09
0, 10847, 100, 79, 143.20
1, 11940, 100, 79, 156.87
0, 10847, 100, 79, 145.78
1, 11940, 100, 79, 135.17
0, 10847, 0, 76, 47.45
1, 11940, 100, 79, 138.44
0, 10847, 100, 79, 161.34
1, 11940, 100, 79, 134.33
0, 10847, 100, 79, 131.46
1, 11940, 100, 79, 132.20
0, 10847, 100, 79, 140.55
1, 11940, 100, 79, 137.81
0, 10847, 0, 76, 53.45
1, 11940, 100, 79, 135.77
0, 10847, 100, 79, 165.77
1, 11940, 100, 79, 135.04
0, 10847, 100, 79, 151.41
1, 11940, 100, 79, 135.64
0, 10847, 100, 78, 48.88
1, 11940, 100, 79, 134.82
0, 10847, 28, 76, 137.05
1, 11940, 100, 79, 126.64
0, 10847, 100, 80, 141.81
1, 11940, 100, 79, 135.91
0, 10847, 100, 79, 144.67
1, 11940, 100, 79, 135.65
0, 10847, 0, 77, 50.56
1, 11940, 100, 79, 135.78
0, 10847, 100, 78, 159.29
1, 11940, 100, 79, 130.35
0, 10847, 100, 79, 153.33
1, 11940, 100, 79, 124.24
0, 10847, 100, 79, 140.01
1, 11940, 100, 79, 152.34
0, 10847, 0, 76, 46.97
1, 11940, 100, 79, 135.54
0, 10847, 100, 79, 161.07
1, 11940, 100, 79, 135.74
0, 10847, 100, 80, 166.93
1, 11940, 100, 79, 134.56
0, 10847, 100, 79, 138.38
1, 11940, 100, 79, 121.76
0, 10847, 0, 76, 46.77
1, 11940, 100, 79, 120.82
0, 10847, 100, 79, 165.28
1, 11940, 100, 79, 135.75
0, 10847, 100, 79, 151.06
1, 11940, 100, 79, 119.56
0, 10847, 75, 77, 52.53
1, 11940, 100, 79, 120.57
0, 10847, 0, 76, 50.61
1, 11940, 100, 79, 120.13
0, 10847, 100, 80, 166.13
1, 11940, 100, 79, 121.36
0, 10847, 100, 79, 154.32
1, 11940, 100, 79, 120.97
0, 10847, 0, 77, 53.98
1, 11940, 100, 79, 120.82
0, 10847, 0, 76, 169.03
1, 11940, 100, 79, 123.27
0, 10847, 100, 80, 165.88
1, 11940, 100, 79, 126.53
0, 10847, 100, 79, 135.46
1, 11940, 100, 79, 128.12
0, 10847, 0, 77, 48.17
1, 11940, 100, 79, 134.34
0, 10847, 57, 78, 161.32
1, 11940, 100, 79, 123.76
0, 10847, 100, 80, 91.05
1, 11940, 100, 79, 77.06
0, 10847, 100, 79, 141.82
1, 11940, 100, 79, 129.78
0, 10847, 0, 77, 53.21
1, 11940, 100, 79, 129.61
0, 10847, 100, 78, 157.38
1, 11940, 100, 79, 129.90
0, 10847, 100, 79, 151.53
1, 11940, 100, 79, 123.78
0, 10847, 100, 79, 144.50
1, 11940, 100, 79, 83.50
0, 10847, 0, 76, 48.42
1, 11940, 100, 79, 135.07
0, 10847, 100, 79, 162.52
1, 11940, 100, 79, 135.76
0, 10847, 100, 79, 135.21
1, 11940, 100, 79, 130.27
0, 10847, 100, 79, 81.76
1, 11940, 100, 79, 134.62
0, 10847, 0, 76, 47.93
1, 11940, 100, 79, 135.31
0, 10847, 100, 79, 166.22
1, 11940, 100, 79, 135.43
0, 10847, 100, 79, 151.90
1, 11940, 100, 79, 135.31
0, 10847, 100, 78, 48.66
1, 11940, 100, 79, 133.96
0, 10847, 0, 76, 47.44
1, 11940, 100, 79, 137.27
0, 10847, 100, 79, 166.22
1, 11940, 100, 79, 135.04
0, 10847, 100, 79, 122.83
1, 11940, 100, 79, 140.73
0, 10847, 55, 77, 53.69
1, 11940, 100, 79, 139.04
0, 10847, 78, 78, 179.62
1, 11940, 100, 79, 121.49
0, 10847, 100, 79, 150.48
1, 11940, 100, 79, 129.91
0, 10847, 100, 79, 144.46
1, 11940, 100, 79, 124.99
0, 10847, 0, 77, 53.46
1, 11940, 100, 79, 131.29
0, 10847, 96, 78, 156.94
1, 11940, 100, 79, 123.06
0, 10847, 100, 79, 107.55
1, 11940, 100, 79, 75.60
0, 10847, 100, 79, 131.96
1, 11940, 100, 79, 125.10
0, 10847, 0, 77, 53.95
1, 11940, 100, 79, 125.54
0, 10847, 100, 78, 152.71
1, 11940, 100, 79, 128.07
0, 10847, 100, 79, 170.08
1, 11940, 100, 79, 114.01
0, 10847, 100, 79, 143.39
1, 11940, 100, 79, 135.41
0, 10847, 0, 76, 47.70
1, 11940, 100, 79, 130.12
0, 10847, 100, 78, 157.14
1, 11940, 100, 79, 134.35
0, 10847, 100, 79, 153.32
1, 11940, 100, 79, 121.15
0, 10847, 100, 79, 131.52
1, 11940, 100, 79, 109.00
0, 10847, 0, 76, 46.97
1, 11940, 100, 79, 130.12
0, 10847, 100, 79, 157.86
1, 11940, 100, 79, 134.59
0, 10847, 100, 79, 131.95
1, 11940, 100, 79, 129.09
0, 10847, 100, 79, 142.78
1, 11940, 100, 79, 132.82
0, 10847, 0, 76, 52.25
1, 11940, 100, 79, 130.02
0, 10847, 100, 79, 163.50
1, 11940, 100, 79, 124.23
0, 10847, 100, 79, 145.14
1, 11940, 100, 79, 134.21
0, 10847, 100, 79, 156.20
1, 11940, 100, 79, 125.46
0, 10847, 0, 76, 46.97
1, 11940, 100, 79, 135.08
0, 10847, 100, 79, 166.02
1, 11940, 100, 79, 129.86
0, 10847, 100, 79, 151.64
1, 11940, 100, 79, 137.46
0, 10847, 100, 79, 129.87
1, 11940, 100, 79, 122.91
0, 10847, 0, 76, 47.70
1, 11940, 100, 79, 140.48
0, 10847, 100, 80, 165.50
1, 11940, 100, 79, 138.53
0, 10847, 100, 79, 151.88
1, 11940, 100, 79, 136.50
0, 10847, 64, 78, 54.66
1, 11940, 100, 79, 135.53
0, 10847, 0, 76, 53.21
1, 11940, 100, 79, 135.53
0, 10847, 100, 79, 146.00
1, 11940, 100, 79, 138.67
0, 10847, 100, 79, 137.84
1, 11940, 100, 79, 131.93
0, 10847, 15, 77, 48.65
1, 11940, 100, 79, 135.30
0, 10847, 0, 77, 147.43
1, 11940, 100, 79, 121.64
0, 10847, 100, 80, 165.74
1, 11940, 100, 79, 138.86
0, 10847, 100, 79, 150.67
1, 11940, 100, 79, 138.89
0, 10847, 0, 77, 49.87
1, 11940, 100, 79, 134.82
0, 10847, 48, 78, 156.58
1, 11940, 100, 79, 118.35
0, 10847, 100, 80, 132.24
1, 11940, 100, 79, 77.21
0, 10847, 100, 79, 137.14
1, 11940, 100, 79, 124.84
0, 10847, 0, 77, 53.01
1, 11940, 100, 79, 123.94
0, 10847, 86, 78, 171.39
1, 11940, 100, 79, 120.41
0, 10847, 100, 80, 166.37
1, 11940, 100, 79, 123.49
0, 10847, 100, 79, 144.92
1, 11940, 100, 79, 129.06
0, 10847, 0, 77, 52.98
1, 11940, 100, 79, 123.68
0, 10847, 21, 78, 177.58
1, 11940, 100, 78, 122.20
0, 10847, 100, 79, 149.37
1, 11940, 100, 79, 129.73
0, 10847, 100, 79, 139.21
1, 11940, 100, 79, 129.78
0, 10847, 0, 77, 54.18
1, 11940, 100, 79, 137.60
0, 10847, 0, 78, 184.25
1, 11940, 100, 79, 116.06
0, 10847, 100, 80, 145.16
1, 11940, 100, 79, 135.17
0, 10847, 100, 79, 139.64
1, 11940, 100, 79, 141.55
0, 10847, 0, 77, 48.38
1, 11940, 100, 79, 144.32
0, 10847, 100, 78, 149.51
1, 11940, 100, 79, 134.85
0, 10847, 100, 80, 113.29
1, 11940, 100, 79, 152.40
0, 10847, 100, 80, 139.41
1, 11940, 100, 79, 138.94
0, 10847, 0, 77, 53.21
1, 11940, 100, 79, 138.56
0, 10847, 100, 79, 159.65
1, 11940, 100, 79, 139.26
0, 10847, 100, 79, 154.15
1, 11940, 100, 79, 124.02
0, 10847, 100, 79, 131.85
1, 11940, 100, 79, 139.44
0, 10847, 0, 76, 47.45
1, 11940, 100, 79, 139.39
0, 10847, 100, 78, 156.44
1, 11940, 100, 79, 125.91
0, 10847, 100, 79, 156.41
1, 11940, 100, 79, 109.17
0, 10847, 100, 79, 140.72
1, 11940, 100, 79, 125.07
0, 10847, 0, 76, 47.22
1, 11940, 100, 79, 126.54
0, 10847, 100, 78, 152.01
1, 11940, 100, 79, 127.83
0, 10847, 100, 79, 93.70
1, 11940, 100, 78, 73.92
0, 10847, 100, 79, 139.77
1, 11940, 100, 79, 125.80
0, 10847, 0, 77, 47.93
1, 11940, 100, 79, 129.86
0, 10847, 92, 78, 159.21
1, 11940, 100, 79, 127.53
0, 10847, 100, 80, 166.13
1, 11940, 100, 79, 80.34
0, 10847, 100, 79, 132.09
1, 11940, 100, 79, 135.44
0, 10847, 0, 77, 47.69
1, 11940, 100, 79, 134.84
0, 10847, 69, 78, 155.01
1, 11940, 100, 79, 128.95
0, 10847, 100, 79, 144.85
1, 11940, 100, 79, 93.30
0, 10847, 100, 79, 131.14
1, 11940, 100, 79, 135.22
0, 10847, 0, 77, 54.17
1, 11940, 100, 79, 135.05
0, 10847, 100, 78, 158.34
1, 11940, 100, 79, 132.05
0, 10847, 100, 80, 145.78
1, 11940, 100, 79, 136.35
0, 10847, 100, 79, 137.74
1, 11940, 100, 79, 136.14
0, 10847, 0, 77, 51.77
1, 11940, 100, 79, 135.05
0, 10847, 75, 78, 179.34
1, 11940, 100, 79, 126.90
0, 10847, 100, 79, 145.54
1, 11940, 100, 79, 133.97
0, 10847, 100, 80, 140.85
1, 11940, 100, 79, 136.38
0, 10847, 0, 77, 51.28
1, 11940, 100, 79, 135.07
0, 10847, 36, 78, 164.95
1, 11940, 100, 79, 129.54
0, 10847, 100, 79, 149.83
1, 11940, 100, 79, 136.04
0, 10847, 100, 80, 147.67
1, 11940, 100, 79, 135.65
0, 10847, 0, 77, 48.38
1, 11940, 100, 79, 135.07
0, 10847, 93, 77, 166.74
1, 11940, 100, 79, 128.82
0, 10847, 100, 80, 165.74
1, 11940, 100, 79, 135.51
0, 10847, 100, 80, 148.18
1, 11940, 100, 79, 135.17
0, 10847, 0, 77, 54.17
1, 11940, 100, 79, 135.29
0, 10847, 32, 77, 185.60
1, 11940, 100, 79, 137.68
0, 10847, 100, 79, 144.59
1, 11940, 100, 79, 135.82
0, 10847, 100, 79, 141.09
1, 11940, 100, 79, 135.42
0, 10847, 0, 77, 48.41
1, 11940, 100, 79, 138.18
0, 10847, 0, 76, 131.05
1, 11940, 100, 79, 129.22
0, 10847, 100, 79, 166.70
1, 11940, 100, 79, 135.27
0, 10847, 100, 79, 154.27
1, 11940, 100, 79, 135.31
0, 10847, 74, 78, 53.70
1, 11940, 100, 79, 130.33
0, 10847, 0, 76, 51.76
1, 11940, 100, 79, 135.53
0, 10847, 100, 80, 165.99
1, 11940, 100, 79, 136.21
0, 10847, 100, 79, 147.94
1, 11940, 100, 79, 135.57
0, 10847, 36, 78, 49.14
1, 11940, 100, 79, 135.07
0, 10847, 0, 76, 47.45
1, 11940, 100, 79, 137.62
0, 10847, 100, 79, 165.50
1, 11940, 100, 79, 133.84
0, 10847, 100, 80, 154.03
1, 11940, 100, 79, 135.07
0, 10847, 100, 78, 54.43
1, 11940, 100, 79, 128.19
0, 10847, 0, 76, 47.29
1, 11940, 100, 79, 88.95
0, 10847, 100, 79, 165.50
1, 11940, 100, 79, 135.04
0, 10847, 100, 79, 145.06
1, 11940, 100, 79, 135.17
0, 10847, 100, 79, 134.20
1, 11940, 100, 79, 117.03
0, 10847, 0, 76, 47.21
1, 11940, 100, 79, 136.50
0, 10847, 100, 79, 165.50
1, 11940, 100, 79, 135.99
0, 10847, 100, 79, 136.89
1, 11940, 100, 79, 130.03
0, 10847, 100, 79, 84.34
1, 11940, 100, 79, 142.67
0, 10847, 0, 76, 47.44
1, 11940, 100, 79, 135.54
0, 10847, 100, 79, 162.98
1, 11940, 100, 79, 135.29
0, 10847, 100, 79, 123.15
1, 11940, 100, 79, 135.09
0, 10847, 100, 79, 142.78
1, 11940, 100, 79, 134.24
0, 10847, 0, 76, 48.38
1, 11940, 100, 79, 136.97
0, 10847, 100, 79, 164.34
1, 11940, 100, 79, 135.04
0, 10847, 100, 79, 159.53
1, 11940, 100, 79, 128.67
0, 10847, 100, 80, 154.74
1, 11940, 100, 79, 128.46
0, 10847, 0, 76, 52.49
1, 11940, 100, 79, 136.25
0, 10847, 100, 79, 157.15
1, 11940, 100, 79, 129.90
0, 10847, 100, 79, 175.60
1, 11940, 100, 79, 135.68
0, 10847, 100, 80, 141.09
1, 11940, 100, 79, 136.62
0, 10847, 0, 77, 48.42
1, 11940, 100, 79, 134.82
0, 10847, 100, 77, 148.91
1, 11940, 100, 79, 125.45
0, 10847, 100, 80, 142.05
1, 11940, 100, 79, 135.67
0, 10847, 100, 80, 138.45
1, 11940, 100, 79, 136.38
0, 10847, 0, 77, 52.01
1, 11940, 100, 79, 135.29
0, 10847, 26, 77, 162.51
1, 11940, 100, 79, 120.07
0, 10847, 100, 80, 158.09
1, 11940, 100, 79, 135.56
0, 10847, 100, 79, 153.79
1, 11940, 100, 79, 135.77
0, 10847, 37, 77, 48.66
1, 11940, 100, 79, 135.07
0, 10847, 0, 76, 46.97
1, 11940, 100, 79, 127.98
0, 10847, 100, 79, 165.04
1, 11940, 100, 79, 136.23
0, 10847, 100, 80, 158.34
1, 11940, 100, 79, 135.06
0, 10847, 100, 79, 77.23
1, 11940, 100, 79, 124.79
0, 10847, 0, 76, 52.01
1, 11940, 100, 79, 136.01
0, 10847, 100, 79, 165.99
1, 11940, 100, 79, 135.99
0, 10847, 100, 79, 142.43
1, 11940, 100, 79, 135.41
0, 10847, 100, 79, 80.53
1, 11940, 100, 79, 138.16
0, 10847, 0, 76, 46.73
1, 11940, 100, 79, 136.74
0, 10847, 100, 79, 159.43
1, 11940, 100, 79, 135.29
0, 10847, 100, 79, 136.41
1, 11940, 100, 79, 135.23
0, 10847, 100, 79, 144.26
1, 11940, 100, 79, 134.45
0, 10847, 0, 76, 53.21
1, 11940, 100, 80, 135.53
0, 10847, 100, 79, 159.90
1, 11940, 100, 79, 135.52
0, 10847, 100, 79, 160.97
1, 11940, 100, 79, 122.96
0, 10847, 100, 79, 144.59
1, 11940, 100, 79, 135.41
0, 10847, 0, 77, 51.53
1, 11940, 100, 79, 136.25
0, 10847, 63, 78, 157.87
1, 11940, 100, 79, 128.94
0, 10847, 100, 80, 149.83
1, 11940, 100, 79, 135.41
0, 10847, 100, 79, 142.05
1, 11940, 100, 79, 135.65
0, 10847, 0, 77, 49.86
1, 11940, 100, 79, 135.31
0, 10847, 6, 76, 67.88
1, 11940, 100, 79, 127.80
0, 10847, 100, 79, 165.67
1, 11940, 100, 79, 117.36
0, 10847, 100, 79, 151.30
1, 11940, 100, 79, 123.07
0, 10847, 84, 78, 52.78
1, 11940, 100, 79, 115.84
0, 10847, 0, 76, 51.29
1, 11940, 100, 79, 124.09
0, 10847, 100, 79, 165.18
1, 11940, 100, 79, 125.81
0, 10847, 100, 79, 131.25
1, 11940, 100, 79, 123.68
0, 10847, 100, 79, 136.54
1, 11940, 100, 79, 108.05
0, 10847, 0, 76, 52.98
1, 11940, 100, 79, 131.47
0, 10847, 100, 78, 155.10
1, 11940, 100, 79, 124.49
0, 10847, 100, 79, 100.39
1, 11940, 100, 78, 75.60
0, 10847, 100, 79, 131.71
1, 11940, 100, 79, 130.28
0, 10847, 0, 77, 53.45
1, 11940, 100, 79, 134.33
0, 10847, 0, 76, 155.44
1, 11940, 100, 79, 75.29
0, 10847, 100, 80, 166.23
1, 11940, 100, 79, 136.21
0, 10847, 100, 79, 151.16
1, 11940, 100, 79, 140.54
0, 10847, 61, 78, 52.49
1, 11940, 100, 79, 137.69
0, 10847, 0, 76, 52.53
1, 11940, 100, 79, 115.18
0, 10847, 100, 79, 166.12
1, 11940, 100, 79, 129.15
0, 10847, 100, 79, 144.46
1, 11940, 100, 79, 129.06
0, 10847, 100, 79, 82.48
1, 11940, 100, 79, 135.51
0, 10847, 0, 76, 50.81
1, 11940, 100, 79, 129.63
0, 10847, 100, 78, 159.44
1, 11940, 100, 79, 129.40
0, 10847, 100, 79, 174.64
1, 11940, 100, 79, 117.04
0, 10847, 100, 79, 143.48
1, 11940, 100, 79, 131.83
0, 10847, 0, 77, 48.66
1, 11940, 100, 79, 131.55
0, 10847, 3, 77, 145.33
1, 11940, 100, 79, 116.27
0, 10847, 100, 79, 165.77
1, 11940, 100, 79, 131.94
0, 10847, 100, 79, 154.04
1, 11940, 100, 79, 131.33
0, 10847, 100, 78, 48.42
1, 11940, 100, 79, 124.19
0, 10847, 0, 76, 46.58
1, 11940, 100, 79, 78.62
0, 10847, 100, 79, 165.39
1, 11940, 100, 79, 134.56
0, 10847, 100, 79, 144.67
1, 11940, 100, 79, 134.93
0, 10847, 100, 79, 156.16
1, 11940, 100, 79, 134.75
0, 10847, 0, 76, 46.72
1, 11940, 100, 79, 139.63
0, 10847, 100, 78, 159.89
1, 11940, 100, 79, 138.39
0, 10847, 100, 79, 152.46
1, 11940, 100, 79, 133.02
0, 10847, 100, 79, 137.26
1, 11940, 100, 79, 140.14
0, 10847, 0, 76, 47.69
1, 11940, 100, 79, 141.21
0, 10847, 100, 78, 152.85
1, 11940, 100, 79, 138.32
0, 10847, 100, 79, 145.11
1, 11940, 100, 79, 131.80
0, 10847, 100, 79, 154.21
1, 11940, 100, 78, 108.21
0, 10847, 0, 77, 47.46
1, 11940, 100, 78, 128.92
0, 10847, 0, 75, 46.58
1, 11940, 100, 79, 82.97
0, 10847, 100, 79, 165.99
1, 11940, 100, 79, 135.27
0, 10847, 100, 80, 148.42
1, 11940, 100, 79, 135.41
0, 10847, 100, 79, 78.43
1, 11940, 100, 79, 135.45
0, 10847, 0, 76, 47.45
1, 11940, 100, 79, 135.78
0, 10847, 100, 78, 160.37
1, 11940, 100, 79, 139.02
0, 10847, 100, 79, 154.13
1, 11940, 100, 79, 131.09
0, 10847, 100, 80, 154.51
1, 11940, 100, 79, 135.31
0, 10847, 0, 76, 53.69
1, 11940, 100, 79, 140.24
0, 10847, 86, 78, 156.56
1, 11940, 100, 79, 138.15
0, 10847, 100, 79, 151.39
1, 11940, 100, 79, 142.15
0, 10847, 100, 80, 157.04
1, 11940, 100, 79, 138.32
0, 10847, 0, 77, 48.41
1, 11940, 100, 79, 139.05
0, 10847, 0, 75, 46.97
1, 11940, 100, 79, 136.43
0, 10847, 100, 79, 165.63
1, 11940, 100, 79, 142.25
0, 10847, 100, 79, 156.56
1, 11940, 100, 79, 138.63
0, 10847, 100, 79, 141.24
1, 11940, 100, 79, 126.52
0, 10847, 0, 76, 52.72
1, 11940, 100, 79, 140.96
0, 10847, 100, 79, 165.25
1, 11940, 100, 79, 139.24
0, 10847, 100, 79, 132.57
1, 11940, 100, 79, 139.42
0, 10847, 100, 79, 140.85
1, 11940, 100, 79, 140.82
0, 10847, 0, 76, 53.45
1, 11940, 100, 79, 135.77
0, 10847, 100, 79, 160.85
1, 11940, 100, 79, 135.76
0, 10847, 100, 79, 176.68
1, 11940, 100, 79, 113.54
0, 10847, 100, 79, 141.84
1, 11940, 100, 79, 124.11
0, 10847, 0, 77, 54.19
1, 11940, 100, 79, 130.09
0, 10847, 5, 76, 129.10
1, 11940, 100, 79, 116.64
0, 10847, 100, 79, 165.65
1, 11940, 100, 79, 124.21
0, 10847, 100, 79, 153.83
1, 11940, 100, 79, 129.19
0, 10847, 100, 79, 138.34
1, 11940, 100, 79, 119.51
0, 10847, 0, 76, 47.45
1, 11940, 100, 79, 135.54
0, 10847, 100, 79, 159.66
1, 11940, 100, 79, 132.03
0, 10847, 100, 79, 121.38
1, 11940, 100, 79, 120.91
0, 10847, 100, 79, 137.35
1, 11940, 100, 79, 134.73
0, 10847, 0, 76, 48.65
1, 11940, 100, 79, 135.31
0, 10847, 43, 78, 164.70
1, 11940, 100, 79, 128.69
0, 10847, 100, 80, 165.77
1, 11940, 100, 79, 135.27
0, 10847, 100, 79, 156.42
1, 11940, 100, 79, 134.83
0, 10847, 7, 77, 48.90
1, 11940, 100, 79, 129.63
0, 10847, 0, 76, 47.04
1, 11940, 100, 79, 91.06
0, 10847, 100, 79, 165.65
1, 11940, 100, 79, 124.37
0, 10847, 100, 79, 143.63
1, 11940, 100, 79, 134.46
0, 10847, 100, 79, 136.64
1, 11940, 100, 78, 137.24
0, 10847, 0, 76, 50.31
1, 11940, 100, 79, 135.30
0, 10847, 100, 78, 158.93
1, 11940, 100, 79, 138.15
0, 10847, 100, 80, 162.50
1, 11940, 100, 79, 80.91
0, 10847, 100, 79, 138.21
1, 11940, 100, 79, 136.38
0, 10847, 0, 77, 49.59
1, 11940, 100, 79, 138.58
0, 10847, 0, 75, 48.18
1, 11940, 100, 79, 136.67
0, 10847, 100, 79, 165.50
1, 11940, 100, 79, 135.75
0, 10847, 100, 79, 153.79
1, 11940, 100, 79, 135.31
0, 10847, 100, 79, 146.71
1, 11940, 100, 79, 116.99
0, 10847, 0, 76, 53.21
1, 11940, 100, 79, 139.52
0, 10847, 100, 79, 165.15
1, 11940, 100, 79, 135.51
0, 10847, 100, 79, 149.98
1, 11940, 100, 79, 129.56
0, 10847, 100, 79, 145.78
1, 11940, 100, 79, 135.19
0, 10847, 0, 76, 47.21
1, 11940, 100, 79, 138.35
0, 10847, 86, 78, 165.02
1, 11940, 100, 79, 135.76
0, 10847, 100, 79, 165.74
1, 11940, 100, 79, 139.24
0, 10847, 100, 79, 126.43
1, 11940, 100, 79, 138.81
0, 10847, 100, 79, 81.97
1, 11940, 100, 79, 135.87
0, 10847, 0, 76, 53.03
1, 11940, 100, 79, 94.66
0, 10847, 100, 79, 165.74
1, 11940, 100, 79, 135.75
0, 10847, 100, 79, 154.26
1, 11940, 100, 79, 138.39
0, 10847, 100, 79, 142.38
1, 11940, 100, 79, 151.55
0, 10847, 0, 76, 48.17
1, 11940, 100, 79, 126.34
0, 10847, 100, 78, 156.48
1, 11940, 100, 79, 120.73
0, 10847, 100, 80, 165.89
1, 11940, 100, 79, 123.75
0, 10847, 100, 79, 147.57
1, 11940, 100, 79, 123.61
0, 10847, 0, 77, 52.53
1, 11940, 100, 79, 123.46
0, 10847, 0, 76, 51.08
1, 11940, 100, 79, 125.79
0, 10847, 100, 79, 165.16
1, 11940, 100, 79, 129.39
0, 10847, 100, 80, 145.54
1, 11940, 100, 79, 133.52
0, 10847, 100, 79, 148.32
1, 11940, 100, 79, 135.56
0, 10847, 0, 76, 51.04
1, 11940, 100, 79, 135.77
0, 10847, 75, 78, 156.21
1, 11940, 100, 79, 129.18
0, 10847, 100, 80, 166.10
1, 11940, 100, 79, 130.58
0, 10847, 100, 79, 137.37
1, 11940, 100, 79, 130.74
0, 10847, 100, 78, 49.38
1, 11940, 100, 79, 129.15
0, 10847, 0, 76, 47.21
1, 11940, 100, 79, 130.59
0, 10847, 100, 79, 162.17
1, 11940, 100, 79, 138.78
0, 10847, 100, 80, 166.96
1, 11940, 100, 79, 129.80
0, 10847, 100, 79, 144.81
1, 11940, 100, 79, 131.67
0, 10847, 0, 76, 53.69
1, 11940, 100, 79, 138.56
0, 10847, 100, 78, 152.36
1, 11940, 100, 79, 137.70
0, 10847, 100, 80, 165.74
1, 11940, 100, 79, 136.23
0, 10847, 100, 80, 156.89
1, 11940, 100, 79, 138.87
0, 10847, 60, 77, 52.98
1, 11940, 100, 79, 135.05
0, 10847, 0, 76, 52.60
1, 11940, 100, 79, 81.49
0, 10847, 100, 79, 165.97
1, 11940, 100, 79, 139.24
0, 10847, 100, 79, 149.73
1, 11940, 100, 79, 138.89
0, 10847, 100, 79, 141.71
1, 11940, 100, 79, 134.83
0, 10847, 0, 76, 50.31
1, 11940, 100, 79, 138.65
0, 10847, 100, 78, 161.55
1, 11940, 100, 79, 138.86
0, 10847, 100, 79, 101.56
1, 11940, 100, 79, 134.53
0, 10847, 100, 80, 144.81
1, 11940, 100, 79, 139.16
0, 10847, 0, 77, 48.48
1, 11940, 100, 78, 88.19
0, 10847, 0, 75, 46.76
1, 11940, 100, 78, 112.32
0, 10847, 100, 78, 159.68
1, 11940, 100, 79, 129.17
0, 10847, 100, 79, 197.79
1, 11940, 100, 79, 121.66
0, 10847, 100, 79, 136.77
1, 11940, 100, 79, 143.47
0, 10847, 0, 76, 48.14
1, 11940, 100, 79, 140.01
0, 10847, 0, 76, 148.94
1, 11940, 100, 79, 127.03
0, 10847, 100, 79, 165.49
1, 11940, 100, 79, 144.88
0, 10847, 100, 79, 154.26
1, 11940, 100, 79, 139.11
0, 10847, 100, 79, 140.97
1, 11940, 100, 79, 123.10
0, 10847, 0, 76, 46.96
1, 11940, 100, 80, 140.73
0, 10847, 100, 79, 162.08
1, 11940, 100, 79, 123.26
0, 10847, 100, 80, 197.29
1, 11940, 100, 79, 123.25
0, 10847, 100, 79, 146.36
1, 11940, 100, 79, 129.76
0, 10847, 0, 76, 48.42
1, 11940, 100, 79, 135.07
0, 10847, 0, 75, 96.75
1, 11940, 100, 79, 98.62
0, 10847, 100, 79, 165.28
1, 11940, 100, 79, 135.75
0, 10847, 100, 80, 150.31
1, 11940, 100, 79, 135.08
0, 10847, 100, 78, 164.48
1, 11940, 100, 79, 135.56
0, 10847, 0, 76, 46.96
1, 11940, 100, 79, 135.78
0, 10847, 100, 78, 155.47
1, 11940, 100, 79, 135.07
0, 10847, 100, 79, 85.31
1, 11940, 100, 78, 74.17
0, 10847, 100, 79, 154.03
1, 11940, 100, 79, 135.07
0, 10847, 4, 77, 50.09
1, 11940, 100, 79, 134.82
0, 10847, 0, 76, 48.48
1, 11940, 100, 79, 110.57
0, 10847, 100, 79, 165.78
1, 11940, 100, 79, 129.86
0, 10847, 100, 79, 132.59
1, 11940, 100, 79, 131.48
0, 10847, 100, 79, 142.19
1, 11940, 100, 78, 148.28
0, 10847, 0, 76, 48.42
1, 11940, 100, 79, 136.02
0, 10847, 100, 78, 158.48
1, 11940, 100, 79, 129.64
0, 10847, 100, 80, 162.53
1, 11940, 100, 79, 130.61
0, 10847, 100, 80, 152.01
1, 11940, 100, 79, 130.39
0, 10847, 67, 78, 52.98
1, 11940, 100, 79, 129.61
0, 10847, 0, 76, 51.77
1, 11940, 100, 79, 136.01
0, 10847, 100, 79, 165.29
1, 11940, 100, 79, 135.75
0, 10847, 100, 79, 133.29
1, 11940, 100, 79, 134.10
0, 10847, 100, 80, 154.03
1, 11940, 100, 79, 135.77
0, 10847, 0, 76, 50.08
1, 11940, 100, 79, 136.49
0, 10847, 18, 77, 160.50
1, 11940, 100, 79, 122.08
0, 10847, 100, 80, 166.01
1, 11940, 100, 79, 135.51
0, 10847, 100, 79, 157.14
1, 11940, 100, 79, 134.83
0, 10847, 100, 79, 130.06
1, 11940, 100, 79, 120.29
0, 10847, 0, 76, 47.93
1, 11940, 100, 79, 135.31
0, 10847, 100, 79, 162.74
1, 11940, 100, 79, 134.82
0, 10847, 100, 78, 173.56
1, 11940, 100, 79, 117.32
0, 10847, 100, 79, 131.68
1, 11940, 100, 79, 135.95
0, 10847, 0, 77, 54.42
1, 11940, 100, 79, 135.05
0, 10847, 0, 76, 52.97
1, 11940, 100, 79, 131.76
0, 10847, 100, 79, 165.05
1, 11940, 100, 79, 135.75
0, 10847, 100, 79, 148.40
1, 11940, 100, 79, 135.40
0, 10847, 100, 79, 127.37
1, 11940, 100, 79, 138.55
0, 10847, 0, 76, 47.21
1, 11940, 100, 79, 135.78
0, 10847, 100, 78, 154.04
1, 11940, 100, 79, 133.96
0, 10847, 100, 80, 151.89
1, 11940, 100, 79, 135.40
0, 10847, 100, 79, 151.19
1, 11940, 100, 79, 135.80
0, 10847, 20, 78, 48.90
1, 11940, 100, 79, 128.44
0, 10847, 0, 76, 46.97
1, 11940, 100, 79, 135.08
0, 10847, 100, 79, 162.49
1, 11940, 100, 79, 143.30
0, 10847, 100, 79, 158.44
1, 11940, 100, 79, 138.15
0, 10847, 100, 80, 154.50
1, 11940, 100, 79, 141.43
0, 10847, 0, 77, 53.69
1, 11940, 100, 79, 138.08
0, 10847, 0, 76, 175.31
1, 11940, 100, 79, 127.43
0, 10847, 100, 79, 165.40
1, 11940, 100, 79, 129.15
0, 10847, 100, 80, 158.83
1, 11940, 100, 79, 126.14
0, 10847, 100, 78, 137.60
1, 11940, 100, 79, 121.65
0, 10847, 0, 76, 52.73
1, 11940, 100, 79, 129.61
0, 10847, 100, 78, 156.71
1, 11940, 100, 79, 121.21
0, 10847, 100, 79, 166.10
1, 11940, 100, 79, 126.30
0, 10847, 100, 79, 154.28
1, 11940, 100, 79, 130.36
0, 10847, 39, 78, 51.31
1, 11940, 100, 79, 128.43
0, 10847, 0, 76, 49.38
1, 11940, 100, 79, 130.97
0, 10847, 100, 78, 162.29
1, 11940, 100, 79, 131.22
0, 10847, 100, 79, 196.69
1, 11940, 100, 79, 118.33
0, 10847, 100, 79, 142.05
1, 11940, 100, 79, 135.67
0, 10847, 0, 77, 48.17
1, 11940, 100, 79, 134.58
0, 10847, 0, 76, 46.65
1, 11940, 100, 78, 155.21
0, 10847, 100, 79, 165.29
1, 11940, 100, 79, 135.51
0, 10847, 100, 79, 141.57
1, 11940, 100, 79, 134.71
0, 10847, 100, 79, 154.34
1, 11940, 100, 79, 88.48
0, 10847, 0, 76, 50.06
1, 11940, 100, 79, 136.97
0, 10847, 100, 77, 158.93
1, 11940, 100, 79, 128.47
0, 10847, 100, 80, 165.74
1, 11940, 100, 79, 135.75
0, 10847, 100, 80, 152.12
1, 11940, 100, 79, 136.04
0, 10847, 100, 79, 138.17
1, 11940, 100, 79, 123.40
0, 10847, 0, 76, 52.49
1, 11940, 100, 79, 135.29
0, 10847, 100, 79, 162.74
1, 11940, 100, 79, 135.29
0, 10847, 100, 78, 172.95
1, 11940, 100, 79, 117.76
0, 10847, 100, 79, 136.15
1, 11940, 100, 79, 136.40
0, 10847, 0, 77, 53.21
1, 11940, 100, 79, 134.97
0, 10847, 0, 76, 51.75
1, 11940, 100, 79, 153.80
0, 10847, 100, 79, 165.99
1, 11940, 100, 79, 136.23
0, 10847, 100, 79, 150.07
1, 11940, 100, 79, 134.60
0, 10847, 100, 80, 147.45
1, 11940, 100, 79, 135.65
0, 10847, 0, 76, 48.66
1, 11940, 100, 79, 136.02
0, 10847, 7, 77, 159.04
1, 11940, 100, 79, 123.60
0, 10847, 100, 79, 165.99
1, 11940, 100, 79, 136.47
0, 10847, 100, 79, 153.79
1, 11940, 100, 79, 135.31
0, 10847, 100, 79, 155.69
1, 11940, 100, 79, 133.69
0, 10847, 0, 76, 52.24
1, 11940, 100, 79, 136.01
0, 10847, 100, 79, 162.04
1, 11940, 100, 79, 135.29
0, 10847, 100, 79, 153.78
1, 11940, 100, 79, 80.01
0, 10847, 100, 80, 139.65
1, 11940, 100, 79, 135.91
0, 10847, 38, 77, 48.67
1, 11940, 100, 79, 130.12
0, 10847, 0, 76, 46.49
1, 11940, 100, 79, 136.02
0, 10847, 100, 79, 164.81
1, 11940, 100, 79, 135.75
0, 10847, 100, 79, 150.08
1, 11940, 100, 79, 135.35
0, 10847, 100, 79, 140.85
1, 11940, 100, 79, 135.91
0, 10847, 0, 76, 48.65
1, 11940, 100, 79, 135.55
0, 10847, 0, 76, 144.41
1, 11940, 100, 79, 72.31
0, 10847, 100, 79, 165.50
1, 11940, 100, 79, 135.99
0, 10847, 100, 79, 151.02
1, 11940, 100, 79, 135.32
0, 10847, 100, 79, 139.89
1, 11940, 100, 79, 139.81
0, 10847, 0, 76, 53.21
1, 11940, 100, 79, 139.28
0, 10847, 100, 78, 158.09
1, 11940, 100, 79, 135.55
0, 10847, 100, 79, 144.82
1, 11940, 100, 79, 137.02
0, 10847, 100, 79, 154.03
1, 11940, 100, 79, 136.02
0, 10847, 100, 79, 105.61
1, 11940, 100, 79, 123.95
0, 10847, 0, 76, 50.07
1, 11940, 100, 79, 135.77
0, 10847, 100, 79, 164.91
1, 11940, 100, 79, 135.75
0, 10847, 100, 79, 114.42
1, 11940, 100, 79, 139.79
0, 10847, 100, 79, 147.19
1, 11940, 100, 79, 136.99
0, 10847, 31, 77, 48.17
1, 11940, 100, 79, 135.31
0, 10847, 0, 75, 46.58
1, 11940, 100, 79, 78.38
0, 10847, 100, 79, 165.26
1, 11940, 100, 79, 135.75
0, 10847, 100, 79, 140.61
1, 11940, 100, 79, 135.65
0, 10847, 100, 79, 144.23
1, 11940, 100, 79, 123.63
0, 10847, 0, 76, 47.71
1, 11940, 100, 79, 123.23
0, 10847, 0, 75, 47.22
1, 11940, 100, 79, 124.89
0, 10847, 100, 79, 165.22
1, 11940, 100, 79, 115.94
0, 10847, 100, 79, 144.48
1, 11940, 100, 79, 123.87
0, 10847, 100, 79, 154.15
1, 11940, 100, 79, 124.25
0, 10847, 0, 76, 49.86
1, 11940, 100, 79, 128.91
0, 10847, 0, 75, 139.18
1, 11940, 100, 79, 76.10
0, 10847, 100, 79, 165.29
1, 11940, 100, 79, 135.04
0, 10847, 100, 79, 151.02
1, 11940, 100, 79, 135.32
0, 10847, 100, 80, 153.98
1, 11940, 100, 79, 147.63
0, 10847, 0, 76, 52.25
1, 11940, 100, 79, 136.01
0, 10847, 100, 78, 156.94
1, 11940, 100, 79, 125.91
0, 10847, 100, 80, 165.74
1, 11940, 100, 79, 135.51
0, 10847, 100, 79, 143.94
1, 11940, 100, 79, 136.13
0, 10847, 100, 79, 138.08
1, 11940, 100, 79, 120.55
0, 10847, 0, 76, 52.00
1, 11940, 100, 79, 135.22
0, 10847, 100, 79, 164.34
1, 11940, 100, 79, 135.99
0, 10847, 100, 79, 100.59
1, 11940, 100, 78, 149.61
0, 10847, 100, 79, 144.43
1, 11940, 100, 79, 134.45
0, 10847, 62, 77, 53.94
1, 11940, 100, 79, 134.57
0, 10847, 0, 76, 52.48
1, 11940, 100, 79, 107.80
0, 10847, 100, 79, 165.74
1, 11940, 100, 79, 135.51
0, 10847, 100, 79, 137.37
1, 11940, 100, 79, 129.07
0, 10847, 100, 79, 143.47
1, 11940, 100, 79, 136.61
0, 10847, 0, 77, 53.45
1, 11940, 100, 79, 135.29
0, 10847, 0, 76, 52.24
1, 11940, 100, 79, 135.94
0, 10847, 100, 79, 165.29
1, 11940, 100, 79, 135.51
0, 10847, 100, 79, 146.50
1, 11940, 100, 79, 135.40
0, 10847, 100, 79, 140.77
1, 11940, 100, 79, 94.73
0, 10847, 0, 76, 50.31
1, 11940, 100, 79, 138.58
0, 10847, 7, 77, 163.73
1, 11940, 100, 79, 121.12
0, 10847, 100, 79, 165.53
1, 11940, 100, 79, 135.75
0, 10847, 100, 79, 135.44
1, 11940, 100, 79, 135.44
0, 10847, 100, 79, 137.05
1, 11940, 100, 79, 138.07
0, 10847, 0, 76, 52.73
1, 11940, 100, 79, 135.29
0, 10847, 100, 78, 156.90
1, 11940, 100, 79, 135.07
0, 10847, 100, 80, 166.46
1, 11940, 100, 79, 136.21
0, 10847, 100, 79, 153.79
1, 11940, 100, 79, 136.02
0, 10847, 100, 79, 75.35
1, 11940, 100, 79, 129.52
0, 10847, 0, 76, 46.69
1, 11940, 100, 79, 138.60
0, 10847, 100, 78, 160.37
1, 11940, 100, 79, 135.06
0, 10847, 100, 79, 94.36
1, 11940, 100, 79, 79.17
0, 10847, 100, 79, 146.98
1, 11940, 100, 79, 134.93
0, 10847, 55, 77, 53.94
1, 11940, 100, 79, 132.67
0, 10847, 0, 76, 52.49
1, 11940, 100, 79, 135.53
0, 10847, 100, 79, 165.29
1, 11940, 100, 79, 135.27
0, 10847, 100, 79, 197.54
1, 11940, 100, 79, 116.66
0, 10847, 100, 79, 145.06
1, 11940, 100, 79, 135.41
0, 10847, 0, 77, 48.87
1, 11940, 100, 79, 135.30
0, 10847, 0, 76, 47.54
1, 11940, 100, 79, 87.25
0, 10847, 100, 79, 165.60
1, 11940, 100, 79, 136.23
0, 10847, 100, 79, 135.23
1, 11940, 100, 79, 129.81
0, 10847, 100, 79, 136.64
1, 11940, 100, 79, 135.21
0, 10847, 0, 77, 51.29
1, 11940, 100, 79, 135.78
0, 10847, 0, 76, 50.37
1, 11940, 100, 79, 119.18
0, 10847, 100, 79, 165.22
1, 11940, 100, 79, 116.19
0, 10847, 100, 79, 142.79
1, 11940, 100, 79, 123.17
0, 10847, 100, 80, 153.84
1, 11940, 100, 79, 123.05
0, 10847, 0, 76, 47.46
1, 11940, 100, 79, 126.51
0, 10847, 0, 75, 47.24
1, 11940, 100, 79, 124.16
0, 10847, 100, 79, 166.74
1, 11940, 100, 79, 126.76
0, 10847, 100, 80, 154.31
1, 11940, 100, 79, 125.92
0, 10847, 100, 79, 135.94
1, 11940, 100, 79, 125.08
0, 10847, 0, 76, 51.28
1, 11940, 100, 79, 135.05
0, 10847, 0, 75, 50.35
1, 11940, 100, 79, 130.59
0, 10847, 100, 79, 165.74
1, 11940, 100, 79, 134.56
0, 10847, 100, 79, 138.48
1, 11940, 100, 79, 134.96
0, 10847, 100, 79, 138.21
1, 11940, 100, 79, 139.16
0, 10847, 0, 76, 49.38
1, 11940, 100, 79, 135.54
0, 10847, 0, 75, 135.10
1, 11940, 100, 79, 138.60
0, 10847, 100, 79, 165.74
1, 11940, 100, 79, 137.41
0, 10847, 100, 79, 151.15
1, 11940, 100, 79, 143.34
0, 10847, 100, 79, 137.01
1, 11940, 100, 79, 159.92
0, 10847, 0, 76, 47.21
1, 11940, 100, 80, 141.45
0, 10847, 100, 77, 143.48
1, 11940, 100, 79, 129.45
0, 10847, 100, 79, 165.77
1, 11940, 100, 79, 130.51
0, 10847, 100, 79, 150.54
1, 11940, 100, 79, 135.08
0, 10847, 100, 79, 109.25
1, 11940, 100, 79, 137.29
0, 10847, 0, 76, 48.90
1, 11940, 100, 79, 135.07
0, 10847, 100, 78, 158.96
1, 11940, 100, 79, 134.11
0, 10847, 100, 79, 162.53
1, 11940, 100, 79, 135.55
0, 10847, 100, 79, 154.03
1, 11940, 100, 79, 135.31
0, 10847, 100, 79, 134.72
1, 11940, 100, 79, 135.68
0, 10847, 0, 76, 46.72
1, 11940, 100, 79, 135.31
0, 10847, 100, 78, 155.97
1, 11940, 100, 79, 129.66
0, 10847, 100, 80, 166.01
1, 11940, 100, 79, 135.51
0, 10847, 100, 79, 141.57
1, 11940, 100, 79, 135.67
0, 10847, 100, 79, 143.75
1, 11940, 100, 79, 122.54
0, 10847, 0, 76, 46.72
1, 11940, 100, 79, 136.02
0, 10847, 100, 78, 156.90
1, 11940, 100, 79, 135.07
0, 10847, 100, 80, 165.77
1, 11940, 100, 79, 135.51
0, 10847, 100, 79, 153.79
1, 11940, 100, 79, 135.77
0, 10847, 100, 79, 79.39
1, 11940, 100, 79, 128.55
0, 10847, 0, 76, 46.72
1, 11940, 100, 79, 136.26
0, 10847, 100, 78, 159.43
1, 11940, 100, 79, 135.76
0, 10847, 100, 80, 165.72
1, 11940, 100, 79, 84.13
0, 10847, 100, 80, 137.11
1, 11940, 100, 79, 136.16
0, 10847, 100, 78, 50.10
1, 11940, 100, 79, 129.87
0, 10847, 0, 76, 47.92
1, 11940, 100, 79, 136.73
0, 10847, 100, 79, 165.29
1, 11940, 100, 79, 135.04
0, 10847, 100, 79, 84.58
1, 11940, 100, 79, 112.83
0, 10847, 100, 79, 153.79
1, 11940, 100, 79, 136.02
0, 10847, 2, 77, 48.66
1, 11940, 100, 79, 136.02
0, 10847, 0, 75, 46.98
1, 11940, 100, 79, 121.56
0, 10847, 100, 78, 163.39
1, 11940, 100, 79, 119.76
0, 10847, 100, 79, 91.11
1, 11940, 100, 79, 114.72
0, 10847, 100, 79, 134.99
1, 11940, 100, 79, 126.04
0, 10847, 57, 77, 53.02
1, 11940, 100, 79, 115.60
0, 10847, 0, 76, 52.50
1, 11940, 100, 79, 126.50
0, 10847, 100, 78, 159.31
1, 11940, 100, 79, 128.70
0, 10847, 100, 79, 166.25
1, 11940, 100, 79, 130.10
0, 10847, 100, 79, 154.27
1, 11940, 100, 79, 135.31
0, 10847, 100, 79, 136.06
1, 11940, 100, 79, 116.39
0, 10847, 0, 76, 47.21
1, 11940, 100, 79, 135.78
0, 10847, 100, 78, 161.34
1, 11940, 100, 79, 135.52
0, 10847, 100, 79, 165.74
1, 11940, 100, 79, 139.24
0, 10847, 100, 79, 144.55
1, 11940, 100, 79, 141.77
0, 10847, 100, 79, 101.79
1, 11940, 100, 79, 129.00
0, 10847, 0, 76, 46.48
1, 11940, 100, 80, 140.49
0, 10847, 100, 78, 159.89
1, 11940, 100, 79, 139.02
0, 10847, 100, 80, 165.97
1, 11940, 100, 79, 80.59
0, 10847, 100, 79, 138.33
1, 11940, 100, 79, 129.29
0, 10847, 100, 78, 50.37
1, 11940, 100, 79, 118.01
0, 10847, 0, 75, 47.46
1, 11940, 100, 79, 124.91
0, 10847, 100, 78, 160.74
1, 11940, 100, 79, 123.52
0, 10847, 100, 79, 165.64
1, 11940, 100, 79, 128.19
0, 10847, 100, 79, 143.02
1, 11940, 100, 79, 129.06
0, 10847, 100, 79, 56.84
1, 11940, 100, 79, 130.11
0, 10847, 0, 76, 47.94
1, 11940, 100, 79, 129.62
0, 10847, 100, 78, 158.82
1, 11940, 100, 79, 130.14
0, 10847, 100, 79, 165.85
1, 11940, 100, 79, 131.05
0, 10847, 100, 79, 136.87
1, 11940, 100, 79, 134.49
0, 10847, 100, 78, 149.49
1, 11940, 100, 79, 135.43
0, 10847, 0, 76, 53.22
1, 11940, 100, 79, 130.33
0, 10847, 96, 78, 155.97
1, 11940, 100, 79, 129.66
0, 10847, 100, 80, 165.74
1, 11940, 100, 79, 136.71
0, 10847, 100, 79, 151.88
1, 11940, 100, 79, 138.18
0, 10847, 100, 78, 80.02
1, 11940, 100, 79, 136.24
0, 10847, 0, 76, 48.16
1, 11940, 100, 79, 138.58
0, 10847, 100, 78, 156.90
1, 11940, 100, 79, 134.59
0, 10847, 100, 80, 165.99
1, 11940, 100, 79, 135.99
0, 10847, 100, 79, 153.31
1, 11940, 100, 79, 137.94
0, 10847, 100, 78, 76.65
1, 11940, 100, 79, 138.39
0, 10847, 0, 76, 47.69
1, 11940, 100, 79, 136.74
0, 10847, 100, 77, 151.66
1, 11940, 100, 79, 135.56
0, 10847, 100, 79, 165.85
1, 11940, 100, 79, 131.54
0, 10847, 100, 79, 153.30
1, 11940, 100, 79, 138.42
0, 10847, 100, 79, 115.32
1, 11940, 100, 79, 137.15
0, 10847, 0, 76, 47.93
1, 11940, 100, 79, 138.65
0, 10847, 68, 78, 156.68
1, 11940, 100, 79, 129.90
0, 10847, 100, 79, 166.08
1, 11940, 100, 79, 136.47
0, 10847, 100, 79, 151.40
1, 11940, 100, 79, 138.42
0, 10847, 100, 79, 92.75
1, 11940, 100, 79, 136.24
0, 10847, 0, 76, 48.87
1, 11940, 100, 79, 139.05
0, 10847, 100, 77, 151.74
1, 11940, 100, 79, 135.32
0, 10847, 100, 79, 166.18
1, 11940, 100, 79, 115.23
0, 10847, 100, 79, 153.95
1, 11940, 100, 79, 116.27
0, 10847, 100, 79, 88.78
1, 11940, 100, 78, 159.39
0, 10847, 0, 76, 50.36
1, 11940, 100, 79, 124.42
0, 10847, 0, 76, 162.63
1, 11940, 100, 79, 86.48
0, 10847, 100, 79, 165.28
1, 11940, 100, 79, 138.29
0, 10847, 100, 80, 148.18
1, 11940, 100, 79, 135.82
0, 10847, 100, 79, 140.37
1, 11940, 100, 79, 134.95
0, 10847, 0, 76, 51.04
1, 11940, 100, 79, 138.33
0, 10847, 0, 75, 94.58
1, 11940, 100, 79, 132.90
0, 10847, 100, 79, 165.05
1, 11940, 100, 79, 135.51
0, 10847, 100, 80, 154.51
1, 11940, 100, 79, 134.59
0, 10847, 100, 79, 144.19
1, 11940, 100, 79, 135.89
0, 10847, 0, 76, 47.68
1, 11940, 100, 79, 138.65
0, 10847, 0, 75, 46.96
1, 11940, 100, 79, 139.82
0, 10847, 100, 79, 165.74
1, 11940, 100, 79, 135.75
0, 10847, 100, 79, 153.54
1, 11940, 100, 79, 141.91
0, 10847, 100, 79, 145.17
1, 11940, 100, 79, 124.28
0, 10847, 0, 77, 49.60
1, 11940, 100, 79, 134.59
0, 10847, 0, 75, 48.52
1, 11940, 100, 79, 75.76
0, 10847, 100, 79, 165.15
1, 11940, 100, 79, 132.43
0, 10847, 100, 80, 198.39
1, 11940, 100, 79, 123.26
0, 10847, 100, 80, 154.04
1, 11940, 100, 79, 130.39
0, 10847, 0, 77, 49.60
1, 11940, 100, 79, 134.34
0, 10847, 0, 75, 48.18
1, 11940, 100, 79, 132.02
0, 10847, 100, 79, 165.16
1, 11940, 100, 79, 129.62
0, 10847, 100, 78, 148.74
1, 11940, 100, 78, 116.62
0, 10847, 100, 79, 145.14
1, 11940, 100, 79, 132.32
0, 10847, 51, 77, 54.43
1, 11940, 100, 79, 126.50
0, 10847, 0, 76, 52.97
1, 11940, 100, 79, 131.71
0, 10847, 100, 78, 159.65
1, 11940, 100, 79, 138.86
0, 10847, 100, 80, 165.97
1, 11940, 100, 79, 140.21
0, 10847, 100, 79, 156.41
1, 11940, 100, 79, 139.11
0, 10847, 100, 79, 138.33
1, 11940, 100, 79, 124.36
0, 10847, 0, 76, 47.21
1, 11940, 100, 79, 131.00
0, 10847, 100, 78, 152.74
1, 11940, 100, 79, 123.54
0, 10847, 100, 79, 165.89
1, 11940, 100, 79, 124.23
0, 10847, 100, 79, 140.14
1, 11940, 100, 79, 132.10
0, 10847, 100, 78, 168.97
1, 11940, 100, 79, 138.54
0, 10847, 0, 76, 47.89
1, 11940, 100, 79, 141.92
0, 10847, 100, 77, 151.66
1, 11940, 100, 79, 135.80
0, 10847, 100, 79, 165.74
1, 11940, 100, 79, 136.45
0, 10847, 100, 79, 149.01
1, 11940, 100, 79, 138.89
0, 10847, 100, 79, 144.69
1, 11940, 100, 79, 133.20
0, 10847, 0, 76, 47.21
1, 11940, 100, 79, 138.68
0, 10847, 36, 77, 142.54
1, 11940, 100, 79, 120.27
0, 10847, 100, 79, 165.42
1, 11940, 100, 79, 121.36
0, 10847, 100, 79, 157.15
1, 11940, 100, 79, 128.94
0, 10847, 100, 79, 144.68
1, 11940, 100, 79, 130.02
0, 10847, 0, 76, 47.69
1, 11940, 100, 79, 129.40
0, 10847, 0, 75, 46.96
1, 11940, 100, 78, 145.37
0, 10847, 100, 79, 165.05
1, 11940, 100, 79, 135.27
0, 10847, 100, 80, 155.81
1, 11940, 100, 79, 128.55
0, 10847, 100, 79, 145.53
1, 11940, 100, 79, 138.69
0, 10847, 0, 77, 48.63
1, 11940, 100, 79, 144.49
0, 10847, 0, 75, 47.70
1, 11940, 100, 79, 124.67
0, 10847, 100, 79, 164.94
1, 11940, 100, 79, 124.22
0, 10847, 100, 79, 150.47
1, 11940, 100, 79, 115.09
0, 10847, 100, 79, 152.50
1, 11940, 100, 79, 124.73
0, 10847, 60, 77, 54.67
1, 11940, 100, 79, 123.63
0, 10847, 0, 76, 52.97
1, 11940, 100, 79, 130.02
0, 10847, 100, 78, 162.07
1, 11940, 100, 79, 129.40
0, 10847, 100, 79, 166.37
1, 11940, 100, 79, 124.93
0, 10847, 100, 80, 154.28
1, 11940, 100, 79, 129.90
0, 10847, 100, 79, 142.57
1, 11940, 100, 79, 128.40
0, 10847, 0, 76, 52.50
1, 11940, 100, 79, 129.62
0, 10847, 100, 78, 152.01
1, 11940, 100, 79, 125.22
0, 10847, 100, 79, 166.25
1, 11940, 100, 79, 130.04
0, 10847, 100, 79, 148.40
1, 11940, 100, 79, 134.93
0, 10847, 100, 79, 138.62
1, 11940, 100, 79, 82.85
0, 10847, 0, 76, 53.45
1, 11940, 100, 79, 135.53
0, 10847, 0, 76, 173.68
1, 11940, 100, 79, 98.57
0, 10847, 100, 79, 165.64
1, 11940, 100, 79, 129.40
0, 10847, 100, 79, 142.54
1, 11940, 100, 79, 129.78
0, 10847, 100, 79, 141.81
1, 11940, 100, 79, 135.42
0, 10847, 0, 76, 47.93
1, 11940, 100, 79, 134.82
0, 10847, 0, 75, 47.02
1, 11940, 100, 79, 93.23
0, 10847, 100, 79, 164.88
1, 11940, 100, 79, 135.27
0, 10847, 100, 79, 196.77
1, 11940, 100, 79, 116.90
0, 10847, 100, 80, 144.57
1, 11940, 100, 79, 138.69
0, 10847, 13, 77, 49.14
1, 11940, 100, 79, 136.75
0, 10847, 0, 75, 47.69
1, 11940, 100, 79, 136.98
0, 10847, 100, 79, 164.55
1, 11940, 100, 79, 138.30
0, 10847, 100, 80, 116.03
1, 11940, 100, 79, 150.78
0, 10847, 100, 79, 137.02
1, 11940, 100, 79, 139.18
0, 10847, 100, 79, 56.12
1, 11940, 100, 79, 130.04
0, 10847, 0, 76, 52.48
1, 11940, 100, 80, 139.35
0, 10847, 100, 78, 161.86
1, 11940, 100, 79, 121.13
0, 10847, 100, 79, 150.36
1, 11940, 100, 79, 121.88
0, 10847, 100, 79, 154.16
1, 11940, 100, 79, 123.29
0, 10847, 100, 79, 145.27
1, 11940, 100, 79, 153.41
0, 10847, 0, 76, 52.05
1, 11940, 100, 79, 122.50
0, 10847, 1, 76, 171.90
1, 11940, 100, 78, 59.78
0, 10847, 100, 79, 165.16
1, 11940, 100, 79, 131.54
0, 10847, 100, 79, 144.21
1, 11940, 100, 79, 126.90
0, 10847, 100, 80, 154.28
1, 11940, 100, 79, 132.29
0, 10847, 0, 76, 52.01
1, 11940, 100, 79, 134.33
0, 10847, 0, 75, 50.83
1, 11940, 100, 79, 132.49
0, 10847, 100, 79, 164.81
1, 11940, 100, 79, 134.56
0, 10847, 100, 79, 196.38
1, 11940, 100, 79, 119.29
0, 10847, 100, 79, 142.05
1, 11940, 100, 79, 135.91
0, 10847, 100, 77, 48.87
1, 11940, 100, 79, 138.60
0, 10847, 0, 75, 46.48
1, 11940, 100, 79, 140.01
0, 10847, 100, 78, 157.74
1, 11940, 100, 79, 139.26
0, 10847, 100, 79, 165.91
1, 11940, 100, 79, 101.28
0, 10847, 100, 79, 136.62
1, 11940, 100, 79, 139.42
0, 10847, 100, 79, 143.47
1, 11940, 100, 79, 129.76
0, 10847, 0, 76, 52.05
1, 11940, 100, 79, 127.22
0, 10847, 100, 78, 159.31
1, 11940, 100, 79, 124.00
0, 10847, 100, 79, 144.68
1, 11940, 100, 79, 130.02
0, 10847, 100, 79, 154.31
1, 11940, 100, 79, 127.59
0, 10847, 100, 79, 93.21
1, 11940, 100, 79, 75.61
0, 10847, 0, 76, 49.87
1, 11940, 100, 79, 130.10
0, 10847, 0, 75, 50.07
1, 11940, 100, 79, 131.29
0, 10847, 100, 79, 165.54
1, 11940, 100, 79, 130.34
0, 10847, 100, 79, 134.01
1, 11940, 100, 79, 134.96
0, 10847, 100, 79, 136.86
1, 11940, 100, 79, 139.01
0, 10847, 0, 77, 50.79
1, 11940, 100, 79, 144.24
0, 10847, 0, 76, 49.83
1, 11940, 100, 79, 145.19
0, 10847, 100, 79, 165.01
1, 11940, 100, 79, 143.94
0, 10847, 100, 79, 170.57
1, 11940, 100, 79, 116.09
0, 10847, 100, 79, 144.68
1, 11940, 100, 79, 129.99
0, 10847, 62, 78, 54.43
1, 11940, 100, 79, 124.42
0, 10847, 0, 76, 52.98
1, 11940, 100, 79, 129.85
0, 10847, 100, 78, 159.44
1, 11940, 100, 79, 129.90
0, 10847, 100, 80, 161.58
1, 11940, 100, 79, 135.38
0, 10847, 100, 79, 154.03
1, 11940, 100, 79, 134.83
0, 10847, 100, 78, 79.34
1, 11940, 100, 79, 135.14
0, 10847, 0, 76, 50.80
1, 11940, 100, 79, 136.01
0, 10847, 29, 77, 157.98
1, 11940, 100, 79, 137.95
0, 10847, 100, 79, 165.50
1, 11940, 100, 79, 139.01
0, 10847, 100, 79, 139.40
1, 11940, 100, 79, 141.08
0, 10847, 100, 79, 143.87
1, 11940, 100, 79, 135.89
0, 10847, 0, 76, 48.66
1, 11940, 100, 79, 138.81
0, 10847, 0, 75, 48.18
1, 11940, 100, 79, 138.20
0, 10847, 100, 79, 166.23
1, 11940, 100, 79, 139.01
0, 10847, 100, 79, 131.44
1, 11940, 100, 79, 134.99
0, 10847, 100, 79, 153.06
1, 11940, 100, 79, 138.87
0, 10847, 0, 77, 53.93
1, 11940, 100, 80, 140.94
0, 10847, 0, 76, 53.01
1, 11940, 100, 79, 124.58
0, 10847, 0, 75, 52.49
1, 11940, 100, 79, 127.71
0, 10847, 0, 74, 46.34
1, 11940, 100, 78, 86.25
0, 10847, 0, 74, 46.24
1, 11940, 100, 79, 125.15
0, 10847, 0, 74, 46.01
1, 11940, 100, 79, 122.75
0, 10847, 0, 73, 45.76
1, 11940, 100, 79, 129.40
0, 10847, 0, 73, 45.52
1, 11940, 100, 79, 129.64
0, 10847, 0, 73, 45.51
1, 11940, 100, 79, 139.53
0, 10847, 0, 73, 45.40
1, 11940, 0, 77, 56.23
0, 10847, 26, 72, 51.92
1, 11940, 86, 76, 55.25
0, 10847, 2, 73, 175.99
1, 11940, 90, 76, 55.41
0, 10847, 100, 77, 162.82
1, 11940, 0, 75, 54.97
0, 10847, 100, 77, 164.02
1, 11940, 0, 75, 54.50
0, 10847, 100, 78, 164.52
1, 11940, 0, 74, 47.55
0, 10847, 0, 75, 55.34
1, 11940, 100, 77, 152.01
0, 10847, 0, 74, 54.12
1, 11940, 100, 78, 158.38
0, 10847, 0, 73, 53.88
1, 11940, 100, 78, 159.57
0, 10847, 0, 73, 53.60
1, 11940, 100, 79, 162.58
0, 10847, 0, 72, 53.39
1, 11940, 100, 79, 160.44
0, 10847, 12, 72, 53.12
1, 11940, 100, 76, 58.64
0, 10847, 0, 72, 51.67
1, 11940, 100, 75, 57.42
0, 10847, 100, 76, 162.09
1, 11940, 0, 75, 56.18
0, 10847, 100, 77, 195.77
1, 11940, 0, 75, 55.58
0, 10847, 100, 77, 163.77
1, 11940, 0, 74, 55.69
0, 10847, 0, 74, 54.37
1, 11940, 100, 76, 155.51
0, 10847, 0, 73, 52.92
1, 11940, 100, 77, 157.90
0, 10847, 0, 72, 52.19
1, 11940, 100, 78, 159.11
0, 10847, 0, 72, 52.15
1, 11940, 100, 77, 182.61
0, 10847, 0, 72, 51.47
1, 11940, 100, 78, 159.33
0, 10711, 45, 71, 51.43
1, 11807, 63, 76, 57.91
0, 10713, 15, 71, 53.12
1, 11809, 59, 75, 56.70
0, 10715, 40, 72, 72.82
1, 11811, 59, 76, 124.99
0, 10715, 41, 73, 91.68
1, 11811, 54, 77, 170.86
0, 10715, 35, 73, 145.68
1, 11811, 54, 77, 103.45
0, 10715, 39, 73, 74.19
1, 11811, 60, 77, 136.45
0, 10715, 42, 73, 127.69
1, 11811, 55, 77, 132.71
0, 10715, 0, 72, 54.82
1, 11811, 100, 75, 58.63
0, 10715, 0, 71, 107.84
1, 11811, 100, 74, 134.64
0, 10715, 42, 73, 101.20
1, 11811, 56, 76, 107.78
0, 10715, 35, 73, 91.68
1, 11811, 52, 76, 163.32
0, 10715, 38, 73, 147.11
1, 11811, 59, 76, 118.86
0, 10715, 35, 73, 78.78
1, 11811, 57, 77, 156.82
0, 289, 46, 72, 58.18
1, 289, 54, 75, 61.27
0, 289, 0, 71, 54.10
1, 289, 0, 74, 56.70
0, 289, 0, 71, 53.82
1, 9, 0, 74, 57.66
