0, 9, 0, 76, 47.08
1, 9, 0, 76, 48.52
0, 265, 0, 76, 47.08
1, 265, 0, 76, 48.03
0, 265, 0, 75, 46.84
1, 265, 0, 76, 47.79
0, 265, 0, 75, 46.84
1, 265, 0, 75, 47.79
0, 265, 0, 75, 46.60
1, 265, 0, 75, 47.55
0, 265, 0, 75, 46.60
1, 265, 0, 75, 47.30
0, 7357, 20, 74, 46.35
1, 7581, 58, 74, 54.05
0, 7357, 6, 74, 46.38
1, 7581, 41, 74, 54.32
0, 7357, 9, 74, 46.59
1, 7581, 54, 74, 54.29
0, 7357, 9, 74, 46.10
1, 7581, 46, 74, 53.83
0, 7357, 12, 74, 46.10
1, 7581, 35, 74, 54.29
0, 7357, 11, 73, 46.10
1, 7581, 25, 74, 54.32
0, 9477, 7, 74, 100.70
1, 9677, 8, 74, 96.01
0, 9503, 59, 75, 113.10
1, 9727, 76, 76, 122.31
0, 9503, 67, 77, 124.47
1, 9727, 90, 76, 122.07
0, 9503, 57, 77, 113.96
1, 9727, 86, 77, 134.00
0, 9503, 57, 77, 156.07
1, 9727, 89, 77, 98.66
0, 9503, 58, 78, 147.79
1, 9727, 91, 77, 152.36
0, 9503, 60, 78, 127.80
1, 9727, 88, 77, 139.81
0, 9503, 61, 78, 128.85
1, 9727, 90, 77, 120.37
0, 9503, 64, 78, 146.61
1, 9727, 87, 78, 96.85
0, 9503, 62, 78, 111.09
1, 9727, 91, 78, 136.14
0, 9503, 69, 78, 128.67
1, 9727, 91, 78, 116.01
0, 9503, 67, 78, 114.42
1, 9727, 90, 78, 126.20
0, 9503, 71, 79, 119.33
1, 9727, 87, 78, 126.73
0, 9503, 69, 79, 113.19
1, 9727, 87, 78, 142.84
0, 9503, 69, 79, 120.94
1, 9727, 87, 78, 135.47
0, 9503, 67, 79, 121.82
1, 9727, 87, 78, 131.20
0, 9503, 69, 79, 156.55
1, 9727, 95, 78, 148.79
0, 9503, 65, 79, 127.50
1, 9727, 92, 78, 126.64
0, 9503, 66, 79, 145.25
1, 9727, 92, 79, 137.38
0, 9503, 70, 79, 119.03
1, 9727, 88, 78, 142.41
0, 9503, 73, 80, 115.82
1, 9727, 91, 79, 133.58
0, 9503, 67, 79, 141.82
1, 9727, 95, 79, 102.58
0, 9503, 73, 79, 129.81
1, 9727, 89, 79, 100.20
0, 9503, 67, 79, 126.14
1, 9727, 87, 79, 131.07
0, 9503, 69, 79, 113.42
1, 9727, 88, 79, 130.87
0, 9503, 74, 79, 105.75
1, 9727, 87, 79, 100.56
0, 9503, 73, 79, 115.13
1, 9727, 88, 79, 151.68
0, 9503, 77, 79, 135.37
1, 9727, 83, 79, 156.42
0, 9503, 72, 79, 114.89
1, 9727, 85, 79, 107.46
0, 9503, 65, 79, 100.85
1, 9727, 88, 79, 133.40
0, 9503, 75, 79, 99.03
1, 9727, 88, 79, 132.76
0, 9503, 78, 79, 106.71
1, 9727, 85, 79, 139.78
0, 9503, 67, 79, 123.22
1, 9727, 96, 78, 101.13
0, 9503, 62, 79, 108.42
1, 9727, 91, 79, 115.14
0, 9503, 67, 79, 118.01
1, 9727, 96, 78, 111.62
0, 9503, 63, 79, 137.51
1, 9727, 93, 79, 125.92
0, 9503, 67, 79, 128.78
1, 9727, 89, 79, 116.35
0, 9503, 69, 79, 117.92
1, 9727, 96, 79, 121.22
0, 9503, 63, 79, 123.74
1, 9727, 92, 79, 131.60
0, 9503, 65, 79, 132.97
1, 9727, 90, 79, 128.83
0, 9503, 60, 79, 134.42
1, 9727, 89, 79, 128.50
0, 9503, 71, 79, 134.29
1, 9727, 89, 79, 133.68
0, 9503, 80, 79, 87.76
1, 9727, 89, 79, 118.06
0, 9503, 70, 78, 79.68
1, 9727, 89, 79, 111.55
0, 9503, 63, 79, 108.23
1, 9727, 84, 79, 92.05
0, 9503, 82, 79, 101.73
1, 9727, 83, 79, 134.32
0, 9503, 76, 79, 94.28
1, 9727, 91, 79, 102.61
0, 9503, 74, 79, 99.17
1, 9727, 84, 79, 77.20
0, 9503, 66, 79, 116.39
1, 9727, 87, 79, 126.47
0, 9503, 79, 79, 116.35
1, 9727, 85, 79, 113.20
0, 9503, 80, 79, 116.40
1, 9727, 80, 79, 89.76
0, 9503, 66, 79, 121.16
1, 9727, 86, 79, 137.53
0, 9503, 72, 79, 91.43
1, 9727, 89, 79, 125.00
0, 9503, 76, 79, 118.76
1, 9727, 86, 79, 137.52
0, 9503, 80, 79, 124.87
1, 9727, 85, 79, 143.39
0, 9503, 79, 79, 91.22
1, 9727, 97, 79, 111.05
0, 9503, 70, 79, 109.28
1, 9727, 87, 79, 101.18
0, 9503, 80, 79, 119.63
1, 9727, 93, 79, 115.65
0, 9503, 66, 79, 98.83
1, 9727, 89, 79, 103.48
0, 9503, 72, 79, 110.45
1, 9727, 89, 79, 135.25
0, 9503, 80, 79, 106.36
1, 9727, 91, 79, 86.67
0, 9503, 67, 79, 134.19
1, 9727, 92, 79, 116.95
0, 9503, 80, 79, 121.22
1, 9727, 90, 79, 114.66
0, 9503, 65, 79, 130.84
1, 9727, 95, 79, 120.07
0, 9503, 79, 79, 109.85
1, 9727, 96, 79, 100.20
0, 9503, 72, 79, 99.04
1, 9727, 90, 79, 112.17
0, 9503, 77, 79, 63.91
1, 9727, 96, 79, 63.94
0, 9503, 84, 79, 126.44
1, 9727, 95, 79, 118.04
0, 9503, 65, 79, 120.79
1, 9727, 86, 79, 117.06
0, 9503, 84, 79, 83.98
1, 9727, 98, 79, 104.78
0, 9503, 80, 79, 100.07
1, 9727, 91, 79, 89.52
0, 9503, 65, 79, 116.95
1, 9727, 86, 79, 114.03
0, 9503, 81, 79, 109.48
1, 9727, 94, 79, 107.06
0, 9503, 85, 79, 120.44
1, 9727, 93, 79, 126.23
0, 9503, 71, 79, 121.58
1, 9727, 89, 79, 82.72
0, 9503, 67, 79, 93.89
1, 9727, 94, 79, 111.29
0, 9503, 70, 79, 126.36
1, 9727, 90, 79, 124.07
0, 9503, 83, 79, 122.34
1, 9727, 94, 79, 82.85
0, 9503, 79, 79, 99.27
1, 9727, 93, 79, 118.06
0, 9503, 72, 79, 119.01
1, 9727, 90, 79, 131.41
0, 9503, 70, 79, 116.72
1, 9727, 87, 79, 113.31
0, 9503, 80, 79, 85.11
1, 9727, 95, 79, 105.59
0, 9503, 86, 79, 104.24
1, 9727, 97, 79, 105.74
0, 9503, 87, 79, 116.50
1, 9727, 94, 79, 87.12
0, 9503, 72, 79, 116.87
1, 9727, 84, 79, 124.65
0, 9503, 66, 79, 91.48
1, 9727, 90, 79, 96.80
0, 9503, 73, 79, 104.10
1, 9727, 95, 79, 120.27
0, 9503, 87, 79, 107.83
1, 9727, 91, 79, 122.79
0, 9503, 93, 79, 100.50
1, 9727, 92, 79, 117.31
0, 9503, 71, 79, 119.27
1, 9727, 89, 79, 123.18
0, 9503, 83, 79, 117.11
1, 9727, 88, 79, 116.81
0, 9503, 86, 79, 102.81
1, 9727, 92, 79, 109.97
0, 9503, 84, 79, 105.86
1, 9727, 93, 79, 138.49
0, 9503, 87, 79, 102.48
1, 9727, 94, 79, 124.78
0, 9503, 87, 79, 123.46
1, 9727, 92, 79, 106.77
0, 9503, 79, 79, 104.41
1, 9727, 86, 79, 117.99
0, 9503, 79, 79, 93.96
1, 9727, 88, 79, 116.09
0, 9503, 64, 79, 82.46
1, 9727, 87, 79, 119.55
0, 9503, 72, 79, 120.44
1, 9727, 89, 79, 125.77
0, 9503, 73, 79, 117.41
1, 9727, 87, 79, 125.85
0, 9503, 70, 79, 117.11
1, 9727, 87, 79, 123.70
0, 9503, 73, 79, 114.55
1, 9727, 85, 79, 123.71
0, 9503, 58, 79, 116.71
1, 9727, 85, 79, 120.66
0, 9503, 67, 79, 116.72
1, 9727, 85, 79, 115.46
0, 9503, 73, 79, 115.27
1, 9727, 87, 79, 121.31
0, 9503, 88, 80, 93.99
1, 9727, 84, 79, 105.49
0, 9503, 85, 80, 108.71
1, 9727, 100, 79, 94.29
0, 9503, 76, 79, 114.57
1, 9727, 95, 79, 120.43
0, 9503, 81, 79, 110.83
1, 9727, 95, 79, 89.60
0, 9503, 69, 79, 115.99
1, 9727, 90, 79, 121.38
0, 9503, 72, 79, 96.99
1, 9727, 90, 79, 120.96
0, 9503, 74, 79, 107.65
1, 9727, 80, 79, 125.64
0, 9503, 77, 79, 101.68
1, 9727, 84, 79, 84.14
0, 9503, 93, 79, 115.41
1, 9727, 90, 79, 102.56
0, 9503, 74, 79, 89.18
1, 9727, 93, 79, 116.91
0, 9503, 68, 79, 96.99
1, 9727, 84, 79, 122.15
0, 9503, 85, 79, 113.59
1, 9727, 86, 79, 127.29
0, 9503, 95, 79, 88.65
1, 9727, 85, 79, 104.36
0, 9503, 82, 79, 112.87
1, 9727, 95, 79, 128.53
0, 9503, 87, 78, 107.00
1, 9727, 94, 79, 122.16
0, 9503, 86, 79, 96.87
1, 9727, 100, 79, 78.20
0, 9503, 67, 79, 109.58
1, 9727, 88, 79, 123.31
0, 9503, 76, 79, 104.31
1, 9727, 89, 79, 129.37
0, 9503, 93, 79, 104.76
1, 9727, 91, 79, 93.21
0, 9503, 93, 79, 118.28
1, 9727, 94, 79, 91.12
0, 9503, 70, 79, 101.19
1, 9727, 90, 79, 77.70
0, 9503, 72, 79, 109.34
1, 9727, 88, 79, 122.05
0, 9503, 93, 79, 110.84
1, 9727, 84, 79, 142.56
0, 9503, 63, 79, 88.40
1, 9727, 95, 79, 118.58
0, 9503, 91, 79, 119.79
1, 9727, 95, 79, 83.88
0, 9503, 80, 79, 109.34
1, 9727, 83, 79, 127.06
0, 9503, 70, 79, 115.02
1, 9727, 89, 79, 124.40
0, 9503, 85, 79, 108.37
1, 9727, 85, 79, 136.09
0, 9503, 99, 79, 99.59
1, 9727, 87, 79, 122.29
0, 9503, 72, 79, 109.11
1, 9727, 90, 79, 126.35
0, 9503, 73, 79, 116.94
1, 9727, 83, 79, 123.93
0, 9503, 99, 79, 101.38
1, 9727, 88, 79, 133.86
0, 9503, 80, 79, 79.73
1, 9727, 95, 79, 86.39
0, 9503, 74, 79, 110.71
1, 9727, 85, 79, 122.05
0, 9503, 92, 79, 120.69
1, 9727, 87, 79, 100.93
0, 9503, 76, 79, 122.03
1, 9727, 96, 79, 86.02
0, 9503, 80, 79, 108.86
1, 9727, 82, 79, 124.03
0, 9503, 66, 79, 107.57
1, 9727, 93, 79, 91.16
0, 9503, 100, 79, 118.29
1, 9727, 93, 79, 93.33
0, 9503, 79, 79, 109.58
1, 9727, 94, 79, 123.25
0, 9503, 82, 79, 99.95
1, 9727, 83, 79, 110.81
0, 9503, 96, 79, 90.74
1, 9727, 89, 79, 113.94
0, 9503, 69, 79, 107.67
1, 9727, 90, 79, 121.17
0, 9503, 88, 79, 106.35
1, 9727, 83, 79, 82.67
0, 9503, 81, 79, 99.54
1, 9727, 95, 79, 72.71
0, 9503, 72, 79, 111.67
1, 9727, 88, 79, 123.95
0, 9503, 96, 79, 91.21
1, 9727, 94, 79, 126.76
0, 9503, 67, 79, 108.88
1, 9727, 94, 79, 111.71
0, 9503, 95, 79, 102.86
1, 9727, 85, 79, 126.74
0, 9503, 77, 78, 91.58
1, 9727, 99, 79, 115.20
0, 9503, 80, 79, 113.83
1, 9727, 83, 79, 123.71
0, 9503, 62, 79, 91.30
1, 9727, 96, 79, 104.80
0, 9503, 95, 79, 94.49
1, 9727, 90, 79, 97.60
0, 9503, 59, 79, 109.82
1, 9727, 89, 79, 126.09
0, 9503, 98, 79, 88.04
1, 9727, 91, 79, 112.76
0, 9503, 67, 79, 113.66
1, 9727, 94, 79, 120.43
0, 9503, 89, 79, 100.89
1, 9727, 90, 79, 136.49
0, 9503, 74, 79, 113.85
1, 9727, 94, 79, 114.03
0, 9503, 79, 79, 121.67
1, 9727, 86, 79, 120.32
0, 9503, 84, 79, 100.60
1, 9727, 100, 79, 121.13
0, 9503, 73, 79, 114.09
1, 9727, 85, 79, 117.55
0, 9503, 79, 79, 95.32
1, 9727, 98, 79, 101.15
0, 9503, 90, 79, 113.94
1, 9727, 91, 79, 104.51
0, 9503, 80, 79, 119.16
1, 9727, 100, 79, 83.83
0, 9503, 87, 79, 115.14
1, 9727, 87, 79, 104.75
0, 9503, 82, 79, 131.93
1, 9727, 100, 79, 81.71
0, 9503, 82, 79, 114.18
1, 9727, 89, 79, 104.76
0, 9503, 87, 79, 92.82
1, 9727, 100, 79, 100.41
0, 9503, 80, 79, 114.41
1, 9727, 96, 79, 108.29
0, 9503, 95, 79, 85.47
1, 9727, 95, 78, 118.59
0, 9503, 73, 79, 114.10
1, 9727, 95, 79, 112.36
0, 9503, 100, 79, 88.66
1, 9727, 94, 79, 118.09
0, 9503, 69, 79, 114.10
1, 9727, 92, 79, 115.87
0, 9503, 100, 79, 92.81
1, 9727, 98, 79, 112.10
0, 9503, 69, 79, 113.20
1, 9727, 90, 79, 115.71
0, 9503, 93, 79, 116.68
1, 9727, 98, 79, 125.50
0, 9503, 71, 79, 114.32
1, 9727, 86, 79, 115.63
0, 9503, 85, 79, 112.94
1, 9727, 100, 79, 109.04
0, 9503, 84, 79, 119.99
1, 9727, 87, 79, 122.74
0, 9503, 100, 79, 103.18
1, 9727, 94, 79, 112.56
0, 9503, 67, 79, 119.48
1, 9727, 94, 79, 126.23
0, 9503, 91, 79, 106.56
1, 9727, 100, 79, 106.47
0, 9503, 77, 79, 101.19
1, 9727, 91, 79, 96.99
0, 9503, 78, 79, 114.57
1, 9727, 99, 79, 119.23
0, 9503, 90, 79, 96.55
1, 9727, 93, 79, 119.04
0, 9503, 60, 79, 110.32
1, 9727, 90, 79, 115.73
0, 9503, 95, 79, 108.22
1, 9727, 98, 79, 118.71
0, 9503, 65, 79, 121.89
1, 9727, 87, 79, 122.72
0, 9503, 76, 79, 94.06
1, 9727, 97, 79, 102.82
0, 9503, 54, 79, 123.17
1, 9727, 91, 79, 81.31
0, 9503, 89, 79, 114.32
1, 9727, 91, 79, 117.31
0, 9503, 73, 79, 129.83
1, 9727, 100, 79, 81.51
0, 9503, 67, 79, 119.28
1, 9727, 87, 79, 116.59
0, 9503, 100, 79, 81.12
1, 9727, 95, 79, 95.74
0, 9503, 85, 79, 104.54
1, 9727, 86, 79, 97.26
0, 9503, 74, 79, 114.81
1, 9727, 96, 79, 117.54
0, 9503, 100, 79, 85.62
1, 9727, 94, 79, 110.06
0, 9503, 73, 79, 117.19
1, 9727, 89, 79, 118.50
0, 9503, 74, 79, 119.11
1, 9727, 96, 79, 114.49
0, 9503, 100, 79, 115.06
1, 9727, 90, 79, 88.29
0, 9503, 77, 79, 106.54
1, 9727, 84, 79, 119.50
0, 9503, 100, 79, 99.67
1, 9727, 95, 79, 102.70
0, 9503, 90, 79, 97.07
1, 9727, 100, 79, 93.47
0, 9503, 66, 79, 105.29
1, 9727, 84, 79, 118.77
0, 9503, 80, 79, 101.82
1, 9727, 85, 79, 115.76
0, 9503, 100, 79, 93.74
1, 9727, 95, 79, 103.10
0, 9503, 72, 79, 120.69
1, 9727, 80, 79, 137.45
0, 9503, 70, 79, 115.51
1, 9727, 91, 79, 120.59
0, 9503, 81, 79, 102.45
1, 9727, 100, 79, 121.18
0, 9503, 96, 79, 106.43
1, 9727, 100, 79, 78.85
0, 9503, 95, 79, 120.25
1, 9727, 75, 79, 87.15
0, 9503, 79, 79, 113.81
1, 9727, 88, 79, 134.15
0, 9503, 72, 79, 108.14
1, 9727, 95, 79, 124.21
0, 9503, 88, 79, 103.93
1, 9727, 100, 79, 117.91
0, 9503, 100, 79, 97.32
1, 9727, 83, 79, 126.33
0, 9503, 67, 79, 110.30
1, 9727, 85, 79, 128.40
0, 9503, 90, 79, 105.03
1, 9727, 89, 79, 122.13
0, 9503, 100, 79, 83.68
1, 9727, 99, 79, 81.18
0, 9503, 92, 79, 102.50
1, 9727, 100, 79, 116.25
0, 9503, 68, 79, 114.06
1, 9727, 82, 79, 124.18
0, 9503, 81, 79, 114.08
1, 9727, 96, 79, 121.80
0, 9503, 100, 79, 92.90
1, 9727, 88, 79, 111.31
0, 9503, 90, 79, 91.79
1, 9727, 85, 79, 116.82
0, 9503, 66, 79, 113.83
1, 9727, 90, 79, 123.95
0, 9503, 76, 79, 118.39
1, 9727, 100, 79, 121.14
0, 9503, 100, 79, 87.50
1, 9727, 94, 79, 115.73
0, 9503, 77, 79, 113.67
1, 9727, 83, 79, 129.43
0, 9503, 88, 79, 114.31
1, 9727, 90, 79, 121.07
0, 9503, 100, 79, 103.29
1, 9727, 100, 79, 74.86
0, 9503, 93, 79, 131.68
1, 9727, 100, 79, 88.58
0, 9503, 69, 79, 115.49
1, 9727, 86, 79, 129.99
0, 9503, 72, 79, 114.55
1, 9727, 84, 79, 121.55
0, 9503, 96, 79, 111.19
1, 9727, 90, 79, 121.87
0, 9503, 100, 79, 96.51
1, 9727, 100, 79, 117.12
0, 9503, 87, 79, 98.71
1, 9727, 86, 79, 117.08
0, 9503, 52, 79, 118.54
1, 9727, 90, 79, 127.68
0, 9503, 71, 79, 113.82
1, 9727, 98, 79, 128.64
0, 9503, 92, 79, 65.83
1, 9727, 100, 79, 66.07
0, 9503, 82, 79, 97.37
1, 9727, 87, 79, 106.60
0, 9503, 67, 79, 123.72
1, 9727, 83, 79, 131.62
0, 9503, 80, 79, 114.38
1, 9727, 85, 79, 117.55
0, 9503, 100, 79, 114.31
1, 9727, 95, 79, 122.27
0, 9503, 100, 79, 99.90
1, 9727, 100, 79, 107.42
0, 9503, 87, 79, 106.10
1, 9727, 95, 79, 91.85
0, 9503, 57, 79, 108.64
1, 9727, 87, 79, 133.25
0, 9503, 66, 79, 110.31
1, 9727, 85, 79, 121.81
0, 9503, 87, 79, 118.06
1, 9727, 100, 80, 126.55
0, 9503, 95, 79, 103.50
1, 9727, 100, 79, 91.51
0, 9503, 100, 79, 101.24
1, 9727, 88, 79, 88.67
0, 9503, 100, 79, 98.81
1, 9727, 95, 79, 107.40
0, 9503, 75, 79, 120.01
1, 9727, 91, 79, 111.62
0, 9503, 79, 79, 115.61
1, 9727, 90, 79, 108.36
0, 9503, 95, 79, 114.57
1, 9727, 96, 79, 112.12
0, 9503, 100, 79, 100.18
1, 9727, 100, 79, 96.54
0, 9503, 100, 79, 98.18
1, 9727, 100, 79, 89.15
0, 9503, 88, 79, 93.48
1, 9727, 100, 79, 102.69
0, 9503, 83, 79, 79.90
1, 9727, 100, 79, 105.96
0, 9503, 66, 79, 120.73
1, 9727, 95, 79, 112.58
0, 9503, 61, 79, 110.57
1, 9727, 95, 79, 115.49
0, 9503, 75, 79, 114.33
1, 9727, 100, 79, 115.39
0, 9503, 88, 79, 103.28
1, 9727, 100, 79, 102.91
0, 9503, 93, 79, 101.60
1, 9727, 100, 79, 105.88
0, 9503, 85, 79, 109.79
1, 9727, 93, 79, 80.58
0, 9503, 78, 79, 130.69
1, 9727, 99, 79, 95.49
0, 9503, 65, 79, 121.89
1, 9727, 93, 79, 108.49
0, 9503, 59, 79, 119.09
1, 9727, 87, 79, 126.95
0, 9503, 73, 79, 114.33
1, 9727, 86, 79, 115.63
0, 9503, 80, 79, 97.24
1, 9727, 88, 79, 117.37
0, 9503, 76, 79, 97.00
1, 9727, 99, 79, 121.68
0, 9503, 83, 79, 102.86
1, 9727, 100, 79, 129.22
0, 9503, 74, 79, 97.17
1, 9727, 100, 79, 127.83
0, 9503, 77, 79, 102.94
1, 9727, 100, 79, 121.17
0, 9503, 77, 79, 98.61
1, 9727, 100, 79, 124.54
0, 9503, 100, 79, 97.48
1, 9727, 95, 79, 121.68
0, 9503, 100, 79, 103.65
1, 9727, 96, 79, 123.26
0, 9503, 94, 79, 107.43
1, 9727, 95, 79, 124.45
0, 9503, 100, 79, 108.56
1, 9727, 99, 79, 125.14
0, 9503, 100, 79, 108.65
1, 9727, 100, 79, 106.68
0, 9503, 100, 79, 108.38
1, 9727, 96, 79, 121.63
0, 9503, 100, 79, 96.21
1, 9727, 100, 79, 59.47
0, 9503, 100, 79, 104.24
1, 9727, 100, 79, 82.72
0, 9503, 100, 79, 99.19
1, 9727, 100, 79, 112.64
0, 9503, 100, 79, 55.04
1, 9727, 100, 79, 55.99
0, 9503, 100, 79, 105.15
1, 9727, 79, 79, 88.42
0, 9503, 100, 79, 85.68
1, 9727, 79, 79, 113.21
0, 9503, 100, 79, 86.05
1, 9727, 87, 79, 128.75
0, 9503, 87, 79, 98.54
1, 9727, 90, 79, 107.13
0, 9503, 68, 78, 90.65
1, 9727, 85, 79, 122.89
0, 9503, 87, 79, 107.17
1, 9727, 85, 79, 101.09
0, 9503, 84, 79, 85.65
1, 9727, 94, 79, 100.08
0, 9503, 89, 79, 105.19
1, 9727, 100, 79, 105.06
0, 9503, 85, 79, 102.34
1, 9727, 99, 79, 108.52
0, 9503, 68, 79, 124.55
1, 9727, 95, 79, 123.55
0, 9503, 93, 79, 100.45
1, 9727, 97, 79, 109.40
0, 9503, 85, 79, 105.61
1, 9727, 95, 79, 109.24
0, 9503, 89, 79, 97.18
1, 9727, 100, 79, 96.50
0, 9503, 88, 79, 91.86
1, 9727, 100, 79, 108.21
0, 9503, 72, 79, 113.67
1, 9727, 94, 79, 109.85
0, 9503, 95, 79, 112.89
1, 9727, 88, 79, 120.70
0, 9503, 89, 79, 107.43
1, 9727, 91, 79, 119.87
0, 9503, 92, 79, 123.11
1, 9727, 90, 79, 91.24
0, 9503, 90, 79, 118.32
1, 9727, 86, 79, 122.48
0, 9503, 65, 79, 106.52
1, 9727, 87, 79, 122.50
0, 9503, 67, 79, 128.26
1, 9727, 87, 79, 127.18
0, 9503, 71, 79, 120.23
1, 9727, 90, 79, 117.54
0, 9503, 64, 79, 121.15
1, 9727, 87, 79, 130.78
0, 9503, 67, 79, 115.51
1, 9727, 91, 79, 117.79
0, 9503, 55, 79, 129.25
1, 9727, 86, 79, 121.51
0, 9503, 70, 79, 124.23
1, 9727, 87, 79, 118.25
0, 9503, 68, 79, 115.52
1, 9727, 85, 79, 116.35
0, 9503, 76, 79, 118.30
1, 9727, 90, 79, 126.09
0, 9503, 77, 80, 119.74
1, 9727, 91, 79, 122.98
0, 9503, 62, 79, 97.24
1, 9727, 88, 79, 123.81
0, 9503, 100, 79, 102.64
1, 9727, 70, 79, 88.63
0, 9503, 79, 79, 81.19
1, 9727, 67, 79, 118.73
0, 9503, 95, 79, 100.46
1, 9727, 89, 79, 129.44
0, 9503, 100, 79, 98.28
1, 9727, 100, 79, 109.28
0, 9503, 100, 79, 89.57
1, 9727, 100, 79, 57.81
0, 9503, 100, 79, 109.58
1, 9727, 100, 79, 123.49
0, 9503, 100, 79, 110.07
1, 9727, 95, 79, 123.71
0, 9503, 84, 79, 109.11
1, 9727, 94, 79, 123.55
0, 9503, 78, 79, 109.51
1, 9727, 92, 79, 123.71
0, 9503, 76, 79, 109.58
1, 9727, 90, 79, 121.15
0, 9503, 65, 79, 109.83
1, 9727, 80, 79, 122.11
0, 9503, 70, 79, 109.36
1, 9727, 79, 79, 121.57
0, 9503, 59, 79, 111.03
1, 9727, 88, 79, 123.70
0, 9503, 94, 79, 92.28
1, 9727, 85, 79, 127.73
0, 9503, 98, 79, 104.73
1, 9727, 79, 79, 95.82
0, 9503, 85, 79, 108.32
1, 9727, 84, 79, 144.01
0, 9503, 91, 79, 106.03
1, 9727, 89, 79, 90.84
0, 9503, 98, 79, 61.28
1, 9727, 94, 79, 63.65
0, 9503, 100, 79, 111.74
1, 9727, 100, 79, 125.38
0, 9503, 100, 79, 107.66
1, 9727, 100, 79, 124.45
0, 9503, 88, 79, 109.36
1, 9727, 95, 79, 123.07
0, 9503, 82, 79, 109.58
1, 9727, 94, 79, 121.33
0, 9503, 76, 79, 110.05
1, 9727, 89, 79, 124.18
0, 9503, 72, 79, 110.09
1, 9727, 79, 79, 116.83
0, 9503, 79, 79, 110.05
1, 9727, 84, 79, 116.41
0, 9503, 84, 79, 125.46
1, 9727, 87, 79, 92.73
0, 9503, 100, 79, 95.43
1, 9727, 100, 79, 118.78
0, 9503, 100, 79, 121.34
1, 9727, 100, 79, 82.23
0, 9503, 90, 79, 109.60
1, 9727, 94, 80, 123.49
0, 9503, 79, 79, 109.35
1, 9727, 93, 80, 122.53
0, 9503, 71, 79, 109.27
1, 9727, 100, 80, 126.10
0, 9503, 83, 79, 108.62
1, 9727, 91, 79, 123.73
0, 9503, 74, 79, 113.61
1, 9727, 86, 79, 116.37
0, 9503, 53, 79, 122.90
1, 9727, 83, 79, 88.58
0, 9503, 93, 79, 99.91
1, 9727, 92, 79, 95.04
0, 9503, 100, 79, 103.90
1, 9727, 100, 79, 117.27
0, 9503, 100, 79, 109.44
1, 9727, 100, 79, 114.29
0, 9503, 93, 79, 109.60
1, 9727, 98, 79, 113.33
0, 9503, 80, 79, 109.37
1, 9727, 92, 79, 112.87
0, 9503, 70, 79, 114.55
1, 9727, 88, 79, 119.23
0, 9503, 84, 79, 102.87
1, 9727, 93, 79, 95.95
0, 9503, 98, 79, 100.08
1, 9727, 100, 79, 94.25
0, 9503, 100, 79, 114.61
1, 9727, 100, 79, 77.18
0, 9503, 97, 79, 100.64
1, 9727, 100, 79, 95.80
0, 9503, 100, 79, 118.88
1, 9727, 100, 79, 114.92
0, 9503, 91, 79, 114.10
1, 9727, 96, 79, 112.84
0, 9503, 77, 79, 113.93
1, 9727, 90, 79, 110.93
0, 9503, 72, 79, 122.01
1, 9727, 92, 79, 85.81
0, 9503, 85, 79, 105.39
1, 9727, 95, 79, 93.82
0, 9503, 99, 79, 75.65
1, 9727, 100, 79, 77.99
0, 9503, 100, 79, 113.93
1, 9727, 100, 79, 112.61
0, 9503, 96, 79, 118.88
1, 9727, 96, 79, 113.23
0, 9503, 69, 79, 110.09
1, 9727, 90, 79, 112.85
0, 9503, 71, 80, 113.69
1, 9727, 91, 79, 112.61
0, 9503, 84, 79, 98.15
1, 9727, 95, 79, 109.80
0, 9503, 100, 79, 97.76
1, 9727, 95, 79, 111.93
0, 9503, 100, 79, 96.79
1, 9727, 100, 79, 99.88
0, 9503, 100, 80, 116.98
1, 9727, 100, 79, 113.30
0, 9503, 100, 79, 114.39
1, 9727, 97, 79, 115.87
0, 9503, 84, 79, 110.09
1, 9727, 92, 79, 111.65
0, 9503, 52, 79, 93.51
1, 9727, 88, 79, 112.86
0, 9503, 86, 79, 95.55
1, 9727, 95, 79, 96.15
0, 9503, 100, 79, 100.41
1, 9727, 100, 78, 113.36
0, 9503, 94, 79, 103.44
1, 9727, 100, 79, 115.74
0, 9503, 70, 79, 97.25
1, 9727, 89, 79, 115.76
0, 9503, 85, 79, 88.20
1, 9727, 75, 78, 107.89
0, 9503, 100, 79, 82.31
1, 9727, 100, 79, 109.21
0, 9503, 95, 79, 108.62
1, 9727, 99, 79, 125.62
0, 9503, 75, 79, 108.38
1, 9727, 100, 79, 125.38
0, 9503, 70, 79, 117.58
1, 9727, 86, 79, 130.06
0, 9503, 77, 79, 99.61
1, 9727, 80, 79, 121.01
0, 9503, 100, 79, 57.45
1, 9727, 93, 79, 59.34
0, 9503, 100, 79, 106.93
1, 9727, 100, 79, 130.18
0, 9503, 82, 79, 102.93
1, 9727, 89, 79, 124.22
0, 9503, 57, 79, 95.72
1, 9727, 71, 79, 101.16
0, 9503, 100, 79, 94.69
1, 9727, 100, 79, 118.54
0, 9503, 100, 79, 103.19
1, 9727, 100, 79, 131.79
0, 9503, 70, 79, 102.69
1, 9727, 89, 79, 124.28
0, 9503, 84, 79, 115.40
1, 9727, 73, 79, 136.20
0, 9503, 100, 79, 106.00
1, 9727, 100, 79, 89.16
0, 9503, 94, 79, 109.10
1, 9727, 100, 79, 129.69
0, 9503, 68, 79, 104.30
1, 9727, 100, 79, 129.63
0, 9503, 73, 79, 112.04
1, 9727, 91, 79, 96.99
0, 9503, 94, 79, 101.23
1, 9727, 96, 79, 86.52
0, 9503, 100, 79, 108.18
1, 9727, 100, 79, 108.12
0, 9503, 89, 79, 108.90
1, 9727, 96, 79, 108.12
0, 9503, 71, 79, 112.03
1, 9727, 91, 79, 106.91
0, 9503, 98, 79, 113.60
1, 9727, 98, 79, 118.02
0, 9503, 100, 79, 95.65
1, 9727, 100, 79, 91.53
0, 9503, 78, 79, 109.60
1, 9727, 91, 79, 113.10
0, 9503, 73, 79, 109.85
1, 9727, 84, 79, 113.57
0, 9503, 99, 79, 100.33
1, 9727, 92, 79, 122.03
0, 9503, 100, 79, 99.01
1, 9727, 100, 79, 86.10
0, 9503, 100, 79, 114.31
1, 9727, 100, 79, 122.26
0, 9503, 73, 79, 111.04
1, 9727, 95, 79, 119.73
0, 9503, 81, 79, 133.08
1, 9727, 82, 79, 90.92
0, 9503, 100, 79, 94.74
1, 9727, 94, 79, 118.41
0, 9503, 98, 79, 113.68
1, 9727, 100, 79, 116.85
0, 9503, 69, 79, 108.64
1, 9727, 90, 79, 116.37
0, 9503, 85, 79, 93.41
1, 9727, 82, 79, 128.47
0, 9503, 100, 79, 96.00
1, 9727, 100, 79, 107.16
0, 9503, 90, 79, 109.60
1, 9727, 100, 79, 121.63
0, 9503, 68, 79, 109.83
1, 9727, 90, 79, 116.61
0, 9503, 100, 79, 95.52
1, 9727, 97, 79, 91.95
0, 9503, 98, 79, 108.92
1, 9727, 100, 79, 107.98
0, 9503, 100, 79, 114.08
1, 9727, 100, 79, 115.87
0, 9503, 70, 79, 124.70
1, 9727, 90, 79, 127.43
0, 9503, 79, 79, 120.68
1, 9727, 86, 79, 89.54
0, 9503, 100, 79, 82.30
1, 9727, 100, 79, 82.04
0, 9503, 96, 79, 116.95
1, 9727, 100, 79, 122.99
0, 9503, 73, 79, 114.31
1, 9727, 90, 79, 121.31
0, 9503, 65, 79, 99.70
1, 9727, 79, 79, 140.24
0, 9503, 100, 79, 101.82
1, 9727, 100, 79, 111.27
0, 9503, 79, 79, 106.46
1, 9727, 90, 79, 124.46
0, 9503, 73, 79, 122.69
1, 9727, 67, 79, 94.76
0, 9503, 100, 79, 98.18
1, 9727, 100, 79, 66.68
0, 9503, 100, 79, 113.11
1, 9727, 94, 79, 121.55
0, 9503, 70, 79, 121.42
1, 9727, 76, 79, 126.23
0, 9503, 93, 79, 88.97
1, 9727, 79, 79, 120.90
0, 9503, 100, 79, 111.18
1, 9727, 100, 80, 129.37
0, 9503, 74, 79, 106.94
1, 9727, 94, 79, 124.21
0, 9503, 87, 79, 100.91
1, 9727, 76, 79, 92.75
0, 9503, 100, 79, 106.05
1, 9727, 100, 79, 95.91
0, 9503, 73, 79, 108.86
1, 9727, 94, 79, 124.45
0, 9503, 85, 79, 115.01
1, 9727, 76, 79, 127.66
0, 9503, 100, 79, 87.24
1, 9727, 100, 79, 100.44
0, 9503, 74, 79, 109.46
1, 9727, 95, 79, 104.60
0, 9503, 75, 79, 110.82
1, 9727, 92, 79, 105.49
0, 9503, 91, 79, 102.40
1, 9727, 91, 79, 90.32
0, 9503, 100, 79, 109.59
1, 9727, 100, 79, 118.05
0, 9503, 68, 79, 110.08
1, 9727, 91, 79, 115.25
0, 9503, 95, 79, 114.02
1, 9727, 89, 79, 120.27
0, 9503, 100, 79, 114.15
1, 9727, 100, 79, 116.59
0, 9503, 64, 79, 109.85
1, 9727, 91, 79, 113.33
0, 9503, 95, 79, 104.87
1, 9727, 92, 79, 115.56
0, 9503, 100, 79, 114.17
1, 9727, 100, 79, 112.61
0, 9503, 66, 79, 112.25
1, 9727, 91, 79, 113.56
0, 9503, 95, 79, 97.11
1, 9727, 91, 79, 92.38
0, 9503, 100, 79, 116.07
1, 9727, 100, 79, 115.70
0, 9503, 65, 79, 114.08
1, 9727, 91, 79, 116.35
0, 9503, 98, 79, 112.21
1, 9727, 88, 79, 124.94
0, 9503, 100, 79, 114.15
1, 9727, 100, 79, 115.71
0, 9503, 99, 79, 113.85
1, 9727, 90, 79, 120.11
0, 9503, 67, 79, 129.45
1, 9727, 87, 79, 121.41
0, 9503, 100, 79, 105.91
1, 9727, 100, 79, 104.85
0, 9503, 95, 79, 113.85
1, 9727, 100, 79, 116.13
0, 9503, 68, 79, 129.87
1, 9727, 90, 79, 122.24
0, 9503, 100, 79, 94.94
1, 9727, 100, 79, 82.73
0, 9503, 76, 79, 96.76
1, 9727, 95, 79, 116.48
0, 9503, 100, 79, 99.63
1, 9727, 69, 79, 137.86
0, 9503, 88, 79, 108.39
1, 9727, 100, 79, 120.93
0, 9503, 84, 79, 114.54
1, 9727, 68, 79, 123.95
0, 9503, 100, 79, 97.11
1, 9727, 100, 79, 87.85
0, 9503, 100, 79, 107.25
1, 9727, 93, 79, 121.41
0, 9503, 73, 79, 126.94
1, 9727, 78, 79, 93.38
0, 9503, 100, 79, 101.76
1, 9727, 100, 79, 111.03
0, 9503, 74, 79, 109.58
1, 9727, 84, 79, 123.55
0, 9503, 94, 79, 120.35
1, 9727, 76, 79, 85.25
0, 9503, 100, 79, 109.57
1, 9727, 100, 79, 125.86
0, 9503, 58, 79, 117.18
1, 9727, 90, 79, 123.70
0, 9503, 100, 79, 120.56
1, 9727, 86, 79, 89.28
0, 9503, 100, 79, 113.85
1, 9727, 100, 79, 117.08
0, 9503, 49, 79, 114.55
1, 9727, 88, 79, 123.71
0, 9503, 81, 79, 94.97
1, 9727, 100, 79, 96.82
0, 9503, 100, 79, 119.16
1, 9727, 100, 79, 100.74
0, 9503, 57, 79, 93.03
1, 9727, 90, 79, 107.35
0, 9503, 100, 79, 101.85
1, 9727, 100, 79, 96.33
0, 9503, 95, 79, 118.91
1, 9727, 91, 79, 107.33
0, 9503, 55, 79, 128.95
1, 9727, 86, 78, 128.49
0, 9503, 100, 79, 114.64
1, 9727, 100, 79, 115.71
0, 9503, 75, 79, 114.33
1, 9727, 95, 79, 115.87
0, 9503, 91, 79, 112.39
1, 9727, 90, 79, 137.02
0, 9503, 98, 79, 114.15
1, 9727, 100, 79, 118.99
0, 9503, 68, 79, 115.78
1, 9727, 86, 79, 113.56
0, 9503, 100, 79, 49.74
1, 9727, 96, 78, 52.15
0, 9503, 82, 80, 114.64
1, 9727, 96, 79, 115.95
0, 9503, 90, 79, 106.31
1, 9727, 77, 79, 116.11
0, 9503, 100, 79, 100.64
1, 9727, 100, 79, 100.06
0, 9503, 75, 79, 103.90
1, 9727, 67, 79, 125.42
0, 9503, 100, 79, 78.01
1, 9727, 100, 79, 111.56
0, 9503, 94, 79, 101.73
1, 9727, 100, 79, 127.09
0, 9503, 96, 79, 81.02
1, 9727, 74, 79, 124.61
0, 9503, 100, 79, 107.17
1, 9727, 100, 79, 130.33
0, 9503, 72, 79, 114.53
1, 9727, 89, 79, 130.07
0, 9503, 100, 79, 107.90
1, 9727, 100, 79, 118.35
0, 9503, 67, 79, 102.22
1, 9727, 94, 79, 124.22
0, 9503, 100, 79, 120.99
1, 9727, 77, 79, 95.34
0, 9503, 79, 79, 113.35
1, 9727, 99, 79, 123.71
0, 9503, 98, 79, 93.83
1, 9727, 76, 79, 121.32
0, 9503, 100, 79, 109.86
1, 9727, 100, 79, 104.53
0, 9503, 80, 79, 109.34
1, 9727, 85, 79, 123.79
0, 9503, 94, 79, 95.05
1, 9727, 100, 79, 100.40
0, 9503, 100, 79, 115.38
1, 9727, 96, 79, 104.04
0, 9503, 48, 79, 105.42
1, 9727, 86, 79, 111.12
0, 9503, 100, 79, 109.21
1, 9727, 100, 79, 108.86
0, 9503, 74, 79, 109.85
1, 9727, 95, 79, 112.37
0, 9503, 100, 79, 106.93
1, 9727, 92, 78, 130.93
0, 9503, 84, 79, 113.45
1, 9727, 100, 79, 113.80
0, 9503, 90, 79, 105.63
1, 9727, 90, 79, 82.45
0, 9503, 100, 79, 109.36
1, 9727, 100, 79, 112.61
0, 9503, 80, 79, 110.56
1, 9727, 87, 79, 116.43
0, 9503, 98, 79, 92.34
1, 9727, 100, 79, 101.49
0, 9503, 100, 79, 113.61
1, 9727, 95, 79, 116.13
0, 9503, 89, 79, 99.23
1, 9727, 100, 79, 105.63
0, 9503, 100, 79, 116.24
1, 9727, 100, 79, 116.12
0, 9503, 68, 79, 115.03
1, 9727, 93, 79, 121.31
0, 9503, 100, 79, 109.44
1, 9727, 100, 79, 107.89
0, 9503, 72, 79, 109.83
1, 9727, 95, 79, 118.05
0, 9503, 100, 79, 125.47
1, 9727, 81, 79, 88.97
0, 9503, 78, 79, 112.22
1, 9727, 100, 79, 121.39
0, 9503, 100, 79, 103.37
1, 9727, 83, 79, 113.76
0, 9503, 100, 79, 110.30
1, 9727, 100, 79, 120.91
0, 9503, 58, 79, 101.74
1, 9727, 85, 79, 118.77
0, 9503, 100, 79, 109.12
1, 9727, 100, 79, 108.38
0, 9503, 91, 79, 109.58
1, 9727, 90, 79, 122.53
0, 9503, 85, 79, 53.86
1, 9727, 100, 79, 52.12
0, 9503, 96, 79, 109.58
1, 9727, 91, 79, 125.14
0, 9503, 85, 79, 97.82
1, 9727, 93, 79, 119.07
0, 9503, 100, 79, 113.11
1, 9727, 100, 79, 122.03
0, 9503, 79, 79, 102.72
1, 9727, 87, 79, 120.41
0, 9503, 100, 79, 109.36
1, 9727, 100, 79, 121.15
0, 9503, 66, 79, 109.60
1, 9727, 94, 79, 116.19
0, 9503, 0, 77, 52.65
1, 9727, 0, 77, 52.12
0, 9503, 58, 79, 145.04
1, 9727, 95, 79, 155.91
0, 9503, 100, 79, 110.43
1, 9727, 90, 79, 136.43
0, 9503, 100, 79, 114.82
1, 9727, 100, 79, 115.63
0, 9503, 58, 78, 55.76
1, 9727, 41, 78, 56.22
0, 9503, 51, 79, 143.52
1, 9727, 90, 79, 137.71
0, 9503, 100, 79, 88.15
1, 9727, 90, 79, 125.44
0, 9503, 100, 79, 99.56
1, 9727, 100, 79, 131.80
0, 9334, 85, 78, 52.62
1, 9558, 64, 78, 56.94
0, 9336, 77, 78, 124.72
1, 9560, 66, 78, 145.72
0, 9336, 78, 79, 135.17
1, 9560, 81, 79, 143.78
0, 9336, 77, 79, 112.27
1, 9560, 84, 79, 106.27
0, 9336, 79, 79, 59.39
1, 9560, 83, 79, 55.02
0, 9336, 79, 79, 125.85
1, 9560, 82, 78, 126.46
0, 9336, 78, 79, 127.11
1, 9560, 82, 79, 123.81
0, 9336, 79, 79, 110.63
1, 9560, 81, 79, 119.96
0, 289, 80, 78, 51.68
1, 289, 85, 79, 58.64
0, 289, 0, 77, 55.03
1, 289, 0, 77, 56.20
