0, 9, 0, 76, 46.86
1, 9, 0, 76, 48.30
0, 265, 0, 76, 46.60
1, 10184, 0, 74, 46.12
0, 11146, 26, 74, 45.90
1, 10184, 0, 73, 46.12
0, 11146, 26, 73, 45.90
1, 10184, 0, 73, 45.88
0, 11146, 26, 73, 45.90
1, 10184, 0, 73, 45.63
0, 11146, 0, 73, 44.92
1, 10184, 98, 73, 53.60
0, 11146, 0, 73, 44.90
1, 10184, 98, 73, 53.57
0, 11146, 0, 73, 44.90
1, 10184, 98, 73, 53.57
0, 11146, 0, 72, 44.65
1, 10184, 96, 73, 53.57
0, 11422, 100, 76, 186.12
1, 10758, 0, 73, 52.49
0, 11422, 100, 77, 189.69
1, 10852, 0, 74, 56.06
0, 11422, 100, 78, 78.47
1, 10852, 0, 75, 166.36
0, 11422, 0, 76, 54.97
1, 10852, 99, 76, 180.62
0, 11422, 89, 77, 57.89
1, 10852, 0, 75, 176.08
0, 11422, 75, 79, 196.67
1, 10852, 100, 77, 180.37
0, 11422, 100, 79, 195.50
1, 10852, 100, 77, 79.23
0, 11422, 81, 78, 196.00
1, 10852, 20, 76, 58.22
0, 11422, 100, 80, 190.50
1, 10852, 99, 76, 58.72
0, 11422, 100, 78, 54.76
1, 10852, 0, 77, 175.76
0, 11422, 2, 77, 52.83
1, 10852, 94, 78, 183.38
0, 11457, 100, 78, 58.12
1, 10890, 0, 77, 182.41
0, 11457, 27, 79, 155.12
1, 10890, 100, 78, 184.79
0, 11457, 100, 80, 163.68
1, 10890, 100, 78, 189.26
0, 11457, 93, 79, 170.49
1, 10890, 8, 77, 58.78
0, 11457, 100, 79, 145.60
1, 10890, 100, 78, 131.14
0, 11457, 100, 79, 152.27
1, 10890, 8, 77, 58.83
0, 11457, 89, 78, 49.26
1, 10890, 6, 77, 180.98
0, 11457, 26, 79, 139.26
1, 10890, 85, 78, 184.88
0, 11457, 92, 79, 140.44
1, 10890, 100, 79, 185.74
0, 11457, 100, 79, 141.36
1, 10890, 100, 79, 187.51
0, 11457, 0, 77, 51.15
1, 10890, 100, 78, 61.93
0, 11457, 20, 79, 148.62
1, 10890, 71, 78, 184.11
0, 11457, 69, 79, 140.88
1, 10890, 100, 79, 186.36
0, 11457, 100, 79, 135.20
1, 10890, 100, 79, 188.69
0, 11457, 0, 77, 52.15
1, 10890, 100, 80, 159.69
0, 11457, 100, 78, 113.50
1, 10890, 78, 78, 165.72
0, 11457, 78, 79, 133.29
1, 10890, 100, 79, 181.65
0, 11457, 100, 79, 122.08
1, 10890, 100, 80, 185.01
0, 11457, 0, 78, 52.35
1, 10890, 100, 79, 173.32
0, 11625, 84, 79, 53.60
1, 11058, 14, 78, 165.10
0, 11625, 41, 79, 121.72
1, 11058, 100, 79, 182.04
0, 11625, 100, 79, 130.46
1, 11058, 100, 79, 177.76
0, 11625, 0, 78, 54.24
1, 11058, 100, 80, 183.47
0, 11625, 21, 79, 144.18
1, 11058, 98, 79, 182.05
0, 11625, 100, 79, 116.87
1, 11058, 100, 80, 180.06
0, 11625, 100, 79, 122.60
1, 11058, 100, 80, 166.00
0, 11625, 100, 79, 123.01
1, 11058, 100, 79, 52.45
0, 11625, 100, 79, 128.29
1, 11058, 96, 78, 52.93
0, 11625, 100, 79, 130.59
1, 11058, 46, 78, 56.74
0, 11625, 100, 79, 112.53
1, 11058, 0, 78, 54.64
0, 11625, 96, 79, 69.09
1, 11058, 1, 78, 138.23
0, 11625, 86, 79, 51.23
1, 11058, 11, 78, 164.40
0, 11625, 80, 79, 50.47
1, 11058, 19, 79, 164.62
0, 11625, 73, 78, 51.67
1, 11058, 28, 79, 168.79
0, 11625, 52, 78, 53.42
1, 11058, 48, 79, 142.41
0, 11625, 37, 78, 144.52
1, 11058, 63, 79, 145.40
0, 11625, 24, 79, 122.30
1, 11058, 76, 79, 168.73
0, 11625, 17, 79, 130.67
1, 11058, 83, 79, 151.64
0, 11625, 19, 79, 118.39
1, 11058, 81, 79, 160.88
0, 11625, 34, 79, 117.24
1, 11058, 67, 79, 159.35
0, 11625, 73, 79, 152.72
1, 11058, 29, 79, 135.82
0, 11625, 14, 78, 134.28
1, 11058, 100, 79, 150.88
0, 11625, 15, 78, 49.32
1, 11058, 87, 79, 132.04
0, 11625, 43, 79, 52.94
1, 11058, 59, 78, 139.29
0, 11625, 78, 79, 51.22
1, 11058, 26, 79, 158.52
0, 11625, 100, 78, 93.53
1, 11058, 0, 78, 50.34
0, 11625, 100, 79, 111.92
1, 11058, 100, 78, 94.36
0, 11625, 100, 79, 114.58
1, 11058, 100, 78, 115.21
0, 11625, 35, 79, 109.90
1, 11058, 100, 79, 139.81
0, 11625, 39, 79, 128.31
1, 11058, 63, 78, 147.83
0, 11625, 100, 78, 48.59
1, 11058, 0, 79, 155.46
0, 11625, 100, 79, 51.51
1, 11058, 0, 78, 143.27
0, 11625, 100, 79, 117.57
1, 11058, 0, 78, 53.18
0, 11625, 100, 80, 129.17
1, 11058, 52, 78, 56.03
0, 11625, 100, 79, 111.89
1, 11058, 3, 78, 52.71
0, 11625, 0, 77, 47.94
1, 11058, 100, 80, 90.34
0, 11625, 100, 79, 131.57
1, 11058, 0, 77, 48.82
0, 11625, 100, 79, 120.67
1, 11058, 0, 78, 55.32
0, 11625, 100, 79, 118.28
1, 11058, 45, 79, 56.81
0, 11625, 100, 80, 117.78
1, 11058, 100, 80, 144.87
0, 11625, 0, 78, 48.35
1, 11058, 100, 80, 140.63
0, 11625, 100, 79, 125.17
1, 11058, 0, 77, 55.79
0, 11625, 100, 80, 134.94
1, 11058, 92, 79, 50.75
0, 11625, 100, 79, 110.69
1, 11058, 100, 80, 110.76
0, 11625, 100, 79, 108.85
1, 11058, 100, 80, 134.64
0, 11625, 0, 78, 51.73
1, 11058, 100, 79, 136.16
0, 11850, 100, 79, 139.33
1, 11282, 0, 77, 55.53
0, 11850, 100, 79, 59.42
1, 11282, 7, 78, 144.61
0, 11850, 54, 78, 53.16
1, 11282, 61, 79, 152.25
0, 11850, 6, 78, 49.06
1, 11282, 100, 79, 162.01
0, 11850, 100, 79, 136.05
1, 11282, 0, 78, 51.47
0, 11850, 100, 79, 49.55
1, 11282, 14, 78, 144.85
0, 11850, 49, 79, 149.73
1, 11282, 70, 79, 153.30
0, 11850, 0, 79, 130.15
1, 11282, 100, 78, 92.65
0, 11850, 37, 79, 114.58
1, 11282, 100, 78, 116.38
0, 11850, 67, 79, 103.83
1, 11282, 100, 79, 139.62
0, 11850, 51, 79, 107.58
1, 11282, 100, 79, 139.02
0, 11850, 51, 79, 109.15
1, 11282, 100, 79, 156.88
0, 11850, 100, 79, 111.75
1, 11282, 100, 80, 175.36
0, 11850, 100, 79, 112.66
1, 11282, 100, 80, 162.90
0, 11850, 100, 79, 114.42
1, 11282, 100, 79, 148.68
0, 11850, 100, 79, 114.04
1, 11282, 100, 79, 138.37
0, 11850, 100, 79, 115.14
1, 11282, 100, 79, 148.70
0, 11850, 100, 79, 120.54
1, 11282, 100, 79, 153.41
0, 11850, 100, 79, 121.44
1, 11282, 100, 80, 161.41
0, 11850, 100, 79, 131.63
1, 11282, 100, 80, 154.17
0, 11850, 100, 79, 111.33
1, 11282, 100, 79, 144.57
0, 11850, 96, 79, 112.24
1, 11282, 100, 79, 150.29
0, 11850, 51, 79, 115.44
1, 11282, 100, 79, 131.06
0, 11850, 100, 79, 118.29
1, 11282, 100, 79, 135.51
0, 11850, 83, 79, 116.27
1, 11282, 100, 79, 146.27
0, 11850, 58, 79, 123.98
1, 11282, 89, 79, 134.28
0, 11850, 33, 79, 111.56
1, 11282, 100, 79, 147.61
0, 11850, 25, 79, 129.55
1, 11282, 100, 79, 141.00
0, 11850, 85, 78, 48.62
1, 11282, 49, 79, 144.71
0, 11850, 100, 79, 52.25
1, 11282, 0, 78, 137.77
0, 11850, 100, 79, 123.00
1, 11282, 0, 78, 56.52
0, 11850, 100, 79, 111.86
1, 11282, 0, 78, 52.95
0, 11850, 100, 79, 109.41
1, 11282, 26, 78, 50.57
0, 11850, 100, 79, 109.47
1, 11282, 100, 79, 50.09
0, 11850, 100, 79, 114.82
1, 11282, 100, 80, 157.62
0, 11850, 100, 79, 114.67
1, 11282, 100, 80, 146.37
0, 11850, 100, 79, 128.19
1, 11282, 100, 79, 131.73
0, 11850, 100, 79, 128.88
1, 11282, 100, 79, 142.46
0, 11850, 21, 79, 112.00
1, 11282, 70, 79, 124.94
0, 11850, 74, 79, 51.53
1, 11282, 63, 78, 129.54
0, 11850, 100, 79, 106.16
1, 11282, 0, 78, 49.85
0, 11850, 100, 79, 105.92
1, 11282, 9, 78, 51.30
0, 11850, 100, 79, 115.39
1, 11282, 100, 79, 55.86
0, 11850, 100, 79, 119.75
1, 11282, 100, 79, 132.69
0, 11850, 76, 79, 125.40
1, 11282, 100, 79, 135.85
0, 11850, 74, 79, 106.15
1, 11282, 100, 79, 138.38
0, 11850, 65, 78, 51.97
1, 11282, 0, 79, 144.13
0, 11850, 100, 79, 109.47
1, 11282, 17, 78, 50.09
0, 11850, 100, 79, 106.82
1, 11282, 54, 79, 52.96
0, 11850, 100, 79, 116.25
1, 11282, 100, 79, 126.81
0, 11850, 81, 79, 114.45
1, 11282, 100, 79, 150.81
0, 11850, 39, 78, 133.28
1, 11282, 100, 79, 147.79
0, 11850, 100, 79, 61.88
1, 11282, 0, 78, 133.04
0, 11850, 100, 79, 124.93
1, 11282, 26, 78, 50.29
0, 11850, 100, 79, 118.07
1, 11282, 100, 79, 114.95
0, 11850, 100, 79, 118.29
1, 11282, 100, 80, 132.39
0, 11850, 100, 79, 113.59
1, 11282, 100, 79, 144.51
0, 11850, 30, 78, 48.91
1, 11282, 17, 79, 115.06
0, 11850, 100, 79, 119.01
1, 11282, 23, 78, 49.81
0, 11850, 100, 80, 116.29
1, 11282, 100, 79, 56.06
0, 11850, 100, 79, 102.36
1, 11282, 100, 79, 147.62
0, 11850, 18, 78, 117.21
1, 11282, 100, 79, 159.46
0, 11850, 100, 79, 108.75
1, 11282, 0, 78, 52.99
0, 11850, 100, 79, 112.06
1, 11282, 96, 79, 51.30
0, 11850, 100, 79, 108.53
1, 11282, 100, 80, 152.76
0, 11850, 0, 79, 117.43
1, 11282, 100, 79, 123.22
0, 11850, 100, 79, 52.22
1, 11282, 0, 78, 130.73
0, 11850, 100, 79, 111.85
1, 11282, 54, 78, 55.84
0, 11850, 100, 79, 113.34
1, 11282, 100, 80, 134.80
0, 11850, 100, 79, 100.78
1, 11282, 100, 79, 129.01
0, 11850, 100, 79, 50.52
1, 11282, 0, 78, 160.12
0, 11850, 100, 79, 111.64
1, 11282, 99, 78, 50.81
0, 11850, 100, 79, 117.28
1, 11282, 100, 79, 123.97
0, 11850, 30, 79, 121.42
1, 11282, 100, 79, 126.25
0, 11850, 100, 79, 49.35
1, 11282, 21, 79, 135.48
0, 11850, 100, 79, 104.90
1, 11282, 38, 78, 50.57
0, 11850, 0, 77, 53.42
1, 11282, 100, 79, 132.56
0, 11850, 100, 79, 144.79
1, 11282, 7, 77, 56.47
0, 11850, 100, 79, 107.70
1, 11282, 100, 79, 166.87
0, 11850, 88, 79, 50.99
1, 11282, 0, 78, 147.73
0, 11850, 100, 79, 123.75
1, 11282, 96, 79, 49.57
0, 11850, 100, 79, 117.80
1, 11282, 100, 79, 140.50
0, 11850, 0, 78, 48.60
1, 11282, 100, 79, 131.23
0, 11850, 100, 79, 142.40
1, 11282, 19, 78, 55.97
0, 11850, 31, 78, 49.04
1, 11282, 30, 79, 159.24
0, 11850, 100, 79, 117.83
1, 11282, 3, 78, 50.08
0, 11850, 100, 79, 114.67
1, 11282, 100, 79, 156.44
0, 11850, 90, 79, 120.93
1, 11282, 100, 80, 170.88
0, 11850, 100, 78, 48.83
1, 11282, 57, 79, 143.51
0, 289, 27, 77, 49.98
1, 289, 99, 78, 57.92
0, 289, 0, 77, 54.79
1, 289, 0, 77, 55.73
0, 289, 0, 76, 54.54
1, 289, 0, 77, 55.49
