0, 9, 0, 34, 26.07
1, 9, 0, 34, 25.82
0, 265, 2, 34, 31.89
1, 265, 0, 34, 30.90
0, 265, 0, 35, 32.11
1, 9601, 0, 35, 31.12
0, 8623, 26, 35, 32.86
1, 9601, 0, 35, 31.14
0, 8623, 28, 35, 33.10
1, 9601, 0, 35, 31.14
0, 8623, 0, 35, 32.37
1, 9601, 99, 35, 35.98
0, 8623, 0, 35, 32.35
1, 9601, 98, 35, 36.46
0, 8623, 0, 35, 32.35
1, 9601, 99, 35, 36.46
0, 8623, 0, 35, 32.37
1, 9601, 99, 35, 36.46
0, 10935, 100, 38, 38.80
1, 11583, 0, 36, 122.00
0, 10935, 100, 39, 162.27
1, 11583, 0, 36, 36.94
0, 10935, 100, 41, 141.30
1, 11583, 100, 39, 133.67
0, 10935, 99, 42, 159.56
1, 11583, 100, 40, 144.80
0, 10935, 100, 42, 145.93
1, 11583, 100, 41, 139.16
0, 10935, 100, 43, 145.68
1, 11583, 100, 41, 149.49
0, 10935, 99, 43, 154.14
1, 11583, 100, 42, 155.09
0, 10935, 100, 44, 166.92
1, 11583, 100, 42, 145.83
0, 10935, 100, 44, 159.41
1, 11583, 100, 42, 147.66
0, 10935, 100, 44, 154.34
1, 11583, 100, 43, 142.63
0, 10935, 99, 45, 168.57
1, 11583, 100, 43, 149.28
0, 10935, 100, 45, 163.60
1, 11583, 100, 44, 133.05
0, 10935, 100, 46, 171.03
1, 11583, 100, 44, 145.81
0, 10935, 100, 46, 157.17
1, 11583, 100, 44, 161.53
0, 10935, 100, 46, 148.27
1, 11583, 100, 45, 166.18
0, 10935, 99, 47, 147.02
1, 11583, 100, 45, 150.47
0, 10935, 100, 47, 162.22
1, 11583, 100, 45, 157.77
0, 10935, 100, 48, 156.89
1, 11583, 100, 46, 142.62
0, 10935, 100, 48, 147.78
1, 11583, 100, 46, 161.18
0, 10935, 100, 48, 177.10
1, 11583, 100, 46, 148.66
0, 10935, 100, 49, 174.22
1, 11583, 100, 47, 135.27
0, 10935, 100, 49, 169.77
1, 11583, 100, 47, 143.53
0, 10935, 100, 49, 176.74
1, 11583, 100, 47, 151.53
0, 10935, 99, 50, 178.41
1, 11583, 100, 48, 160.04
0, 10935, 100, 50, 165.87
1, 11583, 100, 48, 110.64
0, 10935, 100, 50, 145.30
1, 11583, 100, 48, 159.21
0, 10935, 100, 51, 146.49
1, 11583, 100, 49, 139.13
0, 10935, 99, 51, 170.03
1, 11583, 75, 49, 139.96
0, 10935, 100, 51, 179.78
1, 11583, 100, 49, 136.59
0, 10935, 99, 52, 172.88
1, 11583, 78, 49, 148.38
0, 10935, 100, 52, 168.41
1, 11583, 100, 50, 172.55
0, 10935, 100, 52, 183.77
1, 11583, 100, 49, 45.81
0, 10935, 100, 53, 156.40
1, 11583, 75, 50, 152.00
0, 10935, 100, 53, 172.94
1, 11583, 100, 50, 147.58
0, 10935, 100, 53, 163.76
1, 11583, 71, 50, 161.25
0, 10935, 100, 54, 151.19
1, 11583, 100, 51, 159.11
0, 10935, 100, 54, 168.91
1, 11583, 100, 51, 145.09
0, 10935, 100, 55, 173.96
1, 11583, 73, 51, 175.84
0, 10935, 100, 55, 163.13
1, 11583, 100, 52, 177.99
0, 10935, 100, 55, 162.56
1, 11583, 100, 52, 54.23
0, 10935, 99, 55, 154.70
1, 11583, 57, 52, 162.09
0, 10935, 100, 56, 158.96
1, 11583, 100, 52, 178.50
0, 10935, 100, 56, 167.96
1, 11583, 100, 53, 145.61
0, 10935, 99, 56, 187.10
1, 11583, 48, 52, 162.72
0, 10935, 100, 57, 173.09
1, 11583, 100, 53, 139.24
0, 10935, 100, 57, 159.05
1, 11583, 100, 53, 159.11
0, 10935, 100, 57, 154.19
1, 11583, 53, 53, 157.08
0, 10935, 99, 57, 161.43
1, 11583, 100, 53, 161.95
0, 10935, 100, 58, 165.46
1, 11583, 100, 54, 164.43
0, 10935, 100, 58, 166.32
1, 11583, 100, 54, 153.48
0, 10935, 99, 58, 155.35
1, 11583, 43, 54, 159.25
0, 10935, 100, 58, 170.25
1, 11583, 100, 54, 151.75
0, 10935, 100, 59, 171.30
1, 11583, 100, 55, 159.24
0, 10935, 100, 59, 155.82
1, 11583, 100, 55, 163.17
0, 10935, 99, 59, 159.84
1, 11583, 58, 54, 161.00
0, 10935, 100, 60, 172.39
1, 11583, 82, 55, 149.99
0, 10935, 100, 60, 174.52
1, 11583, 100, 55, 160.45
0, 10935, 100, 60, 189.91
1, 11583, 100, 56, 163.87
0, 10935, 100, 60, 168.97
1, 11583, 100, 55, 47.26
0, 10935, 100, 61, 157.62
1, 11583, 62, 56, 159.77
0, 10935, 99, 61, 167.06
1, 11583, 62, 56, 159.01
0, 10935, 100, 62, 173.53
1, 11583, 100, 56, 164.05
0, 10935, 100, 61, 186.59
1, 11583, 100, 57, 152.73
0, 10935, 100, 62, 172.57
1, 11583, 100, 57, 102.13
0, 10935, 100, 62, 175.86
1, 11583, 31, 56, 136.82
0, 10935, 99, 62, 192.08
1, 11583, 78, 57, 179.86
0, 10935, 99, 63, 165.26
1, 11583, 100, 57, 143.75
0, 10935, 100, 63, 157.57
1, 11583, 100, 58, 179.97
0, 10935, 100, 63, 191.11
1, 11583, 100, 58, 162.11
0, 10935, 100, 63, 157.99
1, 11583, 100, 58, 152.98
0, 10935, 100, 64, 193.27
1, 11583, 100, 57, 45.07
0, 10935, 99, 64, 173.81
1, 11583, 29, 57, 165.80
0, 10935, 99, 64, 159.25
1, 11583, 54, 58, 156.93
0, 10935, 100, 64, 166.00
1, 11583, 100, 58, 165.03
0, 10935, 100, 65, 177.64
1, 11583, 100, 58, 179.16
0, 10935, 100, 65, 165.88
1, 11583, 100, 59, 160.53
0, 10935, 100, 65, 166.61
1, 11583, 100, 59, 165.68
0, 10935, 100, 65, 176.17
1, 11583, 100, 59, 87.43
0, 10935, 100, 66, 194.37
1, 11583, 56, 58, 46.25
0, 10935, 100, 66, 169.63
1, 11583, 8, 59, 167.27
0, 10935, 99, 66, 192.94
1, 11583, 44, 59, 159.93
0, 10935, 100, 67, 178.54
1, 11583, 87, 60, 184.81
0, 10935, 100, 66, 170.53
1, 11583, 100, 60, 169.85
0, 10935, 100, 67, 190.05
1, 11583, 100, 60, 162.36
0, 10935, 100, 67, 175.70
1, 11583, 100, 60, 182.29
0, 10935, 100, 67, 161.45
1, 11583, 100, 61, 169.16
0, 10935, 100, 67, 186.91
1, 11583, 100, 61, 146.16
0, 10935, 100, 68, 196.74
1, 11583, 100, 61, 157.01
0, 10935, 100, 68, 160.59
1, 11583, 100, 61, 170.84
0, 10935, 100, 68, 178.85
1, 11583, 91, 61, 54.70
0, 10935, 100, 68, 184.11
1, 11583, 62, 60, 47.49
0, 10935, 100, 69, 196.99
1, 11583, 44, 60, 47.44
0, 10935, 100, 69, 168.17
1, 11583, 25, 60, 57.61
0, 10935, 100, 69, 166.43
1, 11583, 0, 60, 157.11
0, 10935, 99, 69, 183.65
1, 11583, 6, 61, 151.57
0, 10935, 99, 69, 182.94
1, 11583, 21, 61, 167.80
0, 10935, 99, 70, 196.32
1, 11583, 34, 61, 173.35
0, 10935, 99, 70, 198.33
1, 11583, 43, 61, 185.90
0, 10935, 99, 70, 198.64
1, 11583, 50, 62, 187.75
0, 10935, 99, 71, 172.16
1, 11583, 58, 62, 186.53
0, 10935, 100, 71, 178.05
1, 11583, 62, 62, 187.09
0, 10935, 100, 71, 163.54
1, 11583, 65, 62, 162.98
0, 10935, 100, 71, 168.73
1, 11583, 64, 63, 168.42
0, 10935, 100, 71, 180.00
1, 11583, 100, 63, 155.64
0, 10935, 100, 72, 179.47
1, 11583, 100, 63, 156.51
0, 10935, 100, 71, 179.41
1, 11583, 100, 63, 150.67
0, 10935, 99, 72, 188.42
1, 11583, 100, 63, 151.73
0, 10935, 99, 73, 188.67
1, 11583, 100, 63, 156.02
0, 10935, 99, 73, 180.48
1, 11583, 100, 63, 170.49
0, 10935, 99, 73, 165.76
1, 11583, 100, 63, 162.95
0, 10935, 100, 74, 179.87
1, 11583, 100, 64, 188.02
0, 10935, 100, 74, 172.61
1, 11583, 83, 63, 187.94
0, 10935, 100, 74, 207.75
1, 11583, 63, 64, 188.34
0, 10935, 99, 74, 208.43
1, 11583, 41, 64, 188.79
0, 10935, 99, 74, 206.87
1, 11583, 17, 64, 182.57
0, 10935, 99, 74, 201.79
1, 11583, 0, 63, 153.03
0, 10935, 99, 75, 172.17
1, 11583, 17, 63, 170.26
0, 10935, 100, 75, 188.89
1, 11583, 38, 63, 168.84
0, 10935, 100, 75, 190.32
1, 11583, 6, 63, 144.58
0, 10935, 100, 76, 209.82
1, 11583, 0, 63, 49.10
0, 10935, 100, 76, 209.80
1, 11583, 37, 63, 49.10
0, 10935, 100, 76, 208.62
1, 11583, 63, 64, 49.34
0, 10935, 100, 76, 175.42
1, 11583, 99, 64, 50.17
0, 10935, 100, 76, 180.72
1, 11583, 100, 65, 57.33
0, 10935, 100, 77, 187.85
1, 11583, 100, 65, 172.71
0, 10935, 100, 77, 210.94
1, 11583, 100, 65, 170.93
0, 10935, 100, 77, 207.69
1, 11583, 100, 66, 169.28
0, 10935, 100, 77, 189.97
1, 11583, 100, 66, 155.68
0, 10935, 100, 77, 173.01
1, 11583, 100, 66, 190.69
0, 10935, 100, 78, 212.19
1, 11583, 100, 66, 184.42
0, 10935, 100, 78, 203.49
1, 11583, 100, 66, 149.56
0, 10935, 100, 78, 177.29
1, 11583, 100, 66, 164.81
0, 10935, 99, 79, 177.92
1, 11583, 100, 66, 189.24
0, 10935, 99, 79, 212.59
1, 11583, 67, 66, 190.18
0, 10935, 100, 79, 193.51
1, 11583, 9, 65, 148.40
0, 10935, 100, 79, 213.26
1, 11583, 9, 65, 49.84
0, 10935, 100, 79, 211.82
1, 11583, 75, 65, 50.53
0, 10935, 100, 79, 188.90
1, 11583, 100, 67, 67.59
0, 10935, 100, 80, 194.93
1, 11583, 100, 67, 162.22
0, 10935, 100, 79, 177.56
1, 11583, 100, 67, 176.97
0, 10935, 100, 79, 176.51
1, 11583, 100, 67, 194.01
0, 10935, 100, 79, 166.09
1, 11583, 100, 67, 165.90
0, 10935, 99, 79, 162.22
1, 11583, 100, 67, 193.68
0, 10935, 100, 79, 153.03
1, 11583, 47, 66, 176.86
0, 10935, 100, 79, 176.71
1, 11583, 0, 66, 51.08
0, 10935, 100, 79, 163.62
1, 11583, 79, 67, 52.36
0, 10935, 100, 80, 179.60
1, 11583, 100, 68, 174.17
0, 10935, 100, 79, 145.66
1, 11583, 100, 68, 195.90
0, 10935, 100, 79, 154.08
1, 11583, 100, 68, 166.60
0, 10935, 99, 79, 155.55
1, 11583, 51, 67, 194.45
0, 10935, 100, 79, 160.29
1, 11583, 0, 66, 50.90
0, 10935, 100, 79, 152.00
1, 11583, 100, 67, 52.11
0, 10935, 100, 79, 167.80
1, 11583, 100, 68, 168.68
0, 10935, 100, 79, 161.29
1, 11583, 100, 68, 195.49
0, 10935, 100, 79, 138.53
1, 11583, 100, 68, 169.50
0, 10935, 100, 79, 156.14
1, 11583, 31, 67, 160.67
0, 10935, 100, 79, 176.26
1, 11583, 1, 67, 51.81
0, 10935, 100, 79, 150.23
1, 11583, 100, 68, 178.49
0, 10935, 100, 79, 148.06
1, 11583, 100, 69, 196.59
0, 10935, 100, 79, 129.99
1, 11583, 100, 68, 166.29
0, 10935, 99, 79, 146.47
1, 11583, 0, 67, 177.12
0, 10935, 100, 79, 151.78
1, 11583, 77, 67, 52.12
0, 10935, 100, 79, 160.27
1, 11583, 100, 69, 174.69
0, 10935, 100, 79, 153.90
1, 11583, 100, 68, 192.61
0, 10935, 99, 80, 147.00
1, 11583, 100, 68, 195.43
0, 10935, 100, 80, 148.17
1, 11583, 0, 67, 51.64
0, 10935, 100, 79, 147.67
1, 11583, 100, 68, 57.64
0, 10935, 100, 80, 131.03
1, 11583, 100, 69, 197.37
0, 10935, 100, 79, 132.65
1, 11583, 100, 69, 160.15
0, 10935, 100, 79, 127.80
1, 11583, 0, 67, 51.47
0, 10935, 100, 79, 143.95
1, 11583, 100, 68, 53.13
0, 10935, 100, 79, 128.90
1, 11583, 100, 69, 159.19
0, 10935, 100, 79, 123.99
1, 11583, 92, 69, 157.62
0, 10935, 100, 79, 136.85
1, 11583, 0, 67, 51.42
0, 10935, 100, 79, 136.51
1, 11583, 79, 69, 54.07
0, 10935, 100, 79, 136.67
1, 11583, 100, 70, 197.52
0, 10935, 99, 79, 136.46
1, 11583, 100, 69, 195.24
0, 10935, 100, 79, 137.55
1, 11583, 0, 67, 51.93
0, 10935, 100, 79, 139.15
1, 11583, 100, 70, 160.97
0, 10935, 100, 79, 140.41
1, 11583, 100, 70, 195.00
0, 10935, 99, 79, 153.03
1, 11583, 2, 69, 175.94
0, 10935, 100, 79, 143.47
1, 11583, 58, 68, 52.61
0, 10935, 100, 79, 134.37
1, 11583, 100, 70, 155.98
0, 10935, 100, 79, 138.30
1, 11583, 100, 70, 157.50
0, 10935, 100, 79, 119.47
1, 11583, 0, 68, 135.12
0, 10935, 100, 79, 136.75
1, 11583, 70, 69, 53.59
0, 10935, 100, 79, 137.06
1, 11583, 100, 70, 198.21
0, 10935, 99, 79, 136.46
1, 11583, 92, 70, 195.72
0, 10935, 100, 79, 142.36
1, 11583, 0, 68, 52.64
0, 10935, 100, 79, 141.07
1, 11583, 100, 70, 181.17
0, 10935, 100, 79, 142.26
1, 11583, 100, 70, 162.51
0, 10935, 99, 79, 136.74
1, 11583, 0, 68, 148.04
0, 10935, 100, 79, 136.51
1, 11583, 100, 70, 54.31
0, 10935, 100, 79, 136.82
1, 11583, 100, 71, 198.43
0, 10935, 99, 79, 135.96
1, 11583, 100, 70, 197.74
0, 10935, 100, 79, 140.62
1, 11583, 0, 69, 52.62
0, 10935, 100, 79, 122.06
1, 11583, 100, 71, 181.20
0, 10935, 100, 79, 133.67
1, 11583, 100, 70, 174.38
0, 10935, 100, 79, 145.15
1, 11583, 0, 68, 52.37
0, 10935, 100, 79, 137.70
1, 11583, 100, 70, 57.68
0, 10935, 100, 79, 139.46
1, 11583, 100, 71, 197.62
0, 10935, 99, 79, 145.78
1, 11583, 67, 70, 156.19
0, 10935, 100, 79, 137.82
1, 11583, 4, 69, 53.59
0, 10935, 100, 79, 128.66
1, 11583, 100, 71, 198.96
0, 10935, 99, 79, 122.05
1, 11583, 82, 70, 197.45
0, 10935, 100, 79, 122.30
1, 11583, 0, 69, 53.14
0, 10935, 100, 79, 128.32
1, 11583, 100, 71, 161.52
0, 10935, 99, 79, 121.83
1, 11583, 53, 70, 197.72
0, 10935, 100, 79, 137.59
1, 11583, 18, 69, 53.38
0, 10935, 100, 79, 113.35
1, 11583, 100, 71, 171.56
0, 10935, 100, 79, 126.28
1, 11583, 100, 70, 197.43
0, 10935, 100, 79, 128.29
1, 11583, 0, 69, 53.40
0, 10935, 100, 79, 122.78
1, 11583, 100, 71, 166.12
0, 10935, 100, 79, 126.37
1, 11583, 100, 71, 191.41
0, 10935, 100, 79, 138.29
1, 11583, 0, 69, 52.67
0, 10935, 100, 79, 120.52
1, 11583, 100, 71, 174.45
0, 10935, 99, 79, 126.31
1, 11583, 86, 71, 193.79
0, 10935, 100, 79, 127.81
1, 11583, 0, 69, 52.93
0, 10935, 100, 79, 114.65
1, 11583, 100, 72, 170.08
0, 10935, 100, 79, 126.13
1, 11583, 100, 71, 194.27
0, 10935, 100, 79, 138.07
1, 11583, 0, 70, 52.90
0, 10935, 100, 79, 135.98
1, 11583, 100, 72, 197.62
0, 10935, 99, 79, 132.65
1, 11583, 87, 71, 195.29
0, 10935, 100, 79, 134.55
1, 11583, 0, 70, 53.38
0, 10935, 100, 79, 126.60
1, 11583, 100, 72, 197.19
0, 10935, 99, 79, 139.52
1, 11583, 27, 70, 157.63
0, 10935, 100, 79, 128.53
1, 11583, 51, 70, 53.64
0, 10935, 100, 79, 127.97
1, 11583, 100, 71, 195.66
0, 10935, 100, 79, 134.51
1, 11583, 0, 70, 174.99
0, 10935, 100, 79, 127.81
1, 11583, 100, 71, 54.83
0, 10935, 100, 79, 134.29
1, 11583, 100, 71, 172.50
0, 10935, 100, 79, 128.13
1, 11583, 0, 69, 52.96
0, 10935, 100, 79, 131.02
1, 11583, 100, 72, 70.17
0, 10935, 100, 79, 132.89
1, 11583, 100, 72, 119.19
0, 10935, 100, 79, 136.12
1, 11583, 0, 70, 53.35
0, 10935, 100, 79, 124.76
1, 11583, 100, 72, 173.93
0, 10935, 100, 79, 129.80
1, 11583, 100, 72, 155.74
0, 10935, 100, 79, 136.85
1, 11583, 0, 70, 53.59
0, 10935, 100, 79, 128.96
1, 11583, 100, 72, 181.56
0, 10935, 100, 79, 136.21
1, 11583, 90, 72, 198.09
0, 10935, 100, 79, 147.10
1, 11583, 0, 70, 54.06
0, 10935, 100, 79, 114.40
1, 11583, 100, 72, 158.26
0, 10935, 99, 79, 127.47
1, 11583, 100, 72, 198.85
0, 10935, 100, 79, 131.65
1, 11583, 0, 70, 54.36
0, 10935, 100, 79, 135.25
1, 11583, 100, 73, 201.08
0, 10935, 99, 79, 145.35
1, 11583, 18, 71, 182.60
0, 10935, 100, 79, 137.07
1, 11583, 90, 71, 55.34
0, 10935, 100, 79, 135.74
1, 11583, 100, 73, 199.79
0, 10935, 100, 79, 98.10
1, 11583, 0, 70, 118.27
0, 10935, 100, 79, 129.48
1, 11583, 85, 72, 62.04
0, 10935, 100, 79, 117.54
1, 11583, 100, 72, 158.38
0, 10935, 100, 79, 114.75
1, 11583, 0, 70, 54.12
0, 10935, 100, 79, 117.12
1, 11583, 100, 73, 201.76
0, 10935, 100, 79, 124.26
1, 11583, 0, 70, 148.73
0, 10935, 100, 79, 130.54
1, 11583, 100, 73, 69.21
0, 10935, 100, 79, 112.81
1, 11583, 100, 72, 163.39
0, 10935, 100, 79, 123.02
1, 11583, 0, 70, 54.11
0, 10935, 100, 79, 127.07
1, 11583, 100, 73, 162.60
0, 10935, 100, 79, 136.89
1, 11583, 0, 71, 173.45
0, 10935, 100, 79, 133.48
1, 11583, 100, 72, 55.77
0, 10935, 100, 79, 124.99
1, 11583, 100, 73, 178.25
0, 10935, 100, 79, 133.57
1, 11583, 0, 70, 53.86
0, 10935, 100, 79, 136.18
1, 11583, 100, 73, 180.36
0, 10935, 100, 79, 130.10
1, 11583, 100, 73, 199.07
0, 10935, 100, 79, 143.71
1, 11583, 0, 71, 55.03
0, 10935, 100, 79, 132.88
1, 11583, 100, 73, 200.50
0, 10935, 100, 79, 130.16
1, 11583, 0, 71, 167.82
0, 10935, 100, 79, 128.49
1, 11583, 100, 73, 66.11
0, 10935, 100, 79, 123.15
1, 11583, 100, 73, 178.38
0, 10935, 100, 79, 137.81
1, 11583, 0, 71, 54.58
0, 10935, 100, 79, 133.74
1, 11583, 100, 74, 175.91
0, 10935, 99, 79, 142.17
1, 11583, 15, 72, 195.27
0, 10935, 100, 79, 133.81
1, 11583, 100, 72, 56.01
0, 10935, 100, 79, 129.30
1, 11583, 100, 73, 169.81
0, 10935, 100, 79, 135.88
1, 11583, 0, 71, 54.32
0, 10935, 100, 79, 132.67
1, 11583, 100, 74, 164.68
0, 10935, 100, 79, 126.52
1, 11583, 100, 73, 199.94
0, 10935, 100, 79, 128.99
1, 11583, 0, 72, 55.33
0, 10935, 100, 80, 139.58
1, 11583, 100, 73, 193.88
0, 10935, 100, 79, 115.00
1, 11583, 0, 71, 54.38
0, 10935, 100, 79, 98.09
1, 11583, 100, 74, 159.88
0, 10935, 100, 79, 113.98
1, 11583, 0, 72, 181.29
0, 10935, 100, 79, 117.14
1, 11583, 100, 73, 56.55
0, 10935, 100, 79, 118.31
1, 11583, 100, 73, 144.23
0, 10935, 100, 79, 123.58
1, 11583, 0, 72, 55.08
0, 10935, 100, 79, 136.92
1, 11583, 100, 74, 201.04
0, 10935, 100, 79, 123.08
1, 11583, 0, 71, 54.36
0, 10935, 100, 78, 114.18
1, 11583, 100, 74, 159.86
0, 10935, 99, 79, 135.54
1, 11583, 63, 72, 193.50
0, 10935, 100, 79, 126.44
1, 11583, 54, 73, 56.29
0, 10935, 100, 79, 120.53
1, 11583, 100, 73, 174.60
0, 10935, 100, 79, 128.06
1, 11583, 0, 72, 55.05
0, 10935, 100, 79, 131.99
1, 11583, 100, 74, 202.04
0, 10935, 100, 79, 126.09
1, 11583, 0, 71, 149.84
0, 10935, 100, 79, 143.94
1, 11583, 100, 74, 170.96
0, 10935, 99, 79, 134.77
1, 11583, 100, 74, 200.26
0, 10935, 100, 79, 118.76
1, 11583, 12, 72, 55.35
0, 10935, 100, 79, 143.04
1, 11583, 100, 74, 201.79
0, 10935, 100, 79, 133.26
1, 11583, 0, 71, 54.56
0, 10935, 100, 79, 120.08
1, 11583, 100, 74, 180.14
0, 10935, 99, 79, 137.41
1, 11583, 69, 73, 198.09
0, 10935, 100, 79, 133.55
1, 11583, 63, 73, 56.49
0, 10935, 100, 79, 120.31
1, 11583, 100, 74, 166.73
0, 10935, 100, 79, 121.17
1, 11583, 0, 72, 55.33
0, 10935, 100, 79, 126.05
1, 11583, 100, 75, 202.89
0, 10935, 100, 79, 122.84
1, 11583, 0, 72, 54.62
0, 10935, 100, 79, 135.54
1, 11583, 100, 75, 177.25
0, 10935, 99, 79, 126.30
1, 11583, 52, 74, 201.13
0, 10935, 100, 79, 128.13
1, 11583, 83, 73, 56.53
0, 10935, 100, 79, 138.15
1, 11583, 100, 74, 183.66
0, 10935, 100, 79, 140.61
1, 11583, 0, 72, 55.27
0, 10935, 100, 79, 127.46
1, 11583, 100, 75, 203.94
0, 10935, 100, 79, 123.58
1, 11583, 0, 72, 54.66
0, 10935, 100, 79, 136.63
1, 11583, 100, 75, 163.12
0, 10935, 99, 79, 126.52
1, 11583, 98, 74, 201.94
0, 10935, 100, 79, 126.92
1, 11583, 39, 73, 56.78
0, 10935, 100, 79, 132.72
1, 11583, 100, 74, 171.74
0, 10935, 100, 79, 122.85
1, 11583, 0, 73, 55.35
0, 10935, 100, 79, 121.82
1, 11583, 100, 75, 202.69
0, 10935, 100, 79, 127.40
1, 11583, 0, 72, 54.84
0, 10935, 100, 79, 129.94
1, 11583, 100, 75, 184.52
0, 10935, 99, 79, 138.13
1, 11583, 13, 73, 197.65
0, 10935, 100, 79, 126.84
1, 11583, 33, 74, 57.46
0, 10935, 100, 79, 123.68
1, 11583, 100, 75, 175.80
0, 10935, 100, 79, 137.07
1, 11583, 0, 73, 55.76
0, 10935, 100, 79, 138.26
1, 11583, 100, 75, 203.45
0, 10935, 100, 79, 126.44
1, 11583, 0, 72, 55.08
0, 10935, 100, 79, 124.00
1, 11583, 100, 76, 168.49
0, 10935, 100, 79, 137.59
1, 11583, 0, 73, 164.52
0, 10935, 100, 79, 145.52
1, 11583, 100, 75, 96.15
0, 10935, 99, 79, 127.47
1, 11583, 91, 75, 200.76
0, 10935, 100, 79, 125.25
1, 11583, 51, 73, 56.78
0, 10935, 100, 79, 137.74
1, 11583, 100, 75, 184.17
0, 10935, 100, 79, 126.61
1, 11583, 0, 73, 55.82
0, 10935, 100, 79, 126.28
1, 11583, 100, 75, 203.27
0, 10935, 100, 79, 117.15
1, 11583, 0, 73, 55.58
0, 10935, 100, 79, 114.51
1, 11583, 100, 76, 192.03
0, 10935, 100, 79, 118.52
1, 11583, 0, 72, 55.33
0, 10935, 100, 79, 93.92
1, 11583, 100, 76, 185.94
0, 10935, 100, 79, 116.97
1, 11583, 0, 73, 179.17
0, 10935, 100, 79, 112.01
1, 11583, 100, 76, 176.39
0, 10935, 99, 79, 125.02
1, 11583, 32, 74, 180.02
0, 10935, 100, 79, 128.76
1, 11583, 100, 74, 58.20
0, 10935, 99, 79, 114.51
1, 11583, 70, 74, 202.23
0, 10935, 100, 79, 117.14
1, 11583, 99, 74, 57.28
0, 10935, 100, 79, 122.71
1, 11583, 100, 75, 201.37
0, 10935, 100, 79, 122.37
1, 11583, 0, 74, 56.54
0, 10935, 100, 78, 112.59
1, 11583, 100, 75, 163.59
0, 10935, 100, 79, 131.65
1, 11583, 0, 73, 56.29
0, 10935, 100, 79, 112.03
1, 11583, 100, 75, 185.81
0, 10935, 100, 79, 136.13
1, 11583, 0, 73, 55.77
0, 10935, 100, 79, 121.11
1, 11583, 100, 76, 203.54
0, 10935, 100, 79, 128.13
1, 11583, 0, 73, 55.56
0, 10935, 100, 79, 129.07
1, 11583, 100, 76, 166.02
0, 10935, 100, 79, 123.07
1, 11583, 0, 73, 150.08
0, 10935, 100, 79, 133.39
1, 11583, 100, 76, 166.36
0, 10935, 99, 79, 137.41
1, 11583, 16, 74, 198.23
0, 10935, 100, 79, 123.07
1, 11583, 100, 75, 59.41
0, 10935, 100, 79, 127.71
1, 11583, 84, 75, 201.21
0, 10935, 100, 79, 129.00
1, 11583, 88, 74, 57.23
0, 10935, 100, 79, 128.63
1, 11583, 100, 75, 167.15
0, 10935, 100, 79, 118.58
1, 11583, 0, 74, 56.75
0, 10935, 100, 79, 116.82
1, 11583, 100, 75, 174.26
0, 10935, 100, 79, 126.68
1, 11583, 0, 73, 56.06
0, 10935, 100, 79, 128.18
1, 11583, 100, 76, 203.47
0, 10935, 100, 79, 121.88
1, 11583, 0, 73, 56.06
0, 10935, 100, 79, 127.94
1, 11583, 100, 76, 205.37
0, 10935, 100, 79, 129.49
1, 11583, 0, 73, 55.54
0, 10935, 100, 79, 129.32
1, 11583, 100, 76, 162.08
0, 10935, 100, 79, 95.84
1, 11583, 0, 73, 110.53
0, 10935, 100, 79, 136.88
1, 11583, 100, 76, 177.28
0, 10935, 99, 79, 117.89
1, 11583, 0, 74, 185.29
0, 10935, 100, 79, 135.12
1, 11583, 95, 76, 104.68
0, 10935, 100, 79, 121.58
1, 11583, 100, 75, 203.16
0, 10935, 100, 79, 121.88
1, 11583, 61, 75, 58.24
0, 10935, 100, 79, 127.95
1, 11583, 100, 76, 202.08
0, 10935, 100, 79, 129.24
1, 11583, 7, 74, 57.47
0, 10935, 100, 79, 128.67
1, 11583, 100, 76, 189.26
0, 10935, 100, 79, 129.24
1, 11583, 0, 74, 56.99
0, 10935, 100, 79, 124.59
1, 11583, 100, 76, 177.29
0, 10935, 100, 79, 136.38
1, 11583, 0, 74, 54.80
0, 10935, 100, 79, 133.79
1, 11583, 100, 75, 144.36
0, 10935, 100, 79, 124.28
1, 11583, 0, 74, 56.07
0, 10935, 100, 79, 138.36
1, 11583, 100, 76, 200.60
0, 10935, 100, 79, 130.45
1, 11583, 0, 73, 55.56
0, 10935, 100, 79, 122.07
1, 11583, 100, 76, 201.26
0, 10935, 100, 79, 122.13
1, 11583, 0, 73, 55.58
0, 10935, 100, 79, 128.19
1, 11583, 100, 77, 202.16
0, 10935, 100, 79, 128.28
1, 11583, 0, 73, 55.29
0, 10935, 100, 79, 129.83
1, 11583, 100, 77, 204.42
0, 10935, 100, 79, 129.00
1, 11583, 0, 73, 55.81
0, 10935, 100, 79, 122.42
1, 11583, 100, 77, 185.27
0, 10935, 100, 79, 123.56
1, 11583, 0, 73, 55.87
0, 10935, 100, 79, 124.12
1, 11583, 100, 77, 181.87
0, 10935, 100, 79, 125.56
1, 11583, 0, 74, 172.70
0, 10935, 100, 79, 129.46
1, 11583, 100, 77, 180.69
0, 10935, 99, 79, 131.10
1, 11583, 0, 74, 182.92
0, 10935, 100, 79, 132.58
1, 11583, 100, 77, 180.32
0, 10935, 99, 79, 135.28
1, 11583, 80, 75, 176.22
0, 10935, 100, 79, 138.16
1, 11583, 98, 77, 72.56
0, 10935, 99, 79, 127.46
1, 11583, 92, 75, 204.42
0, 10935, 100, 79, 124.51
1, 11583, 86, 76, 58.93
0, 10935, 99, 79, 121.58
1, 11583, 100, 76, 203.98
0, 10935, 100, 79, 121.88
1, 11583, 80, 76, 58.44
0, 10935, 99, 79, 122.06
1, 11583, 100, 76, 203.74
0, 10935, 100, 79, 122.35
1, 11583, 91, 76, 58.68
0, 10935, 99, 79, 123.42
1, 11583, 100, 76, 203.27
0, 10935, 100, 79, 121.88
1, 11583, 73, 75, 58.20
0, 10935, 99, 79, 121.35
1, 11583, 100, 76, 203.40
0, 10935, 100, 79, 128.76
1, 11583, 76, 75, 58.19
0, 10935, 100, 79, 121.58
1, 11583, 100, 76, 203.04
0, 10935, 100, 79, 129.73
1, 11583, 0, 75, 57.71
0, 10935, 100, 79, 123.98
1, 11583, 100, 76, 202.82
0, 10935, 100, 79, 129.97
1, 11583, 0, 75, 57.95
0, 10935, 100, 79, 128.83
1, 11583, 100, 77, 145.17
0, 10935, 100, 79, 128.76
1, 11583, 0, 75, 57.47
0, 10935, 100, 79, 122.31
1, 11583, 100, 76, 170.04
0, 10935, 100, 79, 129.49
1, 11583, 0, 75, 57.46
0, 10935, 100, 79, 109.50
1, 11583, 100, 76, 160.96
0, 10935, 100, 79, 129.24
1, 11583, 0, 75, 57.46
0, 10935, 100, 79, 100.48
1, 11583, 100, 76, 161.83
0, 10935, 100, 79, 129.49
1, 11583, 0, 75, 57.71
0, 10935, 100, 79, 103.05
1, 11583, 100, 76, 161.35
0, 10935, 100, 79, 129.24
1, 11583, 0, 75, 57.47
0, 10935, 100, 79, 121.82
1, 11583, 100, 77, 164.62
0, 10935, 100, 79, 129.24
1, 11583, 0, 75, 57.70
0, 10935, 100, 79, 121.73
1, 11583, 100, 77, 173.58
0, 10935, 100, 79, 129.49
1, 11583, 0, 75, 57.71
0, 10935, 100, 79, 129.27
1, 11583, 100, 77, 158.47
0, 10935, 100, 79, 129.49
1, 11583, 5, 75, 57.95
0, 10935, 100, 79, 129.14
1, 11583, 100, 77, 202.15
0, 10935, 100, 79, 130.43
1, 11583, 13, 75, 57.94
0, 10935, 100, 79, 128.81
1, 11583, 100, 77, 204.20
0, 10935, 100, 79, 129.73
1, 11583, 39, 75, 58.19
0, 10935, 100, 79, 123.66
1, 11583, 100, 77, 203.98
0, 10935, 100, 79, 129.00
1, 11583, 0, 75, 58.43
0, 10935, 100, 80, 129.39
1, 11583, 100, 77, 204.20
0, 10935, 100, 79, 114.02
1, 11583, 22, 76, 58.73
0, 10935, 99, 79, 114.03
1, 11583, 100, 76, 204.37
0, 10935, 100, 79, 125.17
1, 11583, 86, 76, 59.64
0, 10935, 100, 79, 121.62
1, 11583, 13, 75, 184.84
0, 10935, 100, 79, 127.89
1, 11583, 100, 77, 166.73
0, 10935, 100, 79, 91.39
1, 11583, 0, 74, 56.40
0, 10935, 100, 79, 120.75
1, 11583, 100, 77, 181.48
0, 10935, 100, 79, 118.52
1, 11583, 0, 74, 56.54
0, 10935, 100, 79, 118.96
1, 11583, 100, 78, 205.44
0, 10935, 100, 79, 122.13
1, 11583, 0, 74, 56.51
0, 10935, 100, 79, 117.53
1, 11583, 100, 78, 205.90
0, 10935, 100, 79, 119.24
1, 11583, 0, 74, 56.78
0, 10935, 100, 79, 119.67
1, 11583, 100, 77, 206.12
0, 10935, 100, 79, 120.94
1, 11583, 0, 75, 57.03
0, 10935, 100, 79, 128.86
1, 11583, 100, 77, 176.31
0, 10935, 100, 79, 132.77
1, 11583, 0, 75, 57.46
0, 10935, 100, 79, 120.76
1, 11583, 100, 77, 179.23
0, 10935, 100, 79, 121.63
1, 11583, 0, 75, 57.76
0, 10935, 100, 79, 126.89
1, 11583, 100, 77, 171.11
0, 10935, 100, 79, 130.21
1, 11583, 8, 76, 57.96
0, 10935, 100, 79, 122.30
1, 11583, 100, 77, 203.50
0, 10935, 100, 79, 122.85
1, 11583, 0, 76, 58.44
0, 10935, 100, 79, 121.83
1, 11583, 100, 77, 203.74
0, 10935, 100, 79, 122.13
1, 11583, 38, 76, 59.41
0, 10935, 99, 79, 120.14
1, 11583, 100, 76, 204.71
0, 10935, 100, 79, 135.33
1, 11583, 100, 77, 73.73
0, 10935, 99, 79, 137.34
1, 11583, 46, 76, 185.10
0, 10935, 100, 79, 131.27
1, 11583, 100, 78, 189.27
0, 10935, 100, 79, 121.02
1, 11583, 0, 75, 183.77
0, 10935, 100, 79, 118.81
1, 11583, 100, 78, 190.15
0, 10935, 100, 79, 129.00
1, 11583, 0, 74, 56.53
0, 10935, 100, 79, 120.29
1, 11583, 100, 78, 171.51
0, 10935, 100, 79, 122.13
1, 11583, 0, 75, 56.99
0, 10935, 100, 79, 123.65
1, 11583, 100, 78, 207.07
0, 10935, 100, 79, 122.13
1, 11583, 0, 75, 57.02
0, 10935, 100, 79, 121.33
1, 11583, 100, 78, 206.35
0, 10935, 100, 79, 135.41
1, 11583, 0, 75, 57.22
0, 10935, 100, 79, 134.08
1, 11583, 100, 77, 204.74
0, 10935, 100, 79, 118.36
1, 11583, 0, 75, 57.53
0, 10935, 100, 79, 135.31
1, 11583, 100, 77, 176.67
0, 10935, 100, 79, 120.21
1, 11583, 0, 75, 58.01
0, 10935, 100, 79, 121.35
1, 11583, 100, 77, 141.21
0, 10935, 100, 79, 121.88
1, 11583, 36, 76, 58.69
0, 10935, 100, 79, 122.22
1, 11583, 100, 77, 203.98
0, 10935, 100, 79, 122.35
1, 11583, 100, 76, 59.16
0, 10935, 100, 79, 122.29
1, 11583, 100, 77, 205.62
0, 10935, 100, 79, 137.71
1, 11583, 84, 77, 64.89
0, 10935, 99, 79, 116.71
1, 11583, 46, 76, 183.74
0, 10935, 100, 79, 136.25
1, 11583, 100, 78, 188.78
0, 10935, 100, 79, 95.67
1, 11583, 0, 75, 56.88
0, 10935, 100, 79, 123.55
1, 11583, 100, 78, 163.48
0, 10935, 100, 79, 129.73
1, 11583, 0, 75, 56.99
0, 10935, 100, 79, 122.05
1, 11583, 100, 78, 207.30
0, 10935, 100, 79, 122.13
1, 11583, 0, 75, 57.03
0, 10935, 100, 79, 123.66
1, 11583, 100, 78, 206.83
0, 10935, 100, 79, 124.20
1, 11583, 0, 75, 57.53
0, 10935, 100, 79, 120.18
1, 11583, 100, 78, 157.95
0, 10935, 100, 79, 94.45
1, 11583, 0, 76, 58.26
0, 10935, 100, 79, 121.84
1, 11583, 100, 78, 173.60
0, 10935, 100, 79, 129.97
1, 11583, 0, 76, 58.67
0, 10935, 100, 79, 121.83
1, 11583, 100, 77, 203.98
0, 10935, 100, 79, 122.83
1, 11583, 88, 77, 59.89
0, 10935, 99, 79, 134.32
1, 11583, 29, 77, 202.06
0, 10935, 100, 79, 134.05
1, 11583, 100, 78, 177.40
0, 10935, 100, 79, 123.30
1, 11583, 0, 75, 153.57
0, 10935, 100, 79, 122.14
1, 11583, 100, 78, 176.46
0, 10935, 100, 79, 129.24
1, 11583, 0, 75, 56.99
0, 10935, 100, 79, 127.94
1, 11583, 100, 78, 206.34
0, 10935, 100, 79, 125.48
1, 11583, 0, 75, 57.48
0, 10935, 100, 79, 124.43
1, 11583, 100, 78, 202.81
0, 10935, 100, 79, 131.82
1, 11583, 0, 75, 57.94
0, 10935, 100, 79, 93.52
1, 11583, 100, 78, 183.31
0, 10935, 100, 79, 129.24
1, 11583, 0, 76, 58.44
0, 10935, 100, 79, 123.18
1, 11583, 100, 78, 205.40
0, 10935, 100, 79, 123.07
1, 11583, 84, 77, 59.89
0, 10935, 99, 79, 139.23
1, 11583, 32, 76, 199.89
0, 10935, 100, 79, 123.56
1, 11583, 100, 78, 188.26
0, 10935, 100, 79, 122.13
1, 11583, 0, 75, 57.27
0, 10935, 100, 79, 123.03
1, 11583, 100, 79, 144.06
0, 10935, 100, 79, 128.05
1, 11583, 0, 75, 57.23
0, 10935, 100, 79, 121.81
1, 11583, 100, 79, 207.30
0, 10935, 100, 79, 118.35
1, 11583, 0, 75, 57.77
0, 10935, 100, 79, 135.99
1, 11583, 100, 78, 164.86
0, 10935, 100, 79, 122.13
1, 11583, 0, 76, 58.44
0, 10935, 100, 79, 122.54
1, 11583, 100, 78, 204.22
0, 10935, 100, 79, 124.03
1, 11583, 60, 77, 59.64
0, 10935, 99, 79, 122.77
1, 11583, 70, 77, 206.59
0, 10935, 100, 79, 131.60
1, 11583, 100, 79, 172.32
0, 10935, 100, 79, 85.83
1, 11583, 0, 75, 93.64
0, 10935, 100, 79, 123.40
1, 11583, 100, 79, 179.44
0, 10935, 100, 79, 122.37
1, 11583, 0, 75, 57.48
0, 10935, 100, 79, 120.63
1, 11583, 100, 79, 206.83
0, 10935, 100, 79, 117.87
1, 11583, 0, 76, 58.00
0, 10935, 100, 79, 132.68
1, 11583, 100, 78, 174.41
0, 10935, 100, 79, 121.88
1, 11583, 0, 76, 58.71
0, 10935, 100, 79, 122.22
1, 11583, 100, 78, 205.64
0, 10935, 100, 79, 119.31
1, 11583, 33, 77, 59.66
0, 10935, 99, 79, 136.71
1, 11583, 58, 77, 201.35
0, 10935, 100, 79, 136.37
1, 11583, 100, 79, 172.05
0, 10935, 100, 79, 123.72
1, 11583, 0, 75, 57.24
0, 10935, 100, 79, 122.94
1, 11583, 100, 79, 208.00
0, 10935, 100, 79, 122.13
1, 11583, 0, 76, 57.72
0, 10935, 100, 79, 137.07
1, 11583, 100, 78, 204.26
0, 10935, 100, 79, 136.83
1, 11583, 0, 76, 58.18
0, 10935, 100, 79, 117.76
1, 11583, 100, 78, 165.87
0, 10935, 100, 79, 123.07
1, 11583, 0, 77, 59.16
0, 10935, 100, 79, 120.87
1, 11583, 100, 78, 205.64
0, 10935, 100, 79, 130.92
1, 11583, 100, 78, 64.66
0, 10935, 100, 79, 130.54
1, 11583, 0, 75, 156.56
0, 10935, 100, 79, 122.89
1, 11583, 100, 79, 172.67
0, 10935, 100, 79, 129.24
1, 11583, 0, 75, 57.47
0, 10935, 100, 79, 119.68
1, 11583, 100, 78, 206.15
0, 10935, 100, 79, 119.73
1, 11583, 0, 76, 58.24
0, 10935, 100, 79, 110.88
1, 11583, 100, 78, 180.88
0, 10935, 100, 79, 122.83
1, 11583, 8, 77, 59.16
0, 10935, 100, 79, 121.58
1, 11583, 69, 78, 205.88
0, 10935, 100, 79, 125.25
1, 11583, 100, 78, 81.22
0, 10935, 100, 79, 97.82
1, 11583, 0, 75, 57.35
0, 10935, 100, 79, 122.70
1, 11583, 100, 79, 188.10
0, 10935, 100, 79, 121.63
1, 11583, 0, 76, 57.51
0, 10935, 100, 79, 130.53
1, 11583, 100, 78, 201.82
0, 10935, 100, 79, 85.88
1, 11583, 0, 76, 58.56
0, 10935, 100, 79, 122.54
1, 11583, 100, 78, 205.64
0, 10935, 100, 79, 118.59
1, 11583, 37, 77, 59.69
0, 10935, 100, 79, 123.65
1, 11583, 16, 76, 169.73
0, 10935, 100, 79, 114.53
1, 11583, 100, 79, 190.83
0, 10935, 100, 79, 123.08
1, 11583, 0, 75, 57.51
0, 10935, 100, 79, 118.72
1, 11583, 100, 79, 207.30
0, 10935, 100, 79, 121.64
1, 11583, 0, 76, 58.24
0, 10935, 100, 79, 117.73
1, 11583, 100, 78, 175.91
0, 10935, 100, 79, 123.31
1, 11583, 0, 77, 59.41
0, 10935, 99, 79, 119.91
1, 11583, 93, 77, 205.44
0, 10935, 100, 79, 115.69
1, 11583, 100, 79, 183.79
0, 10935, 100, 79, 118.11
1, 11583, 0, 75, 57.28
0, 10935, 100, 79, 117.05
1, 11583, 100, 79, 207.34
0, 10935, 100, 79, 127.09
1, 11583, 0, 76, 57.95
0, 10935, 100, 79, 118.23
1, 11583, 100, 78, 179.04
0, 10935, 100, 79, 123.31
1, 11583, 4, 77, 59.17
0, 10935, 100, 79, 122.78
1, 11583, 46, 77, 204.93
0, 10935, 100, 79, 118.01
1, 11583, 100, 79, 169.59
0, 10935, 100, 79, 122.84
1, 11583, 0, 75, 57.51
0, 10935, 100, 79, 117.53
1, 11583, 100, 79, 207.34
0, 10935, 100, 79, 117.08
1, 11583, 0, 76, 58.20
0, 10935, 100, 79, 118.72
1, 11583, 100, 78, 165.43
0, 10935, 100, 79, 119.29
1, 11583, 0, 77, 59.41
0, 10935, 99, 79, 123.66
1, 11583, 78, 77, 204.93
0, 10935, 100, 78, 120.38
1, 11583, 100, 79, 169.24
0, 10935, 100, 79, 129.24
1, 11583, 0, 75, 57.47
0, 10935, 100, 79, 121.35
1, 11583, 100, 79, 206.59
0, 10935, 100, 79, 136.86
1, 11583, 0, 76, 58.18
0, 10935, 100, 79, 102.07
1, 11583, 100, 78, 183.68
0, 10935, 100, 79, 129.00
1, 11583, 8, 77, 59.40
0, 10935, 100, 79, 122.29
1, 11583, 57, 78, 205.88
0, 10935, 100, 79, 134.69
1, 11583, 100, 79, 186.99
0, 10935, 100, 79, 129.49
1, 11583, 0, 75, 57.23
0, 10935, 100, 79, 128.42
1, 11583, 100, 79, 208.33
0, 10935, 100, 79, 138.30
1, 11583, 0, 76, 55.52
0, 10935, 100, 79, 117.99
1, 11583, 100, 78, 181.54
0, 10935, 100, 79, 122.35
1, 11583, 0, 77, 59.16
0, 10935, 99, 79, 121.75
1, 11583, 100, 78, 206.32
0, 10935, 100, 79, 134.14
1, 11583, 100, 79, 90.98
0, 10935, 100, 79, 129.49
1, 11583, 0, 75, 57.47
0, 10935, 100, 79, 122.69
1, 11583, 100, 79, 208.11
0, 10935, 100, 79, 131.15
1, 11583, 0, 76, 57.95
0, 10935, 100, 79, 136.74
1, 11583, 100, 79, 177.86
0, 10935, 100, 79, 121.86
1, 11583, 0, 77, 58.92
0, 10935, 100, 79, 127.22
1, 11583, 87, 78, 205.86
0, 10935, 100, 79, 125.00
1, 11583, 100, 79, 175.22
0, 10935, 100, 79, 121.88
1, 11583, 0, 75, 57.47
0, 10935, 100, 79, 123.65
1, 11583, 100, 79, 208.82
0, 10935, 100, 79, 135.41
1, 11583, 0, 76, 57.95
0, 10935, 100, 79, 123.08
1, 11583, 100, 78, 184.56
0, 10935, 100, 79, 129.00
1, 11583, 0, 77, 58.92
0, 10935, 99, 79, 121.57
1, 11583, 100, 78, 206.34
0, 10935, 100, 79, 129.81
1, 11583, 100, 79, 175.40
0, 10935, 100, 79, 129.49
1, 11583, 0, 75, 57.71
0, 10935, 100, 79, 122.69
1, 11583, 100, 79, 208.11
0, 10935, 100, 79, 129.98
1, 11583, 0, 76, 58.16
0, 10935, 100, 79, 101.50
1, 11583, 100, 79, 181.75
0, 10935, 100, 79, 129.97
1, 11583, 0, 77, 59.39
0, 10935, 99, 79, 111.16
1, 11583, 100, 77, 205.01
0, 10935, 100, 79, 108.72
1, 11583, 100, 79, 184.07
0, 10935, 100, 79, 123.55
1, 11583, 0, 76, 57.48
0, 10935, 100, 79, 112.22
1, 11583, 100, 78, 189.96
0, 10935, 100, 79, 115.22
1, 11583, 10, 77, 59.70
0, 10935, 99, 79, 115.04
1, 11583, 0, 76, 183.64
0, 10935, 100, 79, 115.70
1, 11583, 100, 79, 206.05
0, 10935, 100, 79, 122.13
1, 11583, 0, 76, 57.97
0, 10935, 100, 79, 88.49
1, 11583, 100, 78, 163.14
0, 10935, 100, 79, 118.59
1, 11583, 5, 77, 59.21
0, 10935, 99, 79, 112.16
1, 11583, 0, 77, 175.82
0, 10935, 100, 79, 115.56
1, 11583, 100, 79, 190.64
0, 10935, 100, 79, 118.81
1, 11583, 0, 76, 57.75
0, 10935, 100, 79, 126.61
1, 11583, 100, 79, 143.88
0, 10935, 100, 79, 122.60
1, 11583, 0, 77, 58.93
0, 10935, 99, 79, 118.01
1, 11583, 100, 78, 206.15
0, 10935, 100, 79, 128.41
1, 11583, 100, 79, 179.65
0, 10935, 100, 79, 122.37
1, 11583, 0, 76, 57.50
0, 10935, 100, 79, 117.76
1, 11583, 100, 79, 208.01
0, 10935, 100, 79, 135.17
1, 11583, 0, 76, 58.19
0, 10935, 100, 79, 119.68
1, 11583, 100, 79, 205.64
0, 10935, 100, 79, 119.54
1, 11583, 90, 77, 60.14
0, 10935, 100, 79, 127.32
1, 11583, 0, 76, 164.96
0, 10935, 100, 79, 118.24
1, 11583, 100, 80, 207.81
0, 10935, 100, 79, 125.48
1, 11583, 0, 76, 57.96
0, 10935, 100, 78, 122.14
1, 11583, 100, 79, 184.23
0, 10935, 100, 79, 120.91
1, 11583, 0, 77, 59.42
0, 10935, 99, 79, 121.10
1, 11583, 81, 77, 205.44
0, 10935, 100, 79, 111.37
1, 11583, 100, 79, 159.25
0, 10935, 100, 79, 122.86
1, 11583, 0, 75, 51.97
0, 10935, 100, 79, 128.84
1, 11583, 100, 79, 202.98
0, 10935, 100, 79, 122.13
1, 11583, 0, 76, 57.96
0, 10935, 100, 79, 121.35
1, 11583, 100, 78, 202.21
0, 10935, 100, 79, 125.99
1, 11583, 100, 79, 171.63
0, 10935, 100, 79, 122.37
1, 11583, 0, 75, 57.48
0, 10935, 100, 79, 118.72
1, 11583, 100, 79, 207.78
0, 10935, 100, 79, 134.68
1, 11583, 0, 76, 58.42
0, 10935, 100, 79, 119.44
1, 11583, 100, 78, 205.64
0, 10935, 100, 79, 123.07
1, 11583, 50, 78, 60.13
0, 10935, 100, 79, 83.23
1, 11583, 0, 75, 75.79
0, 10935, 100, 79, 123.00
1, 11583, 100, 79, 208.47
0, 10935, 100, 79, 114.03
1, 11583, 0, 76, 57.97
0, 10935, 100, 79, 121.73
1, 11583, 100, 78, 170.32
0, 10935, 100, 79, 118.59
1, 11583, 56, 77, 56.07
0, 10935, 99, 79, 133.16
1, 11583, 0, 76, 156.34
0, 10935, 100, 79, 118.96
1, 11583, 100, 79, 207.78
0, 10935, 100, 79, 119.72
1, 11583, 0, 76, 57.75
0, 10935, 100, 79, 117.64
1, 11583, 100, 78, 189.69
0, 10935, 100, 79, 121.63
1, 11583, 0, 77, 56.55
0, 10935, 99, 79, 135.67
1, 11583, 72, 77, 182.50
0, 10935, 100, 79, 119.07
1, 11583, 100, 79, 190.86
0, 10935, 100, 79, 118.59
1, 11583, 0, 76, 57.75
0, 10935, 100, 79, 132.58
1, 11583, 100, 78, 175.42
0, 10935, 100, 79, 121.63
1, 11583, 0, 77, 59.18
0, 10935, 100, 79, 122.72
1, 11583, 63, 77, 205.40
0, 10935, 100, 79, 122.68
1, 11583, 100, 79, 167.48
0, 10935, 100, 79, 122.13
1, 11583, 0, 76, 57.48
0, 10935, 100, 79, 133.44
1, 11583, 100, 78, 175.38
0, 10935, 100, 79, 122.13
1, 11583, 0, 77, 58.69
0, 10935, 99, 79, 118.96
1, 11583, 100, 78, 206.39
0, 10935, 100, 79, 83.31
1, 11583, 100, 79, 166.92
0, 10935, 100, 79, 126.84
1, 11583, 0, 76, 57.47
0, 10935, 100, 79, 126.42
1, 11583, 100, 78, 113.36
0, 10935, 100, 79, 121.63
1, 11583, 0, 77, 58.93
0, 10935, 99, 79, 118.48
1, 11583, 100, 78, 206.83
0, 10935, 100, 79, 98.40
1, 11583, 100, 79, 183.55
0, 10935, 100, 79, 123.07
1, 11583, 0, 76, 57.48
0, 10935, 100, 79, 124.46
1, 11583, 100, 79, 197.77
0, 10935, 100, 79, 122.15
1, 11583, 0, 76, 51.03
0, 10935, 100, 79, 118.83
1, 11583, 77, 77, 190.86
0, 10935, 100, 79, 90.44
1, 11583, 100, 79, 169.48
0, 10935, 100, 79, 121.39
1, 11583, 0, 76, 57.50
0, 10935, 100, 79, 122.58
1, 11583, 100, 78, 104.37
0, 10935, 100, 79, 121.40
1, 11583, 0, 77, 58.69
0, 10935, 99, 79, 118.23
1, 11583, 100, 78, 206.39
0, 10935, 100, 79, 82.02
1, 11583, 100, 79, 190.83
0, 10935, 100, 79, 120.43
1, 11583, 0, 76, 57.75
0, 10935, 100, 79, 127.88
1, 11583, 100, 78, 186.91
0, 10935, 100, 79, 118.59
1, 11583, 0, 77, 56.79
0, 10935, 100, 79, 118.02
1, 11583, 73, 77, 198.24
0, 10935, 100, 79, 123.77
1, 11583, 100, 79, 190.73
0, 10935, 100, 79, 121.16
1, 11583, 0, 76, 57.75
0, 10935, 100, 79, 116.94
1, 11583, 100, 78, 173.91
0, 10935, 100, 79, 121.64
1, 11583, 0, 77, 59.17
0, 10935, 99, 79, 125.87
1, 11583, 9, 77, 203.74
0, 10935, 100, 79, 123.43
1, 11583, 100, 79, 164.66
0, 10935, 100, 79, 118.28
1, 11583, 0, 76, 57.97
0, 10935, 100, 79, 132.35
1, 11583, 100, 78, 164.82
0, 10935, 100, 79, 123.07
1, 11583, 0, 77, 59.17
0, 10935, 99, 79, 124.14
1, 11583, 31, 77, 171.59
0, 10935, 100, 79, 119.47
1, 11583, 100, 80, 171.96
0, 10935, 100, 79, 124.27
1, 11583, 0, 76, 57.72
0, 10935, 100, 79, 122.96
1, 11583, 100, 79, 165.07
0, 10935, 100, 79, 121.63
1, 11583, 59, 77, 58.00
0, 10935, 100, 79, 131.56
1, 11583, 0, 76, 154.72
0, 10935, 100, 79, 129.53
1, 11583, 100, 79, 209.04
0, 10935, 100, 79, 118.83
1, 11583, 0, 76, 57.96
0, 10935, 100, 79, 122.07
1, 11583, 100, 79, 182.54
0, 10935, 100, 79, 122.59
1, 11583, 11, 78, 60.14
0, 10935, 100, 79, 84.67
1, 11583, 0, 75, 57.59
0, 10935, 100, 79, 123.17
1, 11583, 100, 79, 208.59
0, 10935, 100, 79, 133.97
1, 11583, 0, 76, 57.95
0, 10935, 100, 79, 122.77
1, 11583, 100, 79, 205.40
0, 10935, 100, 79, 127.08
1, 11583, 84, 78, 58.93
0, 10935, 100, 79, 129.49
1, 11583, 0, 75, 55.54
0, 10935, 100, 79, 128.66
1, 11583, 100, 79, 208.33
0, 10935, 100, 79, 142.03
1, 11583, 0, 76, 58.38
0, 10935, 100, 79, 121.58
1, 11583, 100, 79, 206.10
0, 10935, 100, 79, 144.18
1, 11583, 100, 78, 58.39
0, 10935, 100, 80, 129.73
1, 11583, 0, 75, 55.06
0, 10935, 100, 79, 121.33
1, 11583, 100, 79, 208.01
0, 10935, 100, 79, 87.75
1, 11583, 0, 76, 58.32
0, 10935, 100, 79, 122.77
1, 11583, 100, 78, 206.34
0, 10935, 100, 79, 133.30
1, 11583, 100, 79, 161.80
0, 10935, 100, 79, 130.20
1, 11583, 0, 75, 55.33
0, 10935, 100, 79, 118.11
1, 11583, 100, 79, 205.40
0, 10935, 100, 79, 118.11
1, 11583, 0, 77, 58.24
0, 10935, 99, 79, 122.21
1, 11583, 24, 77, 188.13
0, 10935, 100, 79, 112.49
1, 11583, 100, 79, 176.65
0, 10935, 100, 79, 123.72
1, 11583, 0, 76, 57.73
0, 10935, 100, 79, 114.26
1, 11583, 100, 79, 205.20
0, 10935, 100, 79, 124.53
1, 11583, 46, 78, 60.86
0, 10935, 100, 79, 121.88
1, 11583, 0, 75, 57.48
0, 10935, 100, 79, 113.85
1, 11583, 100, 78, 157.67
0, 10935, 100, 79, 115.70
1, 11583, 0, 77, 58.97
0, 10935, 99, 79, 122.57
1, 11583, 60, 77, 198.90
0, 10935, 100, 79, 119.94
1, 11583, 100, 79, 149.95
0, 10935, 100, 79, 134.45
1, 11583, 0, 76, 56.02
0, 10935, 100, 79, 117.87
1, 11583, 100, 79, 133.03
0, 10935, 100, 79, 119.96
1, 11583, 77, 77, 58.00
0, 10935, 100, 79, 117.87
1, 11583, 0, 75, 55.35
0, 10935, 100, 79, 115.23
1, 11583, 100, 79, 204.76
0, 10935, 100, 79, 118.59
1, 11583, 0, 76, 57.77
0, 10935, 99, 79, 116.09
1, 11583, 100, 78, 206.62
0, 10935, 100, 79, 121.93
1, 11583, 100, 79, 187.38
0, 10935, 100, 79, 121.88
1, 11583, 0, 76, 57.73
0, 10935, 100, 79, 122.84
1, 11583, 100, 78, 185.51
0, 10935, 100, 79, 123.07
1, 11583, 0, 77, 59.65
0, 10935, 99, 79, 122.47
1, 11583, 0, 76, 180.57
0, 10935, 100, 79, 121.81
1, 11583, 100, 79, 208.24
0, 10935, 100, 79, 128.08
1, 11583, 0, 76, 55.54
0, 10935, 100, 79, 122.07
1, 11583, 100, 79, 203.16
0, 10935, 100, 79, 127.75
1, 11583, 100, 78, 61.08
0, 10935, 100, 79, 122.13
1, 11583, 0, 75, 57.48
0, 10935, 100, 79, 121.57
1, 11583, 100, 79, 207.54
0, 10935, 100, 79, 128.28
1, 11583, 0, 76, 58.92
0, 10935, 99, 79, 120.87
1, 11583, 100, 78, 206.12
0, 10935, 100, 79, 119.80
1, 11583, 100, 79, 188.77
0, 10935, 100, 79, 121.88
1, 11583, 0, 76, 57.71
0, 10935, 100, 79, 121.17
1, 11583, 100, 78, 189.19
0, 10935, 100, 79, 122.84
1, 11583, 0, 77, 59.41
0, 10935, 100, 79, 124.56
1, 11583, 0, 76, 180.91
0, 10935, 100, 79, 121.57
1, 11583, 100, 80, 208.71
0, 10935, 100, 79, 118.35
1, 11583, 0, 76, 58.24
0, 10935, 100, 79, 125.32
1, 11583, 100, 79, 206.34
0, 10935, 100, 79, 125.37
1, 11583, 83, 79, 69.98
0, 10935, 100, 79, 125.48
1, 11583, 0, 76, 57.71
0, 10935, 100, 79, 137.41
1, 11583, 100, 79, 205.23
0, 10935, 100, 79, 119.54
1, 11583, 0, 77, 59.18
0, 10935, 99, 79, 120.64
1, 11583, 96, 77, 205.20
0, 10935, 100, 79, 123.18
1, 11583, 100, 79, 166.50
0, 10935, 100, 79, 125.24
1, 11583, 0, 76, 57.96
0, 10935, 100, 79, 122.08
1, 11583, 100, 78, 169.32
0, 10935, 100, 79, 119.48
1, 11583, 48, 78, 60.38
0, 10935, 100, 79, 122.13
1, 11583, 0, 75, 57.48
0, 10935, 100, 79, 121.99
1, 11583, 100, 79, 207.65
0, 10935, 100, 79, 127.08
1, 11583, 0, 76, 58.67
0, 10935, 100, 79, 120.80
1, 11583, 96, 78, 206.35
0, 10935, 100, 79, 90.86
1, 11583, 100, 79, 125.18
0, 10935, 100, 79, 120.93
1, 11583, 0, 75, 53.18
0, 10935, 100, 79, 120.04
1, 11583, 100, 78, 174.70
0, 10935, 100, 79, 121.88
1, 11583, 0, 77, 59.41
0, 10935, 100, 79, 130.84
1, 11583, 0, 75, 157.61
0, 10935, 100, 79, 121.57
1, 11583, 100, 79, 209.90
0, 10935, 100, 79, 120.45
1, 11583, 0, 76, 56.30
0, 10935, 100, 79, 123.26
1, 11583, 100, 78, 202.20
0, 10935, 100, 79, 134.32
1, 11583, 100, 79, 172.53
0, 10935, 100, 79, 122.35
1, 11583, 0, 76, 57.71
0, 10935, 100, 79, 137.66
1, 11583, 100, 79, 94.76
0, 10935, 100, 79, 123.07
1, 11583, 5, 77, 59.65
0, 10935, 100, 79, 122.93
1, 11583, 0, 76, 180.35
0, 10935, 100, 79, 122.31
1, 11583, 100, 80, 192.40
0, 10935, 100, 79, 120.69
1, 11583, 0, 76, 56.50
0, 10935, 100, 79, 122.07
1, 11583, 100, 78, 202.45
0, 10935, 100, 79, 136.68
1, 11583, 100, 79, 142.29
0, 10935, 100, 79, 122.63
1, 11583, 0, 75, 49.35
0, 10935, 100, 79, 134.58
1, 11583, 100, 78, 150.53
0, 10935, 100, 79, 122.59
1, 11583, 0, 77, 59.41
0, 10935, 99, 79, 129.80
1, 11583, 0, 76, 177.92
0, 10935, 100, 79, 122.05
1, 11583, 100, 79, 208.69
0, 10935, 100, 79, 130.39
1, 11583, 0, 76, 58.18
0, 10935, 100, 79, 122.77
1, 11583, 100, 78, 206.10
0, 10935, 100, 79, 134.57
1, 11583, 100, 79, 173.45
0, 10935, 100, 79, 122.37
1, 11583, 0, 76, 55.82
0, 10935, 100, 79, 134.15
1, 11583, 100, 78, 169.25
0, 10935, 100, 79, 122.87
1, 11583, 33, 77, 51.50
0, 10935, 100, 79, 125.82
1, 11583, 8, 75, 125.34
0, 10935, 100, 79, 121.50
1, 11583, 100, 79, 208.24
0, 10935, 100, 79, 124.51
1, 11583, 0, 76, 58.44
0, 10935, 100, 79, 121.81
1, 11583, 100, 78, 205.64
0, 10935, 100, 79, 125.92
1, 11583, 100, 79, 183.17
0, 10935, 100, 79, 122.59
1, 11583, 0, 76, 57.71
0, 10935, 100, 79, 119.32
1, 11583, 100, 79, 183.64
0, 10935, 100, 79, 122.15
1, 11583, 24, 77, 49.81
0, 10935, 100, 79, 125.28
1, 11583, 0, 75, 47.87
0, 10935, 0, 77, 53.06
1, 11583, 100, 79, 204.66
0, 10935, 16, 76, 52.64
1, 11583, 0, 76, 58.64
0, 10935, 100, 80, 154.29
1, 11583, 0, 75, 56.43
0, 10935, 100, 79, 135.63
1, 11583, 0, 74, 56.01
0, 10935, 12, 77, 47.81
1, 11583, 100, 77, 201.72
0, 10935, 0, 76, 46.66
1, 11583, 100, 78, 162.17
0, 10935, 100, 79, 208.94
1, 11583, 0, 75, 56.76
0, 10935, 100, 78, 116.19
1, 11583, 0, 74, 55.59
0, 10935, 100, 79, 122.61
1, 11583, 0, 74, 55.30
0, 10935, 0, 76, 48.53
1, 11583, 100, 77, 200.53
0, 10825, 9, 75, 54.30
1, 11464, 11, 76, 59.35
0, 10825, 50, 77, 127.65
1, 11464, 43, 75, 125.80
0, 10825, 54, 77, 142.41
1, 11464, 46, 75, 98.37
0, 10825, 52, 78, 139.55
1, 11464, 41, 75, 88.73
0, 10825, 37, 76, 59.39
1, 11464, 11, 74, 57.66
0, 10825, 49, 77, 149.00
1, 11464, 40, 75, 103.82
0, 10825, 50, 77, 137.35
1, 11464, 40, 75, 84.54
0, 10825, 54, 78, 114.89
1, 11464, 41, 75, 94.28
0, 289, 59, 76, 57.22
1, 289, 0, 74, 56.70
0, 289, 0, 75, 56.25
1, 289, 0, 73, 55.97
