0, 9, 0, 76, 46.84
1, 9, 0, 76, 48.52
0, 265, 0, 76, 46.84
1, 265, 0, 76, 48.03
0, 7533, 23, 75, 47.08
1, 8116, 0, 75, 47.30
0, 7533, 25, 74, 47.08
1, 8116, 0, 74, 47.30
0, 7533, 0, 74, 46.10
1, 8116, 97, 74, 54.54
0, 7533, 0, 74, 46.10
1, 8116, 97, 74, 54.54
0, 7533, 0, 74, 46.10
1, 8116, 97, 74, 54.54
0, 8135, 100, 77, 183.94
1, 8752, 0, 74, 53.53
0, 8135, 100, 79, 179.65
1, 8754, 0, 74, 53.26
0, 8135, 0, 76, 55.26
1, 9094, 100, 77, 173.43
0, 8135, 0, 75, 54.53
1, 9094, 99, 78, 138.12
0, 8135, 100, 79, 180.48
1, 9094, 0, 75, 55.56
0, 8135, 100, 78, 60.81
1, 9094, 18, 75, 158.12
0, 8135, 0, 76, 55.93
1, 9094, 100, 78, 198.86
0, 8135, 97, 78, 173.45
1, 9094, 0, 77, 57.35
0, 8135, 100, 79, 184.75
1, 9094, 0, 75, 55.87
0, 8135, 0, 77, 54.01
1, 9094, 100, 77, 197.25
0, 8135, 0, 76, 53.12
1, 9094, 100, 78, 165.79
0, 8135, 100, 78, 196.88
1, 9094, 0, 76, 56.98
0, 8135, 100, 79, 152.10
1, 9094, 0, 75, 56.45
0, 8135, 0, 77, 50.96
1, 9094, 100, 78, 174.09
0, 8135, 0, 76, 50.67
1, 9094, 100, 79, 206.50
0, 8175, 100, 79, 209.24
1, 9134, 0, 76, 56.69
0, 8175, 100, 79, 149.77
1, 9134, 0, 75, 56.46
0, 8175, 100, 79, 164.36
1, 9134, 100, 78, 191.55
0, 8175, 100, 79, 162.90
1, 9134, 0, 78, 59.03
0, 8175, 0, 77, 47.83
1, 9134, 100, 78, 177.47
0, 8175, 100, 79, 135.23
1, 9134, 100, 79, 201.40
0, 8175, 100, 79, 140.69
1, 9134, 0, 77, 58.16
0, 8175, 29, 78, 129.68
1, 9134, 100, 79, 169.70
0, 8175, 100, 79, 151.39
1, 9134, 100, 79, 67.97
0, 8175, 0, 78, 49.35
1, 9134, 39, 78, 137.12
0, 8175, 0, 77, 48.11
1, 9134, 100, 79, 143.99
0, 8175, 100, 79, 169.48
1, 9134, 0, 78, 56.86
0, 8175, 100, 79, 159.93
1, 9134, 0, 77, 55.68
0, 8175, 0, 78, 52.61
1, 9134, 100, 78, 176.71
0, 8175, 100, 80, 155.94
1, 9134, 100, 80, 150.37
0, 8175, 100, 79, 111.60
1, 9134, 0, 77, 52.47
0, 8175, 29, 78, 125.38
1, 9134, 100, 79, 168.59
0, 8175, 100, 79, 161.22
1, 9134, 100, 79, 133.36
0, 8175, 100, 78, 47.87
1, 9134, 11, 78, 156.43
0, 8175, 100, 79, 151.28
1, 9134, 100, 80, 190.44
0, 8175, 100, 80, 159.19
1, 9134, 2, 78, 50.23
0, 8175, 0, 78, 48.15
1, 9134, 100, 78, 136.40
0, 8175, 0, 77, 47.67
1, 9134, 100, 79, 134.50
0, 8175, 100, 79, 173.33
1, 9134, 0, 77, 49.73
0, 8175, 100, 79, 113.71
1, 9134, 0, 77, 48.88
0, 8175, 0, 77, 47.85
1, 9134, 100, 79, 192.10
0, 8175, 100, 79, 140.46
1, 9134, 100, 80, 154.34
0, 8175, 100, 79, 113.07
1, 9134, 0, 77, 49.37
0, 8175, 98, 79, 122.43
1, 9134, 100, 79, 150.61
0, 8175, 100, 79, 121.05
1, 9134, 90, 79, 56.97
0, 8175, 55, 78, 53.62
1, 9134, 82, 79, 151.98
0, 8175, 100, 79, 120.24
1, 9134, 100, 79, 128.50
0, 8175, 100, 79, 123.47
1, 9134, 0, 78, 50.30
0, 8175, 0, 78, 48.14
1, 9134, 100, 79, 145.16
0, 8175, 0, 77, 47.40
1, 9134, 100, 79, 138.60
0, 8175, 100, 79, 149.96
1, 9134, 0, 78, 53.60
0, 8175, 100, 79, 110.88
1, 9134, 0, 77, 52.96
0, 8175, 0, 77, 52.36
1, 9134, 100, 79, 197.84
0, 8175, 100, 79, 147.57
1, 9134, 100, 79, 136.56
0, 8175, 100, 79, 125.15
1, 9134, 0, 77, 52.70
0, 8175, 100, 79, 126.47
1, 9134, 100, 80, 152.51
0, 8175, 100, 79, 124.21
1, 9134, 100, 79, 91.92
0, 8175, 5, 78, 48.67
1, 9134, 100, 78, 120.57
0, 8175, 100, 80, 136.20
1, 9134, 100, 79, 143.16
0, 8175, 100, 80, 140.36
1, 9134, 0, 78, 50.29
0, 8175, 0, 78, 47.82
1, 9134, 100, 79, 169.35
0, 8175, 0, 77, 47.35
1, 9134, 100, 80, 158.84
0, 7673, 49, 78, 71.64
1, 8345, 48, 79, 139.13
0, 7673, 48, 79, 59.17
1, 8345, 50, 79, 102.92
0, 7673, 47, 79, 183.33
1, 8345, 52, 79, 54.43
0, 7673, 41, 80, 81.40
1, 8345, 56, 78, 143.46
0, 7673, 49, 79, 81.06
1, 8345, 53, 78, 135.12
0, 7673, 53, 78, 65.14
1, 8345, 45, 79, 158.62
0, 7673, 51, 78, 65.61
1, 8345, 47, 79, 122.66
0, 7673, 44, 78, 150.78
1, 8345, 51, 79, 62.40
0, 7673, 44, 79, 94.81
1, 8345, 53, 79, 154.10
0, 7673, 50, 79, 53.56
1, 8345, 47, 79, 136.63
0, 7673, 50, 79, 151.41
1, 8345, 47, 79, 60.99
0, 7673, 44, 79, 77.80
1, 8345, 49, 79, 146.35
0, 7673, 43, 79, 53.86
1, 8345, 55, 79, 142.19
0, 7673, 44, 79, 164.04
1, 8345, 53, 79, 62.85
0, 7673, 27, 78, 136.33
1, 8345, 61, 78, 47.60
0, 7673, 38, 79, 150.76
1, 8345, 60, 78, 84.83
0, 7673, 44, 79, 174.63
1, 8345, 57, 78, 69.12
0, 7673, 43, 79, 114.67
1, 8345, 56, 78, 116.33
0, 7673, 41, 79, 73.32
1, 8345, 55, 78, 143.26
0, 7673, 43, 79, 58.89
1, 8345, 54, 79, 157.05
0, 7673, 45, 79, 150.52
1, 8345, 48, 79, 65.29
0, 7673, 50, 79, 81.65
1, 8345, 47, 79, 150.56
0, 7673, 50, 79, 55.74
1, 8345, 48, 79, 141.90
0, 7673, 47, 79, 153.62
1, 8345, 50, 79, 64.32
0, 7673, 44, 79, 74.41
1, 8345, 54, 79, 160.86
0, 7673, 46, 79, 120.04
1, 8345, 50, 79, 85.19
0, 7673, 50, 79, 162.18
1, 8345, 47, 79, 56.18
0, 7673, 47, 79, 64.88
1, 8345, 51, 79, 151.86
0, 7673, 43, 79, 150.73
1, 8345, 54, 79, 68.85
0, 7673, 44, 79, 142.76
1, 8345, 54, 79, 107.40
0, 7673, 49, 79, 60.10
1, 8345, 48, 79, 149.49
0, 7673, 50, 79, 141.72
1, 8345, 48, 79, 72.00
0, 7673, 72, 78, 65.88
1, 8345, 0, 79, 52.11
0, 7673, 46, 78, 56.25
1, 8345, 53, 79, 167.30
0, 7673, 46, 79, 54.82
1, 8345, 53, 79, 168.62
0, 289, 0, 77, 55.03
1, 289, 0, 77, 56.20
0, 289, 0, 77, 54.78
1, 289, 0, 77, 55.96
0, 289, 0, 76, 46.38
1, 289, 0, 77, 48.03
0, 7850, 11, 76, 47.07
1, 7850, 100, 76, 54.05
0, 7850, 10, 76, 46.83
1, 7850, 41, 76, 55.74
0, 7850, 10, 76, 46.83
1, 7850, 44, 76, 55.50
0, 7850, 11, 75, 46.83
1, 7850, 47, 76, 55.50
0, 7850, 10, 75, 46.59
1, 7850, 45, 76, 55.26
0, 7850, 10, 75, 46.59
1, 7850, 44, 75, 55.02
0, 8628, 76, 76, 127.46
1, 8628, 98, 77, 121.88
0, 8628, 74, 78, 125.56
1, 8628, 99, 78, 136.71
0, 8628, 76, 78, 143.02
1, 8628, 99, 78, 146.89
0, 8628, 77, 78, 126.23
1, 8628, 99, 78, 140.98
0, 8628, 77, 79, 127.69
1, 8628, 97, 79, 122.65
0, 8628, 76, 79, 125.08
1, 8628, 99, 79, 134.93
0, 8628, 77, 79, 138.68
1, 8628, 99, 79, 117.73
0, 8628, 77, 80, 138.27
1, 8628, 99, 79, 124.45
0, 8628, 78, 79, 110.59
1, 8628, 96, 79, 142.52
0, 8628, 77, 79, 109.19
1, 8628, 94, 79, 135.69
0, 8628, 79, 79, 126.75
1, 8628, 96, 79, 159.76
0, 8628, 77, 79, 109.20
1, 8628, 98, 79, 121.55
0, 8664, 78, 79, 107.41
1, 8664, 99, 79, 104.59
0, 8664, 77, 79, 112.45
1, 8664, 99, 79, 120.94
0, 8664, 79, 79, 112.07
1, 8664, 99, 79, 101.46
0, 8664, 80, 79, 100.36
1, 8664, 97, 79, 113.08
0, 8664, 76, 79, 100.84
1, 8664, 99, 79, 115.58
0, 8664, 77, 79, 122.95
1, 8664, 99, 79, 126.38
0, 8664, 77, 79, 114.14
1, 8664, 99, 79, 118.49
0, 8664, 80, 79, 126.12
1, 8664, 98, 79, 131.79
0, 8664, 78, 79, 127.54
1, 8664, 99, 79, 125.75
0, 8664, 77, 79, 123.54
1, 8664, 98, 79, 132.58
0, 8664, 76, 79, 122.05
1, 8664, 98, 79, 124.59
0, 8664, 77, 79, 128.95
1, 8664, 99, 79, 132.10
0, 8664, 76, 79, 92.36
1, 8664, 99, 79, 123.04
0, 8664, 77, 79, 118.18
1, 8664, 98, 79, 107.51
0, 8664, 77, 79, 114.24
1, 8664, 98, 79, 100.03
0, 8664, 76, 79, 95.44
1, 8664, 99, 79, 116.18
0, 8664, 74, 79, 95.90
1, 8664, 98, 79, 120.57
0, 8664, 75, 79, 119.80
1, 8664, 97, 79, 133.52
0, 8664, 77, 80, 128.69
1, 8664, 98, 79, 135.12
0, 8664, 80, 79, 102.49
1, 8664, 96, 79, 102.57
0, 8664, 77, 79, 89.61
1, 8664, 93, 79, 132.13
0, 8664, 73, 79, 86.97
1, 8664, 93, 79, 115.28
0, 8664, 81, 79, 78.99
1, 8664, 94, 79, 112.22
0, 8664, 77, 79, 100.55
1, 8664, 92, 79, 99.89
0, 8664, 77, 79, 81.12
1, 8664, 96, 79, 104.61
0, 8664, 77, 79, 95.40
1, 8664, 96, 79, 104.69
0, 8664, 78, 79, 110.33
1, 8664, 96, 79, 117.10
0, 8664, 80, 79, 93.28
1, 8664, 95, 79, 118.28
0, 8664, 80, 79, 98.58
1, 8664, 98, 79, 86.57
0, 8664, 77, 79, 112.89
1, 8664, 97, 79, 105.38
0, 8664, 78, 79, 103.60
1, 8664, 97, 79, 120.99
0, 8664, 78, 79, 100.31
1, 8664, 97, 79, 117.08
0, 8664, 77, 79, 92.80
1, 8664, 97, 79, 108.22
0, 8664, 78, 79, 114.97
1, 8664, 97, 79, 126.26
0, 8664, 79, 79, 93.00
1, 8664, 97, 79, 113.53
0, 8664, 80, 79, 93.33
1, 8664, 97, 79, 95.14
0, 8664, 81, 79, 95.15
1, 8664, 96, 79, 119.92
0, 8664, 75, 79, 101.10
1, 8664, 97, 79, 107.12
0, 8664, 79, 79, 106.97
1, 8664, 97, 79, 123.21
0, 8664, 79, 79, 94.98
1, 8664, 98, 79, 110.02
0, 8664, 77, 79, 120.00
1, 8664, 98, 79, 111.40
0, 8664, 78, 79, 106.56
1, 8664, 99, 79, 116.85
0, 8664, 77, 79, 102.55
1, 8664, 98, 79, 113.08
0, 8664, 71, 79, 101.58
1, 8664, 93, 79, 112.17
0, 8664, 80, 79, 115.51
1, 8664, 98, 79, 116.35
0, 8664, 77, 79, 113.76
1, 8664, 98, 79, 87.48
0, 8664, 77, 79, 108.47
1, 8664, 93, 79, 104.67
0, 8664, 80, 79, 99.43
1, 8664, 99, 79, 116.70
0, 8664, 77, 79, 96.65
1, 8664, 98, 79, 108.11
0, 8664, 76, 79, 102.24
1, 8664, 99, 79, 120.45
0, 8049, 89, 79, 111.47
1, 8049, 90, 79, 108.51
0, 8049, 89, 79, 108.49
1, 8049, 91, 79, 107.24
0, 8049, 88, 79, 108.32
1, 8049, 89, 79, 104.84
0, 8049, 88, 79, 106.80
1, 8049, 90, 79, 112.96
0, 8049, 88, 79, 106.80
1, 8049, 90, 79, 106.21
0, 8049, 89, 79, 105.90
1, 8049, 91, 79, 107.73
0, 8049, 89, 79, 107.57
1, 8049, 90, 79, 108.92
0, 8049, 88, 79, 105.17
1, 8049, 89, 79, 109.56
0, 8049, 89, 79, 109.36
1, 8049, 89, 79, 107.66
0, 8049, 88, 79, 106.87
1, 8049, 91, 79, 107.07
0, 8049, 88, 79, 108.66
1, 8049, 90, 79, 105.55
0, 8049, 89, 79, 111.67
1, 8049, 90, 79, 111.99
0, 8049, 88, 79, 102.74
1, 8049, 91, 79, 104.68
0, 8049, 89, 79, 110.22
1, 8049, 91, 79, 107.89
0, 8049, 89, 79, 107.11
1, 8049, 90, 79, 104.91
0, 8049, 88, 79, 110.32
1, 8049, 90, 79, 108.84
0, 8049, 88, 79, 97.86
1, 8049, 90, 79, 97.47
0, 8049, 91, 79, 89.67
1, 8049, 65, 79, 106.72
0, 8049, 91, 79, 88.70
1, 8049, 65, 79, 105.63
0, 8049, 91, 79, 89.14
1, 8049, 65, 79, 104.02
0, 8049, 91, 78, 90.68
1, 8049, 64, 79, 107.80
0, 8049, 90, 79, 96.13
1, 8049, 74, 79, 102.93
0, 8049, 90, 79, 96.83
1, 8049, 74, 79, 107.42
0, 8049, 90, 79, 96.55
1, 8049, 72, 79, 107.97
0, 8049, 90, 79, 96.40
1, 8049, 74, 79, 108.45
0, 8049, 90, 79, 95.36
1, 8049, 73, 79, 106.83
0, 289, 79, 78, 54.78
1, 289, 10, 78, 56.94
0, 289, 0, 77, 55.27
1, 289, 0, 77, 56.20
