0, 9, 0, 75, 56.96
1, 9, 0, 75, 58.38
0, 265, 0, 75, 56.72
1, 9, 0, 75, 57.66
0, 5136, 26, 74, 46.62
1, 9, 0, 74, 47.33
0, 14097, 97, 77, 199.00
1, 9, 0, 74, 46.78
0, 14097, 100, 79, 221.32
1, 9, 0, 73, 37.86
0, 14097, 100, 79, 159.69
1, 9, 0, 73, 37.46
0, 14097, 100, 79, 160.41
1, 9, 0, 72, 37.46
0, 14097, 100, 79, 156.81
1, 9, 0, 72, 37.24
0, 14097, 100, 79, 143.90
1, 9, 0, 72, 37.01
0, 14097, 100, 79, 144.79
1, 9, 0, 71, 36.77
0, 14097, 100, 79, 145.98
1, 9, 0, 71, 36.78
0, 14097, 100, 79, 145.03
1, 9, 0, 71, 36.81
0, 14097, 100, 79, 143.59
1, 9, 0, 71, 36.52
0, 14097, 100, 79, 150.19
1, 9, 0, 70, 36.28
0, 14097, 100, 79, 141.28
1, 9, 0, 70, 36.05
0, 14097, 100, 79, 143.58
1, 9, 0, 70, 36.31
0, 14097, 100, 79, 153.49
1, 9, 0, 69, 35.80
0, 14097, 100, 79, 128.89
1, 9, 0, 69, 36.09
0, 14097, 100, 79, 123.65
1, 9, 0, 69, 35.84
0, 14097, 100, 79, 123.89
1, 9, 0, 69, 35.60
0, 14097, 100, 79, 123.74
1, 9, 0, 68, 35.62
0, 14097, 100, 79, 119.00
1, 9, 0, 68, 35.39
0, 14097, 100, 79, 126.55
1, 9, 0, 68, 35.12
0, 14097, 100, 79, 124.05
1, 9, 0, 68, 35.12
0, 14097, 100, 79, 122.22
1, 9, 0, 68, 35.15
0, 14097, 100, 79, 129.60
1, 9, 0, 67, 34.87
0, 14097, 100, 79, 127.99
1, 9, 0, 67, 34.89
0, 14097, 100, 79, 117.22
1, 9, 0, 67, 34.88
0, 14097, 100, 79, 130.07
1, 9, 0, 67, 34.63
0, 14097, 100, 79, 111.28
1, 9, 0, 66, 34.67
0, 14097, 100, 79, 127.25
1, 9, 0, 66, 34.63
0, 14097, 100, 79, 131.59
1, 9, 0, 66, 34.14
0, 14097, 100, 79, 114.16
1, 9, 0, 66, 34.42
0, 14097, 100, 79, 129.65
1, 9, 0, 66, 34.38
0, 14097, 100, 79, 127.52
1, 9, 0, 66, 33.91
0, 14097, 100, 79, 109.90
1, 9, 0, 65, 34.20
0, 14097, 100, 79, 126.79
1, 9, 0, 65, 33.90
0, 14097, 100, 79, 127.03
1, 9, 0, 65, 33.92
0, 14097, 100, 79, 130.33
1, 9, 0, 65, 33.66
0, 14097, 100, 79, 126.96
1, 9, 0, 65, 33.66
0, 14097, 100, 79, 128.49
1, 9, 0, 64, 33.43
0, 14097, 100, 79, 113.45
1, 9, 0, 64, 33.46
0, 14097, 100, 79, 121.57
1, 9, 0, 64, 33.45
0, 14097, 100, 79, 127.69
1, 9, 0, 64, 33.45
0, 14097, 100, 79, 128.64
1, 9, 0, 64, 33.20
0, 14097, 100, 79, 130.07
1, 9, 0, 63, 33.17
0, 14097, 100, 79, 136.97
1, 9, 0, 63, 33.19
0, 14097, 100, 79, 127.03
1, 9, 0, 63, 33.18
0, 14097, 100, 79, 129.76
1, 9, 0, 63, 33.17
0, 14097, 100, 79, 106.52
1, 9, 0, 63, 32.97
0, 14097, 100, 79, 131.53
1, 9, 0, 62, 32.94
0, 14097, 100, 79, 132.24
1, 9, 0, 62, 32.95
0, 14097, 100, 79, 121.08
1, 9, 0, 62, 32.71
0, 14097, 100, 79, 122.36
1, 9, 0, 62, 32.72
0, 14097, 100, 79, 124.62
1, 9, 0, 62, 32.72
0, 14097, 100, 79, 103.91
1, 9, 0, 62, 32.23
0, 14097, 100, 79, 127.03
1, 9, 0, 62, 32.23
0, 14097, 100, 79, 133.61
1, 9, 0, 61, 32.21
0, 14097, 100, 79, 118.91
1, 9, 0, 61, 32.24
0, 14097, 100, 79, 132.24
1, 9, 0, 61, 32.20
0, 14097, 100, 79, 109.18
1, 9, 0, 61, 32.26
0, 14097, 100, 79, 127.28
1, 9, 0, 61, 31.97
0, 14097, 100, 79, 127.44
1, 9, 0, 60, 31.99
0, 14097, 100, 79, 106.52
1, 9, 0, 60, 31.75
0, 14097, 100, 79, 128.96
1, 9, 0, 60, 31.75
0, 14097, 100, 79, 104.83
1, 9, 0, 60, 31.77
0, 14097, 100, 79, 134.32
1, 9, 0, 60, 31.74
0, 14097, 100, 79, 128.40
1, 9, 0, 60, 31.74
0, 14097, 100, 79, 123.18
1, 9, 0, 60, 31.51
0, 14097, 100, 79, 106.04
1, 9, 0, 59, 31.53
0, 14097, 100, 79, 130.65
1, 9, 0, 59, 31.50
0, 14097, 100, 79, 131.37
1, 9, 0, 59, 31.49
0, 14097, 100, 79, 131.44
1, 9, 0, 59, 31.24
0, 14097, 100, 79, 108.45
1, 9, 0, 59, 31.53
0, 14097, 100, 79, 111.54
1, 9, 0, 59, 31.29
0, 14097, 100, 79, 112.74
1, 9, 0, 59, 31.27
0, 14097, 100, 79, 100.31
1, 9, 0, 58, 31.29
0, 14097, 100, 79, 118.94
1, 9, 0, 58, 31.29
0, 14097, 100, 79, 122.08
1, 9, 0, 58, 31.26
0, 14097, 100, 79, 122.30
1, 9, 0, 58, 31.02
0, 14097, 100, 79, 99.35
1, 9, 0, 58, 31.05
0, 14097, 100, 79, 103.21
1, 9, 0, 58, 31.05
0, 14097, 100, 79, 127.28
1, 9, 0, 58, 30.78
0, 14097, 100, 79, 124.70
1, 9, 0, 58, 31.04
0, 14097, 100, 79, 99.11
1, 9, 0, 57, 30.80
0, 14097, 100, 79, 104.17
1, 9, 0, 57, 31.05
0, 14097, 100, 79, 119.58
1, 9, 0, 57, 31.02
0, 14097, 100, 79, 110.38
1, 9, 0, 57, 31.02
0, 14097, 100, 79, 102.48
1, 9, 0, 57, 30.81
0, 14097, 100, 79, 122.05
1, 9, 0, 57, 30.78
0, 14097, 100, 79, 104.17
1, 9, 0, 57, 30.81
0, 14097, 100, 79, 119.49
1, 9, 0, 56, 31.04
0, 14097, 100, 79, 126.87
1, 9, 0, 56, 30.79
0, 14097, 100, 79, 122.94
1, 9, 0, 56, 30.53
0, 14097, 100, 79, 101.27
1, 9, 0, 56, 30.81
0, 14097, 100, 79, 127.68
1, 9, 0, 56, 30.78
0, 14097, 100, 79, 130.40
1, 9, 0, 56, 30.53
0, 14097, 100, 79, 102.72
1, 9, 0, 56, 30.58
0, 14097, 100, 79, 129.44
1, 9, 0, 56, 30.53
0, 14097, 100, 79, 107.49
1, 9, 0, 56, 30.32
0, 14097, 100, 79, 128.00
1, 9, 0, 55, 30.30
0, 14097, 100, 79, 136.71
1, 9, 0, 55, 30.28
0, 14097, 100, 79, 105.07
1, 9, 0, 55, 30.32
0, 14097, 100, 79, 129.83
1, 9, 0, 55, 30.30
0, 14097, 100, 79, 102.72
1, 9, 0, 55, 30.05
0, 14097, 100, 79, 108.21
1, 9, 0, 55, 30.32
0, 14097, 100, 79, 129.44
1, 9, 0, 55, 30.04
0, 14097, 100, 79, 103.87
1, 9, 0, 55, 30.08
0, 14097, 100, 79, 130.55
1, 9, 0, 55, 30.04
0, 14097, 100, 79, 107.49
1, 9, 0, 54, 30.08
0, 14097, 100, 79, 127.99
1, 9, 0, 54, 30.05
0, 14097, 100, 79, 110.38
1, 9, 0, 54, 29.84
0, 14097, 100, 79, 124.20
1, 9, 0, 54, 30.05
0, 14097, 100, 79, 125.52
1, 9, 0, 54, 29.83
0, 14097, 100, 79, 107.97
1, 9, 0, 54, 29.83
0, 14097, 100, 79, 122.01
1, 9, 0, 54, 29.81
0, 14097, 100, 79, 104.40
1, 9, 0, 54, 29.83
0, 14097, 100, 79, 133.12
1, 9, 0, 54, 29.79
0, 14097, 100, 79, 121.99
1, 9, 0, 54, 29.83
0, 14097, 100, 79, 107.97
1, 9, 0, 53, 29.58
0, 14097, 100, 79, 126.00
1, 9, 0, 53, 29.81
0, 14097, 100, 79, 108.45
1, 9, 0, 53, 29.59
0, 14097, 100, 79, 107.73
1, 9, 0, 53, 29.60
0, 14097, 100, 79, 132.48
1, 9, 0, 53, 29.56
0, 14097, 100, 79, 124.87
1, 9, 0, 53, 29.58
0, 14097, 100, 79, 105.79
1, 9, 0, 53, 29.59
0, 14097, 100, 79, 111.33
1, 9, 0, 53, 29.60
0, 14097, 100, 79, 136.26
1, 9, 0, 53, 29.56
0, 14097, 100, 79, 126.07
1, 9, 0, 53, 29.32
0, 14097, 100, 79, 103.21
1, 9, 0, 52, 29.35
0, 14097, 100, 79, 109.40
1, 9, 0, 52, 29.58
0, 14097, 100, 79, 115.86
1, 9, 0, 52, 29.58
0, 14097, 100, 79, 132.48
1, 9, 0, 52, 29.56
0, 14097, 100, 79, 129.29
1, 9, 0, 52, 29.58
0, 14097, 100, 79, 107.96
1, 9, 0, 52, 29.58
0, 14097, 100, 79, 110.85
1, 9, 0, 52, 29.34
0, 14097, 100, 79, 133.69
1, 9, 0, 52, 29.56
0, 14097, 100, 79, 136.34
1, 9, 0, 52, 29.32
0, 14097, 100, 79, 134.18
1, 9, 0, 52, 29.31
0, 14097, 100, 79, 125.43
1, 9, 0, 52, 29.32
0, 14097, 100, 79, 111.59
1, 9, 0, 51, 29.35
0, 14097, 100, 79, 104.17
1, 9, 0, 51, 29.37
0, 14097, 100, 79, 106.76
1, 9, 0, 51, 29.34
0, 14097, 100, 79, 105.37
1, 9, 0, 51, 29.35
0, 14097, 100, 79, 108.21
1, 9, 0, 51, 29.10
0, 14097, 100, 79, 107.73
1, 9, 0, 51, 29.10
0, 14097, 100, 79, 108.21
1, 9, 0, 51, 29.10
0, 14097, 100, 79, 108.45
1, 9, 0, 51, 29.10
0, 14097, 100, 79, 100.55
1, 9, 0, 51, 29.10
0, 14097, 100, 79, 101.28
1, 9, 0, 51, 29.09
0, 14097, 100, 79, 100.06
1, 9, 0, 51, 29.10
0, 14097, 100, 79, 109.71
1, 9, 0, 50, 29.10
0, 14097, 100, 79, 108.68
1, 9, 0, 51, 29.10
0, 14097, 100, 79, 108.69
1, 9, 0, 50, 29.10
0, 14097, 100, 79, 107.96
1, 9, 0, 50, 29.10
0, 14097, 100, 79, 106.34
1, 9, 0, 50, 29.10
0, 14097, 100, 79, 102.96
1, 9, 0, 50, 29.10
0, 14097, 100, 79, 104.90
1, 9, 0, 50, 28.88
0, 14097, 100, 79, 121.82
1, 9, 0, 50, 28.84
0, 14097, 100, 79, 125.59
1, 9, 0, 50, 29.09
0, 14097, 100, 79, 126.49
1, 9, 0, 50, 28.83
0, 14097, 100, 79, 134.88
1, 9, 0, 50, 28.83
0, 14097, 100, 79, 130.55
1, 9, 0, 50, 28.82
0, 14097, 100, 79, 110.85
1, 9, 0, 50, 28.85
0, 14097, 100, 79, 107.49
1, 9, 0, 49, 28.86
0, 14097, 100, 79, 101.04
1, 9, 0, 50, 28.88
0, 14097, 100, 79, 128.17
1, 9, 0, 49, 28.84
0, 14097, 100, 79, 129.13
1, 9, 0, 49, 28.83
0, 14097, 100, 79, 135.62
1, 9, 0, 49, 28.83
0, 14097, 100, 79, 117.46
1, 9, 0, 49, 28.83
0, 14097, 100, 79, 107.97
1, 9, 0, 49, 28.61
0, 14097, 100, 79, 104.11
1, 9, 0, 49, 28.62
0, 14097, 100, 79, 122.46
1, 9, 0, 49, 28.35
0, 14097, 100, 79, 136.82
1, 9, 0, 49, 28.83
0, 14097, 100, 79, 127.74
1, 9, 0, 49, 28.58
0, 14097, 100, 79, 114.88
1, 9, 0, 49, 28.61
0, 14097, 100, 79, 112.06
1, 9, 0, 49, 28.61
0, 14097, 100, 79, 110.13
1, 9, 0, 49, 28.61
0, 14097, 100, 79, 128.96
1, 9, 0, 49, 28.59
0, 14097, 100, 79, 145.61
1, 9, 0, 49, 28.58
0, 14097, 100, 79, 106.76
1, 9, 0, 48, 28.61
0, 14097, 100, 79, 113.43
1, 9, 0, 48, 28.61
0, 14097, 100, 79, 108.93
1, 9, 0, 48, 28.63
0, 14097, 100, 79, 127.28
1, 9, 0, 48, 28.35
0, 14097, 100, 79, 135.62
1, 9, 0, 48, 28.35
0, 14097, 100, 79, 115.36
1, 9, 0, 48, 28.61
0, 14097, 100, 79, 112.97
1, 9, 0, 48, 28.61
0, 14097, 100, 79, 108.69
1, 9, 0, 48, 28.38
0, 14097, 100, 79, 137.46
1, 9, 0, 48, 28.34
0, 14097, 100, 79, 108.14
1, 9, 0, 48, 28.35
0, 14097, 100, 79, 113.67
1, 9, 0, 48, 28.36
0, 14097, 100, 79, 115.62
1, 9, 0, 48, 28.37
0, 14097, 100, 79, 141.52
1, 9, 0, 48, 28.10
0, 14097, 100, 79, 120.42
1, 9, 0, 48, 28.12
0, 14097, 100, 79, 109.16
1, 9, 0, 48, 28.37
0, 14097, 100, 79, 135.63
1, 9, 0, 48, 28.10
0, 14097, 100, 79, 114.39
1, 9, 0, 47, 28.13
0, 14097, 100, 79, 108.45
1, 9, 0, 47, 28.15
0, 14097, 100, 79, 130.34
1, 9, 0, 48, 28.12
0, 14097, 100, 79, 109.41
1, 9, 0, 47, 28.12
0, 14097, 100, 79, 110.85
1, 9, 0, 47, 28.37
0, 14097, 100, 79, 136.82
1, 9, 0, 47, 28.12
0, 14097, 100, 79, 120.34
1, 9, 0, 47, 28.12
0, 14097, 100, 79, 109.64
1, 9, 0, 47, 28.37
0, 14097, 100, 79, 131.77
1, 9, 0, 47, 28.10
0, 14097, 100, 79, 114.64
1, 9, 0, 47, 28.12
0, 14097, 100, 79, 132.49
1, 9, 0, 47, 28.10
0, 14097, 100, 79, 114.88
1, 9, 0, 47, 27.89
0, 14097, 100, 79, 108.93
1, 9, 0, 47, 28.15
0, 14097, 100, 79, 133.45
1, 9, 0, 47, 28.09
0, 14097, 100, 79, 111.33
1, 9, 0, 47, 27.89
0, 14097, 100, 79, 125.35
1, 9, 0, 47, 27.86
0, 14097, 100, 79, 114.88
1, 9, 0, 47, 28.12
0, 14097, 100, 79, 109.42
1, 9, 0, 47, 28.14
0, 14097, 100, 79, 123.88
1, 9, 0, 46, 27.85
0, 14097, 100, 79, 108.45
1, 9, 0, 46, 28.13
0, 14097, 100, 79, 142.24
1, 9, 0, 46, 28.10
0, 14097, 100, 79, 111.57
1, 9, 0, 46, 27.89
0, 14097, 100, 79, 133.94
1, 9, 0, 46, 27.86
0, 14097, 100, 79, 112.06
1, 9, 0, 46, 27.89
0, 14097, 100, 79, 129.60
1, 9, 0, 46, 27.86
0, 14097, 100, 79, 113.91
1, 9, 0, 46, 27.88
0, 14097, 100, 79, 130.88
1, 9, 0, 46, 27.86
0, 14097, 100, 79, 114.15
1, 9, 0, 46, 27.88
0, 14097, 100, 79, 140.08
1, 9, 0, 46, 27.85
0, 14097, 100, 79, 108.93
1, 9, 0, 46, 27.65
0, 14097, 100, 79, 133.22
1, 9, 0, 46, 27.85
0, 14097, 100, 79, 107.24
1, 9, 0, 46, 27.65
0, 14097, 100, 79, 102.44
1, 9, 0, 46, 27.88
0, 14097, 100, 79, 111.77
1, 9, 0, 46, 27.89
0, 14097, 100, 79, 102.96
1, 9, 0, 46, 27.67
0, 14097, 100, 79, 102.72
1, 9, 0, 46, 27.67
0, 14097, 100, 79, 107.20
1, 9, 0, 46, 27.64
0, 14097, 100, 79, 120.13
1, 9, 0, 45, 27.64
0, 14097, 100, 79, 116.58
1, 9, 0, 45, 27.64
0, 14097, 100, 79, 115.88
1, 9, 0, 45, 27.65
0, 14097, 100, 79, 101.04
1, 9, 0, 45, 27.67
0, 14097, 100, 79, 108.21
1, 9, 0, 45, 27.65
0, 14097, 100, 79, 116.98
1, 9, 0, 45, 27.86
0, 14097, 100, 79, 121.60
1, 9, 0, 45, 27.62
0, 14097, 100, 79, 100.79
1, 9, 0, 45, 27.65
0, 14097, 100, 79, 107.06
1, 9, 0, 45, 27.66
0, 14097, 100, 79, 101.27
1, 9, 0, 45, 27.65
0, 14097, 100, 79, 128.96
1, 9, 0, 45, 27.64
0, 14097, 100, 79, 113.23
1, 9, 0, 45, 27.65
0, 14097, 100, 79, 103.15
1, 9, 0, 45, 27.65
0, 14097, 100, 79, 108.21
1, 9, 0, 45, 27.65
0, 14097, 100, 79, 134.32
1, 9, 0, 45, 27.63
0, 14097, 100, 79, 129.21
1, 9, 0, 45, 27.64
0, 14097, 100, 79, 107.73
1, 9, 0, 45, 27.64
0, 14097, 100, 79, 111.57
1, 9, 0, 45, 27.65
0, 14097, 100, 79, 127.52
1, 9, 0, 45, 27.64
0, 14097, 100, 79, 107.73
1, 9, 0, 45, 27.41
0, 14097, 100, 79, 111.33
1, 9, 0, 45, 27.64
0, 14097, 100, 79, 105.12
1, 9, 0, 45, 27.66
0, 14097, 100, 79, 133.46
1, 9, 0, 45, 27.63
0, 14097, 100, 79, 103.69
1, 9, 0, 45, 27.42
0, 14097, 100, 79, 112.95
1, 9, 0, 45, 27.40
0, 14097, 100, 79, 105.62
1, 9, 0, 44, 27.42
0, 14097, 100, 79, 132.65
1, 9, 0, 44, 27.62
0, 14097, 100, 79, 105.32
1, 9, 0, 44, 27.42
0, 14097, 100, 79, 111.82
1, 9, 0, 44, 27.42
0, 14097, 100, 79, 114.15
1, 9, 0, 44, 27.40
0, 14097, 100, 79, 139.63
1, 9, 0, 44, 27.64
0, 14097, 100, 79, 128.64
1, 9, 0, 44, 27.64
0, 14097, 100, 79, 107.00
1, 9, 0, 44, 27.41
0, 14097, 100, 79, 112.78
1, 9, 0, 44, 27.40
0, 14097, 100, 79, 113.67
1, 9, 0, 44, 27.40
0, 14097, 100, 79, 135.63
1, 9, 0, 44, 27.39
0, 14097, 100, 79, 126.07
1, 9, 0, 44, 27.38
0, 14097, 100, 79, 106.04
1, 9, 0, 44, 27.41
0, 14097, 100, 79, 111.57
1, 9, 0, 44, 27.40
0, 14097, 100, 79, 120.11
1, 9, 0, 44, 27.39
0, 14097, 100, 79, 140.15
1, 9, 0, 44, 27.36
0, 14097, 100, 79, 129.36
1, 9, 0, 44, 27.38
0, 14097, 100, 79, 109.64
1, 9, 0, 44, 27.40
0, 14097, 100, 79, 114.23
1, 9, 0, 44, 27.40
0, 14097, 100, 79, 116.98
1, 9, 0, 44, 27.38
0, 14097, 100, 79, 131.61
1, 9, 0, 44, 27.39
0, 14097, 100, 79, 114.72
1, 9, 0, 44, 27.40
0, 14097, 100, 79, 112.47
1, 9, 0, 44, 27.40
0, 14097, 100, 79, 118.50
1, 9, 0, 44, 27.40
0, 14097, 100, 79, 105.85
1, 9, 0, 44, 27.40
0, 14097, 100, 79, 139.21
1, 9, 0, 44, 27.61
0, 14097, 100, 79, 131.77
1, 9, 0, 44, 27.37
0, 14097, 100, 79, 108.69
1, 9, 0, 44, 27.41
0, 14097, 100, 79, 119.94
1, 9, 0, 44, 27.39
0, 14097, 100, 79, 121.31
1, 9, 0, 43, 27.39
0, 14097, 100, 79, 110.12
1, 9, 0, 44, 27.18
0, 14097, 100, 79, 141.20
1, 9, 0, 43, 27.13
0, 14097, 100, 79, 130.64
1, 9, 0, 43, 27.38
0, 14097, 100, 79, 108.69
1, 9, 0, 43, 27.18
0, 14097, 100, 79, 113.67
1, 9, 0, 43, 27.40
0, 14097, 100, 79, 117.53
1, 9, 0, 43, 27.39
0, 14097, 100, 79, 120.59
1, 9, 0, 43, 27.15
0, 14097, 100, 79, 122.03
1, 9, 0, 43, 27.15
0, 14097, 100, 79, 133.91
1, 9, 0, 43, 26.88
0, 14097, 100, 79, 142.51
1, 9, 0, 43, 27.37
0, 14097, 100, 79, 135.87
1, 9, 0, 43, 27.14
0, 14097, 100, 79, 125.76
1, 9, 0, 43, 27.16
0, 14097, 100, 79, 109.42
1, 9, 0, 43, 27.16
0, 14097, 100, 79, 110.61
1, 9, 0, 43, 27.17
0, 14097, 100, 79, 113.67
1, 9, 0, 43, 27.15
0, 14097, 100, 79, 120.59
1, 9, 0, 43, 27.15
0, 14097, 100, 79, 114.66
1, 9, 0, 43, 27.16
0, 14097, 100, 79, 107.00
1, 9, 0, 43, 27.16
0, 14097, 100, 79, 104.90
1, 9, 0, 43, 27.18
0, 14097, 100, 79, 101.04
1, 9, 0, 43, 27.18
0, 14097, 100, 79, 106.53
1, 9, 0, 43, 27.16
0, 14097, 100, 79, 118.05
1, 9, 0, 43, 26.92
0, 14097, 100, 79, 127.11
1, 9, 0, 43, 26.91
0, 14097, 100, 79, 126.87
1, 9, 0, 43, 26.89
0, 14097, 100, 79, 108.93
1, 9, 0, 43, 27.18
0, 14097, 100, 79, 107.73
1, 9, 0, 43, 27.16
0, 14097, 100, 78, 107.73
1, 9, 0, 43, 27.18
0, 14097, 100, 79, 108.45
1, 9, 0, 43, 27.18
0, 14097, 100, 79, 108.45
1, 9, 0, 43, 27.16
0, 14097, 100, 79, 107.07
1, 9, 0, 43, 27.16
0, 14097, 100, 79, 102.96
1, 9, 0, 43, 26.93
0, 14097, 100, 79, 111.35
1, 9, 0, 43, 27.16
0, 14097, 100, 79, 106.53
1, 9, 0, 43, 27.18
0, 14097, 100, 79, 111.11
1, 9, 0, 43, 26.93
0, 14097, 100, 79, 111.28
1, 9, 0, 43, 26.92
0, 14097, 100, 79, 115.39
1, 9, 0, 43, 27.16
0, 14097, 100, 79, 114.83
1, 9, 0, 42, 26.92
0, 14097, 100, 79, 123.02
1, 9, 0, 42, 26.93
0, 14097, 100, 79, 128.49
1, 9, 0, 42, 26.92
0, 14097, 100, 79, 131.53
1, 9, 0, 42, 27.13
0, 14097, 100, 79, 131.53
1, 9, 0, 42, 27.15
0, 14097, 100, 79, 130.34
1, 9, 0, 42, 27.13
0, 14097, 100, 79, 131.61
1, 9, 0, 42, 27.15
0, 14097, 100, 79, 128.24
1, 9, 0, 42, 27.15
0, 14097, 100, 79, 134.42
1, 9, 0, 42, 27.14
0, 14097, 100, 79, 146.09
1, 9, 0, 42, 27.36
0, 14097, 100, 79, 132.74
1, 9, 0, 42, 27.14
0, 14097, 100, 79, 139.59
1, 9, 0, 42, 27.12
0, 14097, 100, 79, 141.75
1, 9, 0, 42, 27.12
0, 14097, 100, 79, 108.86
1, 9, 0, 42, 27.14
0, 14097, 100, 79, 119.38
1, 9, 0, 42, 27.15
0, 14097, 100, 79, 120.66
1, 9, 0, 42, 27.15
0, 14097, 100, 79, 117.05
1, 9, 0, 42, 27.15
0, 14097, 100, 79, 114.64
1, 9, 0, 42, 27.15
0, 14097, 100, 79, 116.57
1, 9, 0, 42, 27.15
0, 14097, 100, 79, 112.47
1, 9, 0, 42, 27.16
0, 14097, 100, 79, 106.11
1, 9, 0, 42, 27.18
0, 14097, 100, 79, 113.21
1, 9, 0, 42, 27.16
0, 14097, 100, 79, 127.51
1, 9, 0, 42, 27.13
0, 14097, 100, 79, 131.52
1, 9, 0, 42, 27.13
0, 14097, 100, 79, 142.40
1, 9, 0, 42, 27.12
0, 14097, 100, 79, 103.69
1, 9, 0, 42, 27.15
0, 14097, 100, 79, 119.62
1, 9, 0, 42, 27.15
0, 14097, 100, 79, 118.90
1, 9, 0, 42, 27.15
0, 14097, 100, 79, 114.64
1, 9, 0, 42, 27.15
0, 14097, 100, 79, 112.54
1, 9, 0, 42, 27.17
0, 14097, 100, 79, 107.24
1, 9, 0, 42, 27.16
0, 14097, 100, 79, 130.82
1, 9, 0, 42, 27.15
0, 14097, 100, 79, 129.44
1, 9, 0, 42, 27.13
0, 14097, 100, 79, 105.55
1, 9, 0, 42, 27.16
0, 14097, 100, 79, 97.71
1, 9, 0, 42, 27.18
0, 14097, 100, 79, 127.84
1, 9, 0, 42, 27.15
0, 14097, 100, 79, 105.37
1, 9, 0, 42, 27.16
0, 14097, 100, 79, 106.29
1, 9, 0, 42, 27.18
0, 14097, 100, 79, 127.04
1, 9, 0, 42, 27.15
0, 14097, 100, 79, 108.21
1, 9, 0, 42, 26.93
0, 14097, 100, 79, 101.28
1, 9, 0, 42, 26.93
0, 14097, 100, 79, 120.63
1, 9, 0, 42, 26.92
0, 14097, 100, 79, 101.27
1, 9, 0, 41, 27.18
0, 14097, 100, 79, 107.97
1, 9, 0, 42, 26.93
0, 14097, 100, 78, 102.24
1, 9, 0, 42, 27.18
0, 14097, 100, 79, 131.05
1, 9, 0, 41, 26.89
0, 14097, 100, 79, 115.62
1, 9, 0, 41, 26.93
0, 14097, 100, 79, 114.39
1, 9, 0, 41, 26.91
0, 14097, 100, 79, 112.23
1, 9, 0, 41, 26.92
0, 14097, 100, 79, 130.40
1, 9, 0, 41, 27.15
0, 14097, 100, 79, 137.69
1, 9, 0, 41, 27.13
0, 14097, 100, 79, 114.39
1, 9, 0, 41, 27.15
0, 14097, 100, 79, 109.90
1, 9, 0, 41, 26.93
0, 14097, 100, 79, 125.59
1, 9, 0, 41, 26.92
0, 14097, 100, 79, 141.28
1, 9, 0, 41, 27.12
0, 14097, 100, 79, 114.47
1, 9, 0, 41, 26.92
0, 14097, 100, 79, 112.71
1, 9, 0, 41, 26.92
0, 14097, 100, 79, 106.77
1, 9, 0, 41, 26.92
0, 14097, 100, 79, 144.48
1, 9, 0, 41, 27.12
0, 14097, 100, 79, 114.88
1, 9, 0, 41, 26.91
0, 14097, 100, 79, 114.39
1, 9, 0, 41, 26.91
0, 14097, 100, 79, 113.22
1, 9, 0, 41, 26.93
0, 14097, 100, 79, 135.76
1, 9, 0, 41, 27.12
0, 14097, 100, 79, 114.39
1, 9, 0, 41, 26.91
0, 14097, 100, 79, 112.78
1, 9, 0, 41, 26.92
0, 14097, 100, 79, 123.42
1, 9, 0, 41, 26.91
0, 14097, 100, 79, 131.80
1, 9, 0, 41, 27.12
0, 14097, 100, 79, 114.23
1, 9, 0, 41, 26.93
0, 14097, 100, 79, 108.21
1, 9, 0, 41, 26.92
0, 14097, 100, 79, 136.96
1, 9, 0, 41, 27.13
0, 14097, 100, 79, 119.87
1, 9, 0, 41, 26.91
0, 14097, 100, 79, 113.91
1, 9, 0, 41, 26.91
0, 14097, 100, 79, 134.26
1, 9, 0, 41, 26.90
0, 14097, 100, 79, 111.01
1, 9, 0, 41, 26.90
0, 14097, 100, 79, 113.69
1, 9, 0, 41, 26.91
0, 14097, 100, 79, 106.59
1, 9, 0, 41, 26.93
0, 14097, 100, 79, 139.21
1, 9, 0, 41, 26.88
0, 14097, 100, 79, 115.12
1, 9, 0, 41, 26.91
0, 14097, 100, 79, 109.42
1, 9, 0, 41, 26.92
0, 14097, 100, 79, 134.49
1, 9, 0, 41, 26.90
0, 14097, 100, 79, 120.59
1, 9, 0, 41, 26.91
0, 14097, 100, 79, 108.45
1, 9, 0, 41, 26.93
0, 14097, 100, 79, 128.96
1, 9, 0, 41, 26.89
0, 14097, 100, 79, 121.56
1, 9, 0, 41, 26.91
0, 14097, 100, 79, 110.37
1, 9, 0, 41, 26.93
0, 14097, 100, 79, 127.69
1, 9, 0, 41, 26.90
0, 14097, 100, 79, 118.25
1, 9, 0, 41, 26.91
0, 14097, 100, 79, 107.55
1, 9, 0, 41, 26.93
0, 14097, 100, 79, 132.25
1, 9, 0, 41, 26.91
0, 14097, 100, 79, 120.59
1, 9, 0, 41, 26.91
0, 14097, 100, 79, 112.30
1, 9, 0, 41, 26.92
0, 14097, 100, 79, 129.44
1, 9, 0, 41, 26.89
0, 14097, 100, 79, 119.21
1, 9, 0, 41, 26.91
0, 14097, 100, 79, 107.73
1, 9, 0, 41, 26.93
0, 14097, 100, 79, 134.63
1, 9, 0, 41, 26.90
0, 14097, 100, 79, 114.88
1, 9, 0, 41, 26.91
0, 14097, 100, 79, 112.75
1, 9, 0, 41, 26.69
0, 14097, 100, 79, 113.50
1, 9, 0, 41, 26.93
0, 14097, 100, 79, 114.88
1, 9, 0, 41, 26.91
0, 14097, 100, 79, 133.29
1, 9, 0, 41, 26.91
0, 14097, 100, 79, 120.59
1, 9, 0, 41, 26.91
0, 14097, 100, 79, 112.47
1, 9, 0, 41, 26.92
0, 14097, 100, 79, 150.06
1, 9, 0, 41, 26.88
0, 14097, 100, 79, 116.57
1, 9, 0, 41, 26.91
0, 14097, 100, 79, 110.62
1, 9, 0, 41, 26.93
0, 14097, 100, 79, 106.33
1, 9, 0, 40, 26.69
0, 14097, 100, 79, 112.54
1, 9, 0, 41, 26.68
0, 14097, 100, 79, 140.59
1, 9, 0, 41, 26.89
0, 14097, 100, 79, 114.64
1, 9, 0, 40, 26.91
0, 14097, 100, 79, 124.66
1, 9, 0, 40, 26.92
0, 14097, 100, 79, 114.64
1, 9, 0, 40, 26.91
0, 14097, 100, 79, 108.21
1, 9, 0, 41, 26.67
0, 14097, 100, 79, 131.09
1, 9, 0, 40, 26.88
0, 14097, 100, 79, 114.15
1, 9, 0, 41, 26.67
0, 14097, 100, 79, 130.64
1, 9, 0, 40, 26.91
0, 14097, 100, 79, 120.18
1, 9, 0, 40, 26.91
0, 14097, 100, 79, 107.24
1, 9, 0, 40, 26.69
0, 14097, 100, 79, 110.85
1, 9, 0, 40, 26.69
0, 14097, 100, 79, 111.35
1, 9, 0, 40, 26.93
0, 14097, 100, 79, 134.03
1, 9, 0, 40, 26.89
0, 14097, 100, 79, 114.88
1, 9, 0, 40, 26.67
0, 14097, 100, 79, 124.39
1, 9, 0, 40, 26.67
0, 14097, 100, 79, 120.83
1, 9, 0, 40, 26.91
0, 14097, 100, 79, 108.45
1, 9, 0, 40, 26.67
0, 14097, 100, 79, 114.23
1, 9, 0, 40, 26.67
0, 14097, 100, 79, 108.21
1, 9, 0, 40, 26.67
0, 14097, 100, 79, 126.79
1, 9, 0, 40, 26.64
0, 14097, 100, 79, 113.26
1, 9, 0, 40, 26.68
0, 14097, 100, 79, 134.90
1, 9, 0, 40, 26.90
0, 14097, 100, 79, 113.69
1, 9, 0, 40, 26.67
0, 14097, 100, 79, 143.22
1, 9, 0, 40, 26.88
0, 14097, 100, 79, 113.99
1, 9, 0, 40, 26.68
0, 14097, 100, 79, 131.77
1, 9, 0, 40, 26.89
0, 14097, 100, 79, 115.12
1, 9, 0, 40, 26.67
0, 14097, 100, 79, 126.33
1, 9, 0, 40, 26.67
0, 14097, 100, 79, 119.14
1, 9, 0, 40, 26.66
0, 14097, 100, 79, 105.79
1, 9, 0, 40, 26.67
0, 14097, 100, 79, 118.74
1, 9, 0, 40, 26.67
0, 14097, 100, 79, 107.73
1, 9, 0, 40, 26.68
0, 14097, 100, 79, 107.48
1, 9, 0, 40, 26.93
0, 14097, 100, 79, 109.42
1, 9, 0, 40, 26.69
0, 14097, 100, 79, 113.26
1, 9, 0, 40, 26.69
0, 14097, 100, 79, 110.85
1, 9, 0, 40, 26.67
0, 14097, 100, 79, 114.90
1, 9, 0, 40, 26.67
0, 14097, 100, 79, 107.24
1, 9, 0, 40, 26.67
0, 14097, 100, 79, 109.88
1, 9, 0, 40, 26.69
0, 14097, 100, 79, 107.06
1, 9, 0, 40, 26.69
0, 14097, 100, 79, 116.81
1, 9, 0, 40, 26.67
0, 14097, 100, 79, 107.97
1, 9, 0, 40, 26.67
0, 14097, 100, 79, 118.73
1, 9, 0, 40, 26.66
0, 14097, 100, 79, 106.52
1, 9, 0, 40, 26.67
0, 14097, 100, 79, 115.12
1, 9, 0, 40, 26.67
0, 14097, 100, 79, 105.79
1, 9, 0, 40, 26.69
0, 14097, 100, 79, 119.45
1, 9, 0, 40, 26.66
0, 14097, 100, 79, 115.31
1, 9, 0, 40, 26.67
0, 14097, 100, 79, 118.97
1, 9, 0, 40, 26.66
0, 14097, 100, 79, 128.97
1, 9, 0, 40, 26.65
0, 14097, 100, 79, 115.12
1, 9, 0, 40, 26.67
0, 14097, 100, 79, 128.49
1, 9, 0, 40, 26.66
0, 14097, 100, 79, 113.91
1, 9, 0, 40, 26.67
0, 14097, 100, 79, 141.54
1, 9, 0, 40, 26.66
0, 14097, 100, 79, 113.43
1, 9, 0, 40, 26.67
0, 14097, 100, 79, 101.76
1, 9, 0, 40, 26.92
0, 14097, 100, 79, 112.06
1, 9, 0, 40, 26.67
0, 14097, 100, 79, 110.85
1, 9, 0, 40, 26.69
0, 14097, 100, 79, 107.97
1, 9, 0, 40, 26.69
0, 14097, 100, 79, 121.14
1, 9, 0, 40, 26.66
0, 14097, 100, 79, 107.97
1, 9, 0, 40, 26.69
0, 14097, 100, 79, 118.42
1, 9, 0, 40, 26.66
0, 14097, 100, 79, 123.02
1, 9, 0, 40, 26.66
0, 14097, 100, 79, 113.93
1, 9, 0, 40, 26.67
0, 14097, 100, 79, 141.78
1, 9, 0, 40, 26.64
0, 14097, 100, 79, 111.09
1, 9, 0, 40, 26.67
0, 14097, 100, 79, 119.22
1, 9, 0, 40, 26.68
0, 14097, 100, 79, 105.79
1, 9, 0, 40, 26.69
0, 14097, 100, 79, 120.83
1, 9, 0, 40, 26.66
0, 14097, 100, 79, 129.69
1, 9, 0, 40, 26.66
0, 14097, 100, 79, 114.39
1, 9, 0, 40, 26.67
0, 14097, 100, 79, 140.74
1, 9, 0, 40, 26.88
0, 14097, 100, 79, 113.99
1, 9, 0, 40, 26.67
0, 14097, 100, 79, 110.37
1, 9, 0, 40, 26.69
0, 14097, 100, 79, 108.45
1, 9, 0, 40, 26.67
0, 14097, 100, 79, 114.23
1, 9, 0, 40, 26.67
0, 14097, 100, 79, 127.05
1, 9, 0, 40, 26.67
0, 14097, 100, 79, 114.88
1, 9, 0, 39, 26.67
0, 14097, 100, 79, 117.77
1, 9, 0, 40, 26.70
0, 14097, 100, 79, 107.97
1, 9, 0, 40, 26.69
0, 14097, 100, 79, 118.26
1, 9, 0, 39, 26.67
0, 14097, 100, 79, 114.92
1, 9, 0, 40, 26.67
0, 14097, 100, 79, 115.38
1, 9, 0, 40, 26.67
0, 14097, 100, 79, 141.28
1, 9, 0, 40, 26.66
0, 14097, 100, 79, 114.15
1, 9, 0, 39, 26.67
0, 14097, 100, 79, 114.95
1, 9, 0, 39, 26.68
0, 14097, 100, 79, 129.60
1, 9, 0, 40, 26.65
0, 14097, 100, 79, 113.93
1, 9, 0, 39, 26.67
0, 14097, 100, 79, 111.09
1, 9, 0, 40, 26.68
0, 14097, 100, 79, 106.83
1, 9, 0, 40, 26.69
0, 14097, 100, 79, 120.11
1, 9, 0, 40, 26.66
0, 14097, 100, 79, 130.81
1, 9, 0, 40, 26.66
0, 14097, 100, 79, 113.75
1, 9, 0, 39, 26.68
0, 14097, 100, 79, 115.36
1, 9, 0, 39, 26.67
0, 14097, 100, 79, 112.80
1, 9, 0, 39, 26.67
0, 14097, 100, 79, 114.41
1, 9, 0, 39, 26.67
0, 14097, 100, 79, 141.20
1, 9, 0, 39, 26.64
0, 14097, 100, 79, 109.18
1, 9, 0, 40, 26.68
0, 14097, 100, 79, 119.14
1, 9, 0, 40, 26.66
0, 14097, 100, 79, 136.59
1, 9, 0, 39, 26.64
0, 14097, 100, 79, 109.88
1, 9, 0, 39, 26.67
0, 14097, 100, 79, 114.39
1, 9, 0, 39, 26.67
0, 14097, 100, 79, 129.93
1, 9, 0, 39, 26.66
0, 14097, 100, 79, 114.39
1, 9, 0, 39, 26.67
0, 14097, 100, 79, 116.56
1, 9, 0, 39, 26.67
0, 14097, 100, 79, 114.42
1, 9, 0, 39, 26.67
0, 14097, 100, 79, 113.50
1, 9, 0, 39, 26.68
0, 14097, 100, 79, 132.31
1, 9, 0, 39, 26.64
0, 14097, 100, 79, 106.76
1, 9, 0, 39, 26.69
0, 14097, 100, 79, 118.01
1, 9, 0, 39, 26.67
0, 14097, 100, 79, 134.65
1, 9, 0, 39, 26.64
0, 14097, 100, 79, 107.97
1, 9, 0, 39, 26.67
0, 14097, 100, 79, 113.75
1, 9, 0, 39, 26.68
0, 14097, 100, 79, 140.08
1, 9, 0, 39, 26.64
0, 14097, 100, 79, 112.54
1, 9, 0, 39, 26.67
0, 14097, 100, 79, 119.62
1, 9, 0, 39, 26.66
0, 14097, 100, 79, 142.28
1, 9, 0, 39, 26.66
0, 14097, 100, 79, 112.00
1, 9, 0, 39, 26.67
0, 14097, 100, 79, 120.11
1, 9, 0, 39, 26.66
0, 14097, 100, 79, 139.95
1, 9, 0, 39, 26.65
0, 14097, 100, 79, 109.40
1, 9, 0, 39, 26.67
0, 14097, 100, 79, 119.87
1, 9, 0, 39, 26.66
0, 14097, 100, 79, 149.84
1, 9, 0, 39, 26.88
0, 14097, 100, 79, 120.42
1, 9, 0, 39, 26.66
0, 14097, 100, 79, 127.49
1, 9, 0, 39, 26.66
0, 14097, 100, 79, 136.10
1, 9, 0, 39, 26.65
0, 14097, 100, 79, 120.90
1, 9, 0, 39, 26.66
0, 14097, 100, 79, 106.03
1, 9, 0, 39, 26.67
0, 14097, 100, 79, 109.40
1, 9, 0, 39, 26.43
0, 14097, 100, 79, 121.31
1, 9, 0, 39, 26.42
0, 14097, 100, 79, 148.69
1, 9, 0, 39, 26.63
0, 14097, 100, 79, 118.73
1, 9, 0, 39, 26.66
0, 14097, 100, 79, 121.56
1, 9, 0, 39, 26.66
0, 14097, 100, 79, 135.38
1, 9, 0, 39, 26.65
0, 14097, 100, 79, 120.35
1, 9, 0, 39, 26.66
0, 14097, 100, 79, 122.28
1, 9, 0, 39, 26.66
0, 14097, 100, 79, 135.15
1, 9, 0, 39, 26.66
0, 14097, 100, 79, 120.83
1, 9, 0, 39, 26.66
0, 14097, 100, 80, 121.80
1, 9, 0, 39, 26.66
0, 14097, 100, 79, 128.24
1, 9, 0, 39, 26.66
0, 14097, 100, 79, 121.30
1, 9, 0, 39, 26.66
0, 14097, 100, 79, 122.99
1, 9, 0, 39, 26.66
0, 14097, 100, 79, 130.09
1, 9, 0, 39, 26.66
0, 14097, 100, 79, 119.45
1, 9, 0, 39, 26.66
0, 14097, 100, 79, 120.35
1, 9, 0, 39, 26.66
0, 14097, 100, 79, 138.41
1, 9, 0, 39, 26.64
0, 14097, 100, 79, 111.82
1, 9, 0, 39, 26.44
0, 14097, 100, 79, 120.91
1, 9, 0, 39, 26.66
0, 14097, 100, 79, 137.44
1, 9, 0, 39, 26.65
0, 14097, 100, 79, 109.59
1, 9, 0, 39, 26.43
0, 14097, 100, 79, 119.69
1, 9, 0, 39, 26.66
0, 14097, 100, 79, 121.56
1, 9, 0, 39, 26.66
0, 14097, 100, 79, 127.28
1, 9, 0, 39, 26.65
0, 14097, 100, 79, 114.41
1, 9, 0, 39, 26.43
0, 14097, 100, 79, 118.50
1, 9, 0, 39, 26.66
0, 14097, 100, 79, 143.67
1, 9, 0, 39, 26.64
0, 14097, 100, 79, 108.21
1, 9, 0, 39, 26.45
0, 14097, 100, 79, 118.25
1, 9, 0, 39, 26.66
0, 14097, 100, 79, 122.27
1, 9, 0, 39, 26.66
0, 14097, 100, 79, 129.20
1, 9, 0, 39, 26.41
0, 14097, 100, 79, 107.79
1, 9, 0, 39, 26.45
0, 14097, 100, 79, 118.26
1, 9, 0, 39, 26.42
0, 14097, 100, 79, 116.08
1, 9, 0, 39, 26.42
0, 14097, 100, 79, 127.76
1, 9, 0, 39, 26.66
0, 14097, 100, 79, 113.26
1, 9, 0, 39, 26.67
0, 14097, 100, 79, 120.59
1, 9, 0, 39, 26.42
0, 14097, 100, 79, 119.87
1, 9, 0, 39, 26.64
0, 14097, 100, 79, 127.69
1, 9, 0, 39, 26.43
0, 14097, 100, 79, 115.20
1, 9, 0, 39, 26.68
0, 14097, 100, 79, 120.11
1, 9, 0, 39, 26.66
0, 14097, 100, 79, 129.58
1, 9, 0, 39, 26.65
0, 14097, 100, 79, 132.09
1, 9, 0, 39, 26.42
0, 14097, 100, 79, 120.35
1, 9, 0, 39, 26.66
0, 14097, 100, 79, 119.62
1, 9, 0, 39, 26.66
0, 14097, 100, 79, 105.55
1, 9, 0, 39, 26.45
0, 14097, 100, 79, 131.61
1, 9, 0, 39, 26.66
0, 14097, 100, 79, 114.15
1, 9, 0, 39, 26.42
0, 14097, 100, 79, 119.87
1, 9, 0, 39, 26.66
0, 14097, 100, 79, 105.62
1, 9, 0, 39, 26.45
0, 14097, 100, 79, 88.41
1, 9, 0, 39, 26.46
0, 14097, 100, 79, 131.13
1, 9, 0, 39, 26.65
0, 14097, 100, 79, 120.86
1, 9, 0, 39, 26.42
0, 14097, 100, 79, 101.34
1, 9, 0, 39, 26.45
0, 14097, 100, 79, 107.97
1, 9, 0, 39, 26.43
0, 14097, 100, 79, 109.18
1, 9, 0, 39, 26.43
0, 14097, 100, 79, 108.45
1, 9, 0, 39, 26.43
0, 14097, 100, 79, 114.90
1, 9, 0, 39, 26.42
0, 14097, 100, 79, 135.38
1, 9, 0, 39, 26.40
0, 14097, 100, 79, 123.26
1, 9, 0, 39, 26.42
0, 14097, 100, 79, 109.90
1, 9, 0, 39, 26.44
0, 14097, 100, 79, 113.99
1, 9, 0, 39, 26.44
0, 14097, 100, 79, 115.60
1, 9, 0, 39, 26.42
0, 14097, 100, 79, 139.54
1, 9, 0, 39, 26.40
0, 14097, 100, 79, 131.14
1, 9, 0, 39, 26.42
0, 14097, 100, 79, 111.57
1, 9, 0, 39, 26.43
0, 14097, 100, 79, 114.88
1, 9, 0, 39, 26.42
0, 14097, 100, 79, 118.90
1, 9, 0, 39, 26.42
0, 14097, 100, 79, 99.41
1, 9, 0, 39, 26.42
0, 14097, 100, 79, 127.76
1, 9, 0, 39, 26.40
0, 14097, 100, 79, 107.97
1, 9, 0, 39, 26.45
0, 14097, 100, 79, 113.75
1, 9, 0, 39, 26.44
0, 14097, 100, 79, 117.76
1, 9, 0, 39, 26.42
0, 14097, 100, 79, 113.45
1, 9, 0, 39, 26.43
0, 14097, 100, 79, 142.72
1, 9, 0, 39, 26.63
0, 14097, 100, 79, 128.73
1, 9, 0, 39, 26.42
0, 14097, 100, 79, 108.93
1, 9, 0, 39, 26.43
0, 14097, 100, 79, 114.64
1, 9, 0, 39, 26.42
0, 14097, 100, 79, 118.25
1, 9, 0, 39, 26.66
0, 14097, 100, 79, 118.50
1, 9, 0, 39, 26.67
0, 14097, 100, 79, 138.87
1, 9, 0, 39, 26.64
0, 14097, 100, 79, 112.00
1, 9, 0, 39, 26.43
0, 14097, 100, 79, 111.57
1, 9, 0, 39, 26.43
0, 14097, 100, 79, 114.90
1, 9, 0, 39, 26.44
0, 14097, 100, 79, 119.21
1, 9, 0, 39, 26.42
0, 14097, 100, 79, 98.44
1, 9, 0, 39, 26.45
0, 14097, 100, 79, 130.34
1, 9, 0, 39, 26.42
0, 14097, 100, 79, 107.00
1, 9, 0, 39, 26.45
0, 14097, 100, 79, 109.16
1, 9, 0, 39, 26.44
0, 14097, 100, 79, 114.15
1, 9, 0, 39, 26.42
0, 14097, 100, 79, 119.45
1, 9, 0, 39, 26.42
0, 14097, 100, 79, 113.69
1, 9, 0, 39, 26.43
0, 14097, 100, 78, 139.38
1, 9, 0, 39, 26.64
0, 14097, 100, 79, 130.34
1, 9, 0, 39, 26.42
0, 14097, 100, 79, 107.79
1, 9, 0, 39, 26.45
0, 14097, 100, 79, 114.64
1, 9, 0, 39, 26.42
0, 14097, 100, 79, 119.38
1, 9, 0, 39, 26.42
0, 14097, 100, 79, 114.47
1, 9, 0, 39, 26.44
0, 14097, 100, 79, 113.50
1, 9, 0, 39, 26.44
0, 14097, 100, 79, 140.56
1, 9, 0, 39, 26.40
0, 14097, 100, 79, 132.80
1, 9, 0, 39, 26.40
0, 14097, 100, 79, 106.83
1, 9, 0, 39, 26.45
0, 14097, 100, 79, 113.21
1, 9, 0, 39, 26.42
0, 14097, 100, 79, 114.41
1, 9, 0, 39, 26.42
0, 14097, 100, 79, 119.45
1, 9, 0, 39, 26.42
0, 14097, 100, 79, 119.95
1, 9, 0, 39, 26.42
0, 14097, 100, 79, 100.01
1, 9, 0, 39, 26.42
0, 14097, 100, 79, 133.45
1, 9, 0, 39, 26.42
0, 14097, 100, 79, 122.00
1, 9, 0, 39, 26.43
0, 14097, 100, 79, 110.14
1, 9, 0, 39, 26.44
0, 14097, 100, 79, 114.41
1, 9, 0, 39, 26.43
0, 14097, 100, 79, 115.12
1, 9, 0, 39, 26.42
0, 14097, 100, 79, 119.95
1, 9, 0, 39, 26.42
0, 14097, 100, 79, 114.66
1, 9, 0, 39, 26.42
0, 14097, 100, 79, 111.76
1, 9, 0, 39, 26.64
0, 14097, 100, 79, 133.78
1, 9, 0, 39, 26.41
0, 14097, 100, 79, 131.14
1, 9, 0, 39, 26.40
0, 14097, 100, 79, 105.32
1, 9, 0, 39, 26.45
0, 14097, 100, 79, 113.67
1, 9, 0, 39, 26.42
0, 14097, 100, 79, 113.91
1, 9, 0, 39, 26.42
0, 14097, 100, 79, 120.83
1, 9, 0, 39, 26.67
0, 14097, 100, 79, 114.39
1, 9, 0, 39, 26.43
0, 14097, 100, 79, 114.66
1, 9, 0, 39, 26.42
0, 14097, 100, 79, 118.21
1, 9, 0, 39, 26.40
0, 14097, 100, 79, 138.01
1, 9, 0, 39, 26.64
0, 14097, 100, 79, 129.62
1, 9, 0, 39, 26.41
0, 14097, 100, 79, 104.41
1, 9, 0, 39, 26.45
0, 14097, 100, 79, 105.86
1, 9, 0, 39, 26.45
0, 14097, 100, 79, 112.30
1, 9, 0, 39, 26.43
0, 14097, 100, 79, 113.21
1, 9, 0, 39, 26.42
0, 14097, 100, 79, 113.69
1, 9, 0, 39, 26.43
0, 14097, 100, 79, 118.73
1, 9, 0, 39, 26.42
0, 14097, 100, 79, 120.42
1, 9, 0, 39, 26.42
0, 14097, 100, 79, 120.11
1, 9, 0, 39, 26.42
0, 14097, 100, 79, 109.42
1, 9, 0, 39, 26.45
0, 14097, 100, 78, 131.51
1, 9, 0, 39, 26.39
0, 14097, 100, 79, 145.77
1, 9, 0, 39, 26.40
0, 14097, 100, 79, 128.02
1, 9, 0, 39, 26.42
0, 14097, 100, 79, 118.52
1, 9, 0, 39, 26.43
0, 14097, 100, 79, 116.57
1, 9, 0, 39, 26.42
0, 14097, 100, 79, 122.04
1, 9, 0, 39, 26.42
0, 14097, 100, 79, 122.51
1, 9, 0, 39, 26.42
0, 14097, 100, 79, 123.23
1, 9, 0, 39, 26.42
0, 14097, 100, 79, 120.90
1, 9, 0, 39, 26.42
0, 14097, 100, 79, 118.48
1, 9, 0, 39, 26.65
0, 14097, 100, 79, 135.19
1, 9, 0, 39, 26.42
0, 14097, 100, 79, 136.59
1, 9, 0, 39, 26.42
0, 14097, 100, 79, 111.57
1, 9, 0, 39, 26.44
0, 14097, 100, 79, 121.30
1, 9, 0, 39, 26.42
0, 14097, 100, 79, 122.03
1, 9, 0, 39, 26.42
0, 14097, 100, 79, 122.76
1, 9, 0, 39, 26.42
0, 14097, 100, 79, 122.76
1, 9, 0, 39, 26.42
0, 14097, 100, 79, 117.52
1, 9, 0, 39, 26.42
0, 14097, 100, 79, 144.15
1, 9, 0, 39, 26.64
0, 14097, 100, 79, 134.81
1, 9, 0, 39, 26.42
0, 14097, 100, 79, 114.90
1, 9, 0, 39, 26.43
0, 14097, 100, 79, 113.45
1, 9, 0, 39, 26.42
0, 14097, 100, 79, 122.51
1, 9, 0, 39, 26.42
0, 14097, 100, 79, 122.52
1, 9, 0, 39, 26.42
0, 14097, 100, 79, 121.79
1, 9, 0, 39, 26.42
0, 14097, 100, 79, 123.23
1, 9, 0, 39, 26.42
0, 14097, 100, 79, 122.51
1, 9, 0, 39, 26.42
0, 14097, 100, 79, 108.45
1, 9, 0, 39, 26.45
0, 14097, 100, 79, 111.33
1, 9, 0, 39, 26.43
0, 14097, 100, 79, 111.09
1, 9, 0, 39, 26.43
0, 14097, 100, 79, 111.09
1, 9, 0, 39, 26.43
0, 14097, 100, 79, 113.75
1, 9, 0, 39, 26.44
0, 14097, 100, 79, 113.45
1, 9, 0, 39, 26.42
0, 14097, 100, 79, 109.18
1, 9, 0, 39, 26.45
0, 14097, 100, 79, 108.45
1, 9, 0, 39, 26.43
0, 14097, 100, 79, 108.70
1, 9, 0, 39, 26.45
0, 14097, 100, 79, 118.42
1, 9, 0, 39, 26.42
0, 14097, 100, 79, 115.12
1, 9, 0, 39, 26.42
0, 14097, 100, 79, 117.29
1, 9, 0, 39, 26.42
0, 14097, 100, 79, 115.12
1, 9, 0, 39, 26.42
0, 14097, 100, 79, 114.15
1, 9, 0, 39, 26.42
0, 14097, 100, 79, 119.38
1, 9, 0, 39, 26.42
0, 14097, 100, 79, 119.62
1, 9, 0, 39, 26.42
0, 14097, 100, 79, 122.52
1, 9, 0, 39, 26.42
0, 14097, 100, 79, 102.00
1, 9, 0, 39, 26.41
0, 14097, 100, 79, 150.07
1, 9, 0, 39, 26.63
0, 14097, 100, 79, 148.25
1, 9, 0, 39, 26.62
0, 14097, 100, 79, 127.76
1, 9, 0, 39, 26.42
0, 14097, 100, 79, 120.45
1, 9, 0, 39, 26.43
0, 14097, 100, 79, 109.64
1, 9, 0, 39, 26.43
0, 14097, 100, 79, 113.75
1, 9, 0, 39, 26.42
0, 14097, 100, 79, 120.42
1, 9, 0, 39, 26.42
0, 14097, 100, 79, 121.56
1, 9, 0, 39, 26.42
0, 14097, 100, 79, 122.75
1, 9, 0, 39, 26.42
0, 14097, 100, 79, 122.04
1, 9, 0, 39, 26.42
0, 14097, 100, 79, 123.24
1, 9, 0, 39, 26.42
0, 14097, 100, 79, 106.77
1, 9, 0, 39, 26.45
0, 14097, 100, 79, 106.29
1, 9, 0, 39, 26.43
0, 14097, 100, 79, 100.80
1, 9, 0, 39, 26.45
0, 14097, 100, 79, 98.19
1, 9, 0, 39, 26.45
0, 14097, 100, 79, 122.25
1, 9, 0, 39, 26.42
0, 14097, 100, 79, 125.18
1, 9, 0, 39, 26.42
0, 14097, 100, 79, 131.83
1, 9, 0, 39, 26.42
0, 14097, 100, 79, 130.58
1, 9, 0, 39, 26.42
0, 14097, 100, 79, 125.59
1, 9, 0, 39, 26.41
0, 14097, 100, 79, 123.03
1, 9, 0, 38, 26.42
0, 14097, 100, 79, 139.38
1, 9, 0, 39, 26.66
0, 14097, 100, 79, 130.00
1, 9, 0, 38, 26.42
0, 14097, 100, 79, 138.75
1, 9, 0, 38, 26.42
0, 14097, 100, 79, 137.78
1, 9, 0, 39, 26.40
0, 14097, 100, 79, 85.25
1, 9, 0, 39, 26.45
0, 14097, 100, 79, 117.07
1, 9, 0, 39, 26.66
0, 14097, 100, 79, 97.23
1, 9, 0, 38, 26.69
0, 14097, 100, 79, 100.31
1, 9, 0, 39, 26.46
0, 14097, 100, 79, 105.61
1, 9, 0, 38, 26.45
0, 14097, 100, 79, 113.02
1, 9, 0, 39, 26.43
0, 14097, 100, 79, 114.41
1, 9, 0, 39, 26.42
0, 14097, 100, 79, 114.15
1, 9, 0, 39, 26.43
0, 14097, 100, 79, 114.66
1, 9, 0, 38, 26.42
0, 14097, 100, 79, 114.95
1, 9, 0, 39, 26.44
0, 14097, 100, 79, 114.15
1, 9, 0, 39, 26.43
0, 14097, 100, 79, 114.66
1, 9, 0, 38, 26.42
0, 14097, 100, 79, 119.87
1, 9, 0, 38, 26.42
0, 14097, 100, 79, 119.22
1, 9, 0, 38, 26.44
0, 14097, 100, 79, 114.39
1, 9, 0, 38, 26.42
0, 14097, 100, 79, 114.64
1, 9, 0, 39, 26.42
0, 14097, 100, 79, 114.66
1, 9, 0, 39, 26.42
0, 14097, 100, 79, 114.17
1, 9, 0, 39, 26.43
0, 14097, 100, 79, 113.69
1, 9, 0, 38, 26.43
0, 14097, 100, 79, 112.47
1, 9, 0, 39, 26.43
0, 14097, 100, 79, 111.57
1, 9, 0, 39, 26.43
0, 14097, 100, 79, 104.17
1, 9, 0, 39, 26.45
0, 14097, 100, 79, 104.60
1, 9, 0, 39, 26.45
0, 14097, 100, 79, 119.33
1, 9, 0, 39, 26.43
0, 14097, 100, 79, 126.08
1, 9, 0, 38, 26.42
0, 14097, 100, 79, 133.46
1, 9, 0, 39, 26.40
0, 14097, 100, 79, 137.06
1, 9, 0, 38, 26.40
0, 14097, 100, 79, 140.66
1, 9, 0, 38, 26.64
0, 14097, 100, 78, 130.14
1, 9, 0, 38, 26.64
0, 14097, 100, 79, 103.93
1, 9, 0, 38, 26.45
0, 14097, 100, 79, 114.23
1, 9, 0, 38, 26.44
0, 14097, 100, 79, 113.21
1, 9, 0, 38, 26.43
0, 14097, 100, 79, 115.36
1, 9, 0, 38, 26.42
0, 14097, 100, 79, 120.43
1, 9, 0, 39, 26.42
0, 14097, 100, 79, 114.95
1, 9, 0, 39, 26.43
0, 14097, 100, 79, 113.91
1, 9, 0, 38, 26.42
0, 14097, 100, 79, 114.39
1, 9, 0, 38, 26.42
0, 14097, 100, 79, 113.50
1, 9, 0, 38, 26.44
0, 14097, 100, 79, 113.26
1, 9, 0, 38, 26.44
0, 14097, 100, 78, 112.30
1, 9, 0, 38, 26.43
0, 14097, 100, 79, 108.21
1, 9, 0, 38, 26.45
0, 14097, 100, 79, 111.36
1, 9, 0, 38, 26.45
0, 14097, 100, 79, 113.52
1, 9, 0, 38, 26.45
0, 14097, 100, 79, 120.20
1, 9, 0, 38, 26.43
0, 14097, 100, 79, 121.64
1, 9, 0, 38, 26.43
0, 14097, 100, 79, 131.62
1, 9, 0, 38, 26.42
0, 14097, 100, 79, 130.82
1, 9, 0, 38, 26.42
0, 14097, 100, 79, 132.80
1, 9, 0, 38, 26.40
0, 14097, 100, 79, 136.34
1, 9, 0, 38, 26.42
0, 14097, 100, 79, 148.40
1, 9, 0, 38, 26.64
0, 14097, 100, 79, 140.72
1, 9, 0, 39, 26.64
0, 14097, 100, 79, 150.44
1, 9, 0, 38, 26.39
0, 14097, 100, 79, 142.57
1, 9, 0, 38, 26.64
0, 14097, 100, 79, 137.34
1, 9, 0, 38, 26.39
0, 14097, 100, 79, 122.59
1, 9, 0, 39, 26.44
0, 14097, 100, 79, 123.47
1, 9, 0, 39, 26.42
0, 14097, 100, 79, 122.04
1, 9, 0, 38, 26.42
0, 14097, 100, 79, 122.28
1, 9, 0, 38, 26.42
0, 14097, 100, 79, 121.80
1, 9, 0, 38, 26.42
0, 14097, 100, 79, 122.99
1, 9, 0, 38, 26.42
0, 14097, 100, 79, 122.04
1, 9, 0, 38, 26.42
0, 14097, 100, 79, 121.31
1, 9, 0, 38, 26.42
0, 14097, 100, 79, 126.36
1, 9, 0, 39, 26.42
0, 14097, 100, 79, 122.27
1, 9, 0, 38, 26.42
0, 14097, 100, 79, 122.99
1, 9, 0, 38, 26.42
0, 14097, 100, 79, 121.80
1, 9, 0, 38, 26.42
0, 14097, 100, 79, 121.62
1, 9, 0, 38, 26.42
0, 14097, 100, 80, 121.07
1, 9, 0, 38, 26.42
0, 14097, 100, 79, 99.35
1, 9, 0, 38, 26.45
0, 14097, 100, 79, 120.93
1, 9, 0, 38, 26.43
0, 14097, 100, 79, 106.11
1, 9, 0, 38, 26.45
0, 14097, 100, 79, 107.25
1, 9, 0, 38, 26.45
0, 14097, 100, 79, 107.00
1, 9, 0, 38, 26.45
0, 14097, 100, 79, 102.00
1, 9, 0, 38, 26.45
0, 14097, 100, 79, 121.35
1, 9, 0, 38, 26.43
0, 14097, 100, 78, 131.14
1, 9, 0, 38, 26.42
0, 14097, 100, 79, 114.88
1, 9, 0, 38, 26.44
0, 14097, 100, 79, 115.12
1, 9, 0, 38, 26.42
0, 14097, 100, 79, 116.57
1, 9, 0, 38, 26.42
0, 14097, 100, 79, 121.14
1, 9, 0, 38, 26.42
0, 14097, 100, 79, 114.66
1, 9, 0, 38, 26.42
0, 14097, 100, 79, 114.88
1, 9, 0, 38, 26.42
0, 14097, 100, 79, 109.18
1, 9, 0, 38, 26.43
0, 14097, 100, 79, 111.11
1, 9, 0, 38, 26.45
0, 14097, 100, 79, 128.17
1, 9, 0, 38, 26.42
0, 14097, 100, 79, 143.33
1, 9, 0, 38, 26.15
0, 14097, 100, 79, 114.41
1, 9, 0, 38, 26.43
0, 14097, 100, 79, 115.38
1, 9, 0, 38, 26.43
0, 14097, 100, 79, 119.95
1, 9, 0, 38, 26.42
0, 14097, 100, 79, 120.11
1, 9, 0, 38, 26.42
0, 14097, 100, 79, 113.67
1, 9, 0, 38, 26.43
0, 14097, 100, 79, 112.30
1, 9, 0, 38, 26.44
0, 14097, 100, 79, 106.77
1, 9, 0, 38, 26.45
0, 14097, 100, 79, 126.40
1, 9, 0, 38, 26.42
0, 14097, 100, 79, 143.21
1, 9, 0, 38, 26.40
0, 14097, 100, 79, 99.11
1, 9, 0, 38, 26.45
0, 14097, 100, 79, 121.31
1, 9, 0, 38, 26.42
0, 14097, 100, 79, 121.31
1, 9, 0, 38, 26.42
0, 14097, 100, 79, 121.56
1, 9, 0, 38, 26.42
0, 14097, 100, 79, 114.17
1, 9, 0, 38, 26.43
0, 14097, 100, 79, 113.69
1, 9, 0, 38, 26.44
0, 14097, 100, 79, 107.24
1, 9, 0, 38, 26.43
0, 14097, 100, 79, 126.57
1, 9, 0, 38, 26.42
0, 14097, 100, 79, 138.64
1, 9, 0, 38, 26.40
0, 14097, 100, 79, 121.31
1, 9, 0, 38, 26.42
0, 14097, 100, 79, 114.47
1, 9, 0, 38, 26.44
0, 14097, 100, 79, 121.07
1, 9, 0, 38, 26.42
0, 14097, 100, 79, 120.59
1, 9, 0, 38, 26.42
0, 14097, 100, 79, 113.99
1, 9, 0, 38, 26.43
0, 14097, 100, 79, 107.07
1, 9, 0, 38, 26.45
0, 14097, 100, 79, 130.64
1, 9, 0, 38, 26.40
0, 14097, 100, 79, 140.81
1, 9, 0, 38, 26.40
0, 14097, 100, 79, 103.21
1, 9, 0, 38, 26.45
0, 14097, 100, 79, 119.95
1, 9, 0, 38, 26.42
0, 14097, 100, 79, 121.80
1, 9, 0, 38, 26.42
0, 14097, 100, 79, 120.35
1, 9, 0, 38, 26.42
0, 14097, 100, 79, 115.12
1, 9, 0, 38, 26.42
0, 14097, 100, 79, 111.09
1, 9, 0, 38, 26.44
0, 14097, 100, 79, 129.60
1, 9, 0, 38, 26.42
0, 14097, 100, 79, 142.66
1, 9, 0, 38, 26.40
0, 14097, 100, 79, 106.51
1, 9, 0, 38, 26.45
0, 14097, 100, 79, 121.31
1, 9, 0, 38, 26.42
0, 14097, 100, 79, 121.31
1, 9, 0, 38, 26.42
0, 14097, 100, 79, 114.39
1, 9, 0, 38, 26.42
0, 14097, 100, 79, 109.40
1, 9, 0, 38, 26.44
0, 14097, 100, 79, 131.14
1, 9, 0, 38, 26.42
0, 14097, 100, 79, 145.09
1, 9, 0, 38, 26.39
0, 14097, 100, 79, 113.91
1, 9, 0, 38, 26.42
0, 14097, 100, 79, 114.17
1, 9, 0, 38, 26.43
0, 14097, 100, 79, 120.59
1, 9, 0, 38, 26.42
0, 14097, 100, 79, 114.41
1, 9, 0, 38, 26.44
0, 14097, 100, 79, 112.97
1, 9, 0, 38, 26.43
0, 14097, 100, 79, 112.07
1, 9, 0, 38, 26.43
0, 14097, 100, 79, 147.68
1, 9, 0, 38, 26.40
0, 14097, 100, 79, 120.66
1, 9, 0, 38, 26.42
0, 14097, 100, 79, 115.38
1, 9, 0, 38, 26.43
0, 14097, 100, 79, 120.35
1, 9, 0, 38, 26.42
0, 14097, 100, 79, 114.39
1, 9, 0, 38, 26.42
0, 14097, 100, 79, 105.56
1, 9, 0, 38, 26.45
0, 14097, 100, 79, 134.41
1, 9, 0, 38, 26.40
0, 14097, 100, 79, 101.27
1, 9, 0, 38, 26.45
0, 14097, 100, 79, 114.39
1, 9, 0, 38, 26.42
0, 14097, 100, 79, 119.45
1, 9, 0, 38, 26.42
0, 14097, 100, 79, 113.75
1, 9, 0, 38, 26.44
0, 14097, 100, 79, 107.73
1, 9, 0, 38, 26.45
0, 14097, 100, 79, 133.94
1, 9, 0, 38, 26.40
0, 14097, 100, 79, 109.88
1, 9, 0, 38, 26.45
0, 14097, 100, 79, 115.12
1, 9, 0, 38, 26.42
0, 14097, 100, 79, 120.66
1, 9, 0, 38, 26.42
0, 14097, 100, 79, 115.36
1, 9, 0, 38, 26.42
0, 14097, 100, 79, 112.23
1, 9, 0, 38, 26.43
0, 14097, 100, 79, 130.34
1, 9, 0, 38, 26.42
0, 14097, 100, 79, 123.18
1, 9, 0, 38, 26.15
0, 14097, 100, 79, 114.88
1, 9, 0, 38, 26.42
0, 14097, 100, 79, 119.38
1, 9, 0, 38, 26.42
0, 14097, 100, 79, 114.88
1, 9, 0, 38, 26.42
0, 14097, 100, 79, 106.28
1, 9, 0, 38, 26.43
0, 14097, 100, 79, 131.05
1, 9, 0, 38, 26.41
0, 14097, 100, 79, 108.21
1, 9, 0, 38, 26.45
0, 14097, 100, 79, 115.36
1, 9, 0, 38, 26.42
0, 14097, 100, 79, 123.48
1, 9, 0, 38, 26.42
0, 14097, 100, 79, 122.28
1, 9, 0, 38, 26.42
0, 14097, 100, 79, 121.56
1, 9, 0, 38, 26.42
0, 14097, 100, 79, 113.93
1, 9, 0, 38, 26.43
0, 14097, 100, 79, 153.65
1, 9, 0, 38, 26.39
0, 14097, 100, 79, 121.31
1, 9, 0, 38, 26.42
0, 14097, 100, 79, 121.56
1, 9, 0, 38, 26.42
0, 14097, 100, 79, 124.44
1, 9, 0, 38, 26.42
0, 14097, 100, 79, 122.99
1, 9, 0, 38, 26.42
0, 14097, 100, 79, 119.95
1, 9, 0, 38, 26.42
0, 14097, 100, 79, 117.31
1, 9, 0, 38, 26.43
0, 14097, 100, 79, 137.06
1, 9, 0, 38, 26.40
0, 14097, 100, 80, 116.33
1, 9, 0, 38, 26.43
0, 14097, 100, 78, 97.48
1, 9, 0, 38, 26.21
0, 14097, 100, 78, 136.72
1, 9, 0, 38, 26.40
0, 14097, 100, 78, 107.00
1, 9, 0, 38, 26.45
0, 14097, 100, 79, 108.45
1, 9, 0, 38, 26.43
0, 14097, 100, 79, 105.79
1, 9, 0, 38, 26.43
0, 14097, 100, 79, 145.13
1, 9, 0, 38, 26.15
0, 14097, 100, 79, 115.92
1, 9, 0, 38, 26.44
0, 14097, 100, 79, 109.18
1, 9, 0, 38, 26.43
0, 14097, 100, 79, 109.18
1, 9, 0, 38, 26.43
0, 14097, 100, 79, 147.21
1, 9, 0, 38, 26.42
0, 14097, 100, 79, 115.38
1, 9, 0, 38, 26.43
0, 14097, 100, 79, 114.41
1, 9, 0, 38, 26.43
0, 14097, 100, 79, 113.67
1, 9, 0, 38, 26.43
0, 14097, 100, 79, 105.08
1, 9, 0, 38, 26.45
0, 14097, 100, 79, 152.48
1, 9, 0, 38, 26.62
0, 14097, 100, 79, 122.28
1, 9, 0, 38, 26.42
0, 14097, 100, 79, 126.29
1, 9, 0, 38, 26.42
0, 14097, 100, 79, 123.23
1, 9, 0, 38, 26.42
0, 14097, 100, 79, 119.95
1, 9, 0, 38, 26.42
0, 14097, 100, 79, 124.22
1, 9, 0, 38, 26.19
0, 14097, 100, 79, 143.60
1, 9, 0, 38, 26.15
0, 14097, 100, 79, 122.99
1, 9, 0, 38, 26.42
0, 14097, 100, 79, 125.16
1, 9, 0, 38, 26.42
0, 14097, 100, 79, 121.31
1, 9, 0, 38, 26.42
0, 14097, 100, 79, 119.38
1, 9, 0, 38, 26.42
0, 14097, 100, 79, 121.98
1, 9, 0, 38, 26.43
0, 14097, 100, 79, 149.35
1, 9, 0, 38, 26.39
0, 14097, 100, 79, 121.62
1, 9, 0, 38, 26.42
0, 14097, 100, 79, 123.23
1, 9, 0, 38, 26.42
0, 14097, 100, 79, 122.75
1, 9, 0, 38, 26.42
0, 14097, 100, 79, 120.83
1, 9, 0, 38, 26.42
0, 14097, 100, 79, 135.38
1, 9, 0, 38, 26.41
0, 14097, 100, 79, 126.05
1, 9, 0, 38, 26.39
0, 14097, 100, 79, 109.90
1, 9, 0, 38, 26.43
0, 14097, 100, 79, 110.14
1, 9, 0, 38, 26.43
0, 14097, 100, 79, 101.76
1, 9, 0, 38, 26.45
0, 14097, 100, 79, 93.42
1, 9, 0, 38, 26.22
0, 14097, 100, 79, 115.12
1, 9, 0, 38, 26.42
0, 14097, 100, 79, 108.45
1, 9, 0, 38, 26.43
0, 14097, 100, 79, 125.83
1, 9, 0, 38, 26.41
0, 14097, 100, 79, 116.08
1, 9, 0, 38, 26.18
0, 14097, 100, 79, 114.41
1, 9, 0, 38, 26.44
0, 14097, 100, 79, 109.42
1, 9, 0, 38, 26.45
0, 14097, 100, 79, 126.56
1, 9, 0, 38, 26.17
0, 14097, 100, 79, 110.14
1, 9, 0, 38, 26.45
0, 14097, 100, 79, 114.47
1, 9, 0, 38, 26.44
0, 14097, 100, 79, 104.84
1, 9, 0, 38, 26.43
0, 14097, 100, 79, 131.52
1, 9, 0, 38, 26.40
0, 14097, 100, 79, 115.60
1, 9, 0, 38, 26.42
0, 14097, 100, 79, 114.41
1, 9, 0, 38, 26.42
0, 14097, 100, 79, 107.07
1, 9, 0, 38, 26.45
0, 14097, 100, 79, 142.81
1, 9, 0, 38, 26.39
0, 14097, 100, 79, 120.35
1, 9, 0, 38, 26.42
0, 14097, 100, 79, 120.83
1, 9, 0, 38, 26.42
0, 14097, 100, 79, 109.42
1, 9, 0, 38, 26.45
0, 14097, 100, 79, 132.01
1, 9, 0, 38, 26.42
0, 14097, 100, 79, 120.35
1, 9, 0, 38, 26.42
0, 14097, 100, 79, 115.12
1, 9, 0, 38, 26.42
0, 14097, 100, 79, 113.45
1, 9, 0, 38, 26.42
0, 14097, 100, 79, 125.93
1, 9, 0, 38, 26.42
0, 14097, 100, 79, 119.69
1, 9, 0, 38, 26.42
0, 14097, 100, 79, 119.87
1, 9, 0, 38, 26.42
0, 14097, 100, 79, 114.39
1, 9, 0, 38, 26.42
0, 14097, 100, 79, 126.33
1, 9, 0, 38, 26.42
0, 14097, 100, 79, 118.50
1, 9, 0, 38, 26.42
0, 14097, 100, 79, 119.38
1, 9, 0, 38, 26.42
0, 14097, 100, 79, 114.90
1, 9, 0, 38, 26.42
0, 14097, 100, 79, 107.01
1, 9, 0, 38, 26.45
0, 14097, 100, 79, 101.76
1, 9, 0, 38, 26.45
0, 14097, 100, 79, 113.26
1, 9, 0, 38, 26.44
0, 14097, 100, 79, 114.88
1, 9, 0, 38, 26.42
0, 14097, 100, 79, 112.01
1, 9, 0, 38, 26.45
0, 14097, 100, 79, 99.11
1, 9, 0, 38, 26.19
0, 14097, 100, 79, 120.18
1, 9, 0, 38, 26.42
0, 14097, 100, 79, 114.15
1, 9, 0, 38, 26.43
0, 14097, 100, 79, 109.42
1, 9, 0, 38, 26.45
0, 14097, 100, 79, 104.17
1, 9, 0, 38, 26.45
0, 14097, 100, 79, 113.99
1, 9, 0, 38, 26.43
0, 14097, 100, 79, 114.47
1, 9, 0, 38, 26.43
0, 14097, 100, 79, 130.88
1, 9, 0, 38, 26.41
0, 14097, 100, 79, 120.35
1, 9, 0, 38, 26.42
0, 14097, 100, 79, 119.62
1, 9, 0, 38, 26.42
0, 14097, 100, 79, 112.54
1, 9, 0, 38, 26.44
0, 14097, 100, 79, 136.81
1, 9, 0, 38, 26.42
0, 14097, 100, 79, 120.11
1, 9, 0, 38, 26.42
0, 14097, 100, 79, 120.59
1, 9, 0, 38, 26.42
0, 14097, 100, 79, 109.90
1, 9, 0, 38, 26.45
0, 14097, 100, 79, 146.80
1, 9, 0, 38, 26.39
0, 14097, 100, 79, 120.59
1, 9, 0, 38, 26.42
0, 14097, 100, 79, 116.08
1, 9, 0, 38, 26.42
0, 14097, 100, 79, 106.04
1, 9, 0, 38, 26.45
0, 14097, 100, 79, 113.50
1, 9, 0, 38, 26.45
0, 14097, 100, 79, 120.90
1, 9, 0, 38, 26.42
0, 14097, 100, 79, 114.88
1, 9, 0, 38, 26.42
0, 14097, 100, 79, 133.22
1, 9, 0, 38, 26.40
0, 14097, 100, 79, 121.07
1, 9, 0, 38, 26.42
0, 14097, 100, 79, 119.46
1, 9, 0, 38, 26.42
0, 14097, 100, 79, 108.69
1, 9, 0, 38, 26.43
0, 14097, 100, 79, 135.60
1, 9, 0, 38, 26.41
0, 14097, 100, 79, 115.12
1, 9, 0, 38, 26.43
0, 14097, 100, 79, 113.99
1, 9, 0, 38, 26.44
0, 14097, 100, 79, 123.38
1, 9, 0, 38, 26.45
0, 14097, 100, 79, 118.74
1, 9, 0, 38, 26.42
0, 14097, 100, 79, 122.04
1, 9, 0, 38, 26.42
0, 14097, 100, 79, 114.17
1, 9, 0, 38, 26.43
0, 14097, 100, 79, 130.64
1, 9, 0, 38, 26.42
0, 14097, 100, 79, 114.41
1, 9, 0, 38, 26.43
0, 14097, 100, 79, 120.83
1, 9, 0, 38, 26.42
0, 14097, 100, 79, 106.53
1, 9, 0, 38, 26.45
0, 14097, 100, 79, 102.48
1, 9, 0, 38, 26.43
0, 14097, 100, 79, 122.04
1, 9, 0, 38, 26.42
0, 14097, 100, 79, 114.39
1, 9, 0, 38, 26.42
0, 14097, 100, 79, 132.02
1, 9, 0, 38, 26.40
0, 14097, 100, 79, 115.60
1, 9, 0, 38, 26.42
0, 14097, 100, 79, 119.22
1, 9, 0, 38, 26.42
0, 14097, 100, 79, 104.41
1, 9, 0, 38, 26.45
0, 14097, 100, 79, 114.88
1, 9, 0, 38, 26.45
0, 14097, 100, 79, 111.11
1, 9, 0, 38, 26.43
0, 14097, 100, 79, 114.17
1, 9, 0, 38, 26.42
0, 14097, 100, 79, 140.83
1, 9, 0, 38, 26.42
0, 14097, 100, 79, 114.71
1, 9, 0, 38, 26.44
0, 14097, 100, 79, 120.59
1, 9, 0, 38, 26.42
0, 14097, 100, 79, 106.59
1, 9, 0, 38, 26.45
0, 14097, 100, 79, 118.50
1, 9, 0, 38, 26.42
0, 14097, 100, 79, 120.83
1, 9, 0, 38, 26.42
0, 14097, 100, 79, 112.54
1, 9, 0, 38, 26.43
0, 14097, 100, 79, 150.78
1, 9, 0, 38, 26.15
0, 14097, 100, 79, 113.45
1, 9, 0, 38, 26.42
0, 14097, 100, 79, 114.90
1, 9, 0, 38, 26.44
0, 14097, 100, 79, 127.52
1, 9, 0, 38, 26.42
0, 14097, 100, 79, 121.31
1, 9, 0, 38, 26.42
0, 14097, 100, 79, 117.05
1, 9, 0, 38, 26.42
0, 14097, 100, 79, 106.53
1, 9, 0, 38, 26.45
0, 14097, 100, 79, 106.59
1, 9, 0, 38, 26.45
0, 14097, 100, 79, 122.11
1, 9, 0, 38, 26.42
0, 14097, 100, 79, 121.80
1, 9, 0, 38, 26.42
0, 14097, 100, 79, 134.10
1, 9, 0, 38, 26.42
0, 14097, 100, 79, 122.51
1, 9, 0, 38, 26.42
0, 14097, 100, 79, 124.92
1, 9, 0, 38, 26.42
0, 14097, 100, 79, 120.59
1, 9, 0, 38, 26.42
0, 14097, 100, 79, 141.06
1, 9, 0, 38, 26.41
0, 14097, 100, 79, 121.07
1, 9, 0, 38, 26.42
0, 14097, 100, 79, 122.52
1, 9, 0, 38, 26.42
0, 14097, 100, 79, 111.82
1, 9, 0, 38, 26.44
0, 14097, 100, 79, 133.92
1, 9, 0, 38, 26.39
0, 14097, 100, 79, 122.99
1, 9, 0, 38, 26.42
0, 14097, 100, 79, 122.04
1, 9, 0, 38, 26.42
0, 14097, 100, 79, 133.29
1, 9, 0, 38, 26.40
0, 14097, 100, 79, 121.80
1, 9, 0, 38, 26.42
0, 14097, 100, 79, 123.23
1, 9, 0, 38, 26.42
0, 14097, 100, 79, 118.01
1, 9, 0, 38, 26.42
0, 14097, 100, 79, 99.59
1, 9, 0, 38, 26.43
0, 14097, 100, 79, 123.24
1, 9, 0, 38, 26.42
0, 14097, 100, 79, 112.97
1, 9, 0, 38, 26.43
0, 14097, 100, 79, 131.37
1, 9, 0, 38, 26.42
0, 14097, 100, 79, 114.88
1, 9, 0, 38, 26.42
0, 14097, 100, 79, 113.50
1, 9, 0, 38, 26.44
0, 14097, 100, 79, 142.76
1, 9, 0, 38, 26.42
0, 14097, 100, 79, 113.93
1, 9, 0, 38, 26.43
0, 14097, 100, 79, 113.69
1, 9, 0, 38, 26.43
0, 14097, 100, 79, 132.81
1, 9, 0, 38, 26.41
0, 14097, 100, 79, 114.71
1, 9, 0, 38, 26.20
0, 14097, 100, 79, 113.50
1, 9, 0, 38, 26.43
0, 14097, 100, 79, 146.56
1, 9, 0, 38, 26.39
0, 14097, 100, 79, 110.85
1, 9, 0, 38, 26.43
0, 14097, 100, 79, 112.30
1, 9, 0, 38, 26.43
0, 14097, 100, 79, 100.37
1, 9, 0, 38, 26.45
0, 14097, 100, 79, 118.74
1, 9, 0, 38, 26.42
0, 14097, 100, 79, 105.14
1, 9, 0, 38, 26.45
0, 14097, 100, 79, 103.21
1, 9, 0, 38, 26.45
0, 14097, 100, 79, 113.93
1, 9, 0, 38, 26.42
0, 14097, 100, 79, 103.93
1, 9, 0, 38, 26.45
0, 14097, 100, 79, 114.23
1, 9, 0, 38, 26.44
0, 14097, 100, 79, 114.88
1, 9, 0, 38, 26.42
0, 14097, 100, 79, 106.76
1, 9, 0, 38, 26.45
0, 14097, 100, 79, 113.93
1, 9, 0, 38, 26.43
0, 14097, 100, 79, 113.99
1, 9, 0, 38, 26.43
0, 14097, 100, 79, 124.00
1, 9, 0, 38, 26.41
0, 14097, 100, 79, 114.15
1, 9, 0, 38, 26.43
0, 14097, 100, 79, 115.36
1, 9, 0, 38, 26.42
0, 14097, 100, 78, 146.01
1, 9, 0, 38, 26.39
0, 14097, 100, 79, 122.28
1, 9, 0, 38, 26.42
0, 14097, 100, 79, 120.59
1, 9, 0, 38, 26.42
0, 14097, 100, 79, 132.49
1, 9, 0, 38, 26.42
0, 14097, 100, 79, 119.87
1, 9, 0, 38, 26.42
0, 14097, 100, 79, 120.90
1, 9, 0, 38, 26.42
0, 14097, 100, 79, 129.45
1, 9, 0, 38, 26.42
0, 14097, 100, 79, 121.56
1, 9, 0, 38, 26.42
0, 14097, 100, 79, 122.04
1, 9, 0, 38, 26.42
0, 14097, 100, 79, 109.42
1, 9, 0, 38, 26.43
0, 14097, 100, 79, 124.21
1, 9, 0, 38, 26.42
0, 14097, 100, 79, 120.83
1, 9, 0, 38, 26.42
0, 14097, 100, 79, 107.49
1, 9, 0, 38, 26.45
0, 14097, 100, 79, 123.23
1, 9, 0, 38, 26.42
0, 14097, 100, 79, 121.56
1, 9, 0, 38, 26.42
0, 14097, 100, 79, 109.66
1, 9, 0, 38, 26.45
0, 14097, 100, 79, 119.95
1, 9, 0, 38, 26.42
0, 14097, 100, 79, 119.38
1, 9, 0, 38, 26.42
0, 14097, 100, 79, 109.18
1, 9, 0, 38, 26.43
0, 14097, 100, 79, 118.50
1, 9, 0, 38, 26.43
0, 14097, 100, 79, 119.22
1, 9, 0, 38, 26.42
0, 14097, 100, 79, 108.93
1, 9, 0, 38, 26.43
0, 14097, 100, 79, 121.80
1, 9, 0, 38, 26.42
0, 14097, 100, 79, 121.56
1, 9, 0, 38, 26.42
0, 14097, 100, 79, 107.79
1, 9, 0, 38, 26.45
0, 14097, 100, 79, 119.95
1, 9, 0, 38, 26.42
0, 14097, 100, 79, 121.80
1, 9, 0, 38, 26.42
0, 14097, 100, 79, 108.93
1, 9, 0, 38, 26.45
0, 14097, 100, 79, 115.12
1, 9, 0, 38, 26.42
0, 14097, 100, 79, 121.07
1, 9, 0, 38, 26.42
0, 14097, 100, 79, 108.94
1, 9, 0, 38, 26.45
0, 14097, 100, 79, 119.62
1, 9, 0, 38, 26.42
0, 14097, 100, 79, 119.87
1, 9, 0, 38, 26.42
0, 14097, 100, 79, 108.93
1, 9, 0, 38, 26.43
0, 14097, 100, 79, 122.28
1, 9, 0, 38, 26.42
0, 14097, 100, 79, 120.19
1, 9, 0, 38, 26.42
0, 14097, 100, 79, 109.42
1, 9, 0, 38, 26.43
0, 14097, 100, 79, 114.90
1, 9, 0, 38, 26.43
0, 14097, 100, 79, 114.64
1, 9, 0, 38, 26.42
0, 14097, 100, 79, 128.26
1, 9, 0, 39, 26.67
0, 14097, 100, 79, 114.41
1, 9, 0, 38, 26.44
0, 14097, 100, 79, 112.97
1, 9, 0, 38, 26.43
0, 14097, 100, 79, 129.42
1, 9, 0, 38, 26.40
0, 14097, 100, 79, 113.69
1, 9, 0, 38, 26.42
0, 14097, 100, 79, 107.07
1, 9, 0, 38, 26.45
0, 14097, 100, 79, 114.23
1, 9, 0, 38, 26.44
0, 14097, 100, 79, 115.38
1, 9, 0, 38, 26.43
0, 14097, 100, 79, 134.66
1, 9, 0, 38, 26.40
0, 14097, 100, 79, 110.38
1, 9, 0, 38, 26.43
0, 14097, 100, 79, 107.54
1, 9, 0, 38, 26.45
0, 14097, 100, 79, 120.67
1, 9, 0, 38, 26.42
0, 14097, 100, 79, 115.12
1, 9, 0, 38, 26.42
0, 14097, 100, 79, 130.65
1, 9, 0, 38, 26.42
0, 14097, 100, 79, 114.17
1, 9, 0, 38, 26.43
0, 14097, 100, 79, 113.75
1, 9, 0, 38, 26.44
0, 14097, 100, 79, 121.37
1, 9, 0, 38, 26.41
0, 14097, 100, 79, 122.04
1, 9, 0, 38, 26.42
0, 14097, 100, 79, 116.33
1, 9, 0, 38, 26.42
0, 14097, 100, 79, 108.93
1, 9, 0, 38, 26.45
0, 14097, 100, 79, 119.69
1, 9, 0, 38, 26.42
0, 14097, 100, 79, 109.42
1, 9, 0, 38, 26.43
0, 14097, 100, 79, 123.23
1, 9, 0, 38, 26.42
0, 14097, 100, 79, 121.07
1, 9, 0, 38, 26.42
0, 14097, 100, 79, 125.54
1, 9, 0, 38, 26.45
0, 14097, 100, 79, 122.52
1, 9, 0, 38, 26.42
0, 14097, 100, 79, 126.78
1, 9, 0, 38, 26.42
0, 14097, 100, 79, 129.37
1, 9, 0, 38, 26.42
0, 14097, 100, 79, 126.12
1, 9, 0, 38, 26.42
0, 14097, 100, 79, 122.76
1, 9, 0, 38, 26.42
0, 14097, 100, 80, 135.38
1, 9, 0, 38, 26.42
0, 14097, 100, 79, 105.32
1, 9, 0, 38, 26.45
0, 14097, 100, 79, 117.25
1, 9, 0, 38, 26.43
0, 14097, 100, 79, 106.04
1, 9, 0, 38, 26.45
0, 14097, 100, 79, 121.10
1, 9, 0, 38, 26.19
0, 14097, 100, 79, 112.32
1, 9, 0, 38, 26.45
0, 14097, 100, 79, 104.66
1, 9, 0, 38, 26.45
0, 14097, 100, 79, 114.88
1, 9, 0, 38, 26.42
0, 14097, 100, 79, 111.74
1, 9, 0, 38, 26.43
0, 14097, 100, 79, 88.35
1, 9, 0, 38, 26.48
0, 14097, 100, 79, 117.07
1, 9, 0, 38, 26.42
0, 14097, 100, 79, 121.18
1, 9, 0, 38, 26.19
0, 14097, 100, 79, 113.69
1, 9, 0, 38, 26.43
0, 14097, 100, 79, 112.46
1, 9, 0, 38, 26.42
0, 14097, 100, 79, 115.12
1, 9, 0, 38, 26.42
0, 14097, 100, 79, 114.23
1, 9, 0, 38, 26.44
0, 14097, 100, 79, 136.58
1, 9, 0, 38, 26.40
0, 14097, 100, 79, 113.93
1, 9, 0, 38, 26.43
0, 14097, 100, 79, 112.97
1, 9, 0, 38, 26.43
0, 14097, 100, 79, 114.88
1, 9, 0, 38, 26.42
0, 14097, 100, 79, 119.95
1, 9, 0, 38, 26.42
0, 14097, 100, 79, 135.39
1, 9, 0, 38, 26.41
0, 14097, 100, 79, 121.80
1, 9, 0, 38, 26.42
0, 14097, 100, 79, 115.12
1, 9, 0, 38, 26.42
0, 14097, 100, 79, 103.45
1, 9, 0, 38, 26.45
0, 14097, 100, 79, 121.14
1, 9, 0, 38, 26.42
0, 14097, 100, 79, 119.17
1, 9, 0, 38, 26.43
0, 14097, 100, 79, 116.08
1, 9, 0, 38, 26.42
0, 14097, 100, 79, 119.62
1, 9, 0, 38, 26.42
0, 14097, 100, 79, 98.67
1, 9, 0, 38, 26.43
0, 14097, 100, 79, 120.90
1, 9, 0, 38, 26.42
0, 14097, 100, 79, 108.92
1, 9, 0, 38, 26.43
0, 14097, 100, 79, 120.59
1, 9, 0, 38, 26.42
0, 14097, 100, 79, 122.03
1, 9, 0, 38, 26.42
0, 14097, 100, 79, 146.48
1, 9, 0, 38, 26.39
0, 14097, 100, 79, 116.08
1, 9, 0, 38, 26.43
0, 14097, 100, 79, 114.15
1, 9, 0, 38, 26.42
0, 14097, 100, 79, 115.60
1, 9, 0, 39, 26.43
0, 14097, 100, 79, 120.59
1, 9, 0, 38, 26.42
0, 14097, 100, 79, 133.05
1, 9, 0, 38, 26.42
0, 14097, 100, 79, 122.28
1, 9, 0, 38, 26.42
0, 14097, 100, 79, 118.25
1, 9, 0, 38, 26.42
0, 14097, 100, 79, 105.55
1, 9, 0, 39, 26.45
0, 14097, 100, 79, 120.59
1, 9, 0, 38, 26.42
0, 14097, 100, 79, 134.26
1, 9, 0, 38, 26.42
0, 14097, 100, 79, 119.95
1, 9, 0, 38, 26.42
0, 14097, 100, 79, 119.87
1, 9, 0, 38, 26.42
0, 14097, 100, 79, 139.52
1, 9, 0, 38, 26.40
0, 14097, 100, 79, 116.57
1, 9, 0, 38, 26.42
0, 14097, 100, 79, 107.97
1, 9, 0, 38, 26.45
0, 14097, 100, 79, 122.28
1, 9, 0, 38, 26.42
0, 14097, 100, 79, 117.53
1, 9, 0, 38, 26.42
0, 14097, 100, 79, 123.16
1, 9, 0, 38, 26.40
0, 14097, 100, 79, 122.28
1, 9, 0, 38, 26.42
0, 14097, 100, 79, 134.41
1, 9, 0, 38, 26.42
0, 14097, 100, 79, 121.80
1, 9, 0, 38, 26.42
0, 14097, 100, 79, 114.66
1, 9, 0, 38, 26.42
0, 14097, 100, 79, 120.59
1, 9, 0, 38, 26.42
0, 14097, 100, 79, 120.11
1, 9, 0, 38, 26.42
0, 14097, 100, 79, 150.79
1, 9, 0, 38, 26.15
0, 14097, 100, 79, 119.22
1, 9, 0, 38, 26.42
0, 14097, 100, 79, 109.66
1, 9, 0, 38, 26.43
0, 14097, 100, 79, 121.07
1, 9, 0, 38, 26.42
0, 14097, 100, 79, 119.87
1, 9, 0, 38, 26.42
0, 14097, 100, 79, 110.13
1, 9, 0, 38, 26.46
0, 14097, 100, 79, 117.53
1, 9, 0, 38, 26.44
0, 14097, 100, 79, 110.55
1, 9, 0, 38, 26.43
0, 14097, 100, 79, 114.88
1, 9, 0, 38, 26.42
0, 14097, 100, 79, 115.36
1, 9, 0, 38, 26.42
0, 14097, 100, 79, 111.57
1, 9, 0, 38, 26.45
0, 14097, 100, 79, 119.46
1, 9, 0, 38, 26.42
0, 14097, 100, 79, 133.86
1, 9, 0, 38, 26.40
0, 14097, 100, 79, 122.04
1, 9, 0, 38, 26.42
0, 14097, 100, 79, 109.18
1, 9, 0, 38, 26.43
0, 14097, 100, 79, 115.38
1, 9, 0, 38, 26.42
0, 14097, 100, 79, 121.80
1, 9, 0, 38, 26.42
0, 14097, 100, 79, 90.51
1, 9, 0, 38, 26.42
0, 14097, 100, 79, 122.99
1, 9, 0, 38, 26.42
0, 14097, 100, 79, 125.19
1, 9, 0, 38, 26.41
0, 14097, 100, 79, 114.88
1, 9, 0, 38, 26.42
0, 14097, 100, 79, 115.84
1, 9, 0, 38, 26.42
0, 14097, 100, 79, 121.62
1, 9, 0, 38, 26.42
0, 14097, 100, 79, 119.87
1, 9, 0, 38, 26.42
0, 14097, 100, 80, 145.51
1, 9, 0, 38, 26.40
0, 14097, 100, 79, 117.05
1, 9, 0, 38, 26.42
0, 14097, 100, 79, 109.18
1, 9, 0, 38, 26.20
0, 14097, 100, 79, 116.35
1, 9, 0, 38, 26.43
0, 14097, 100, 79, 113.93
1, 9, 0, 38, 26.43
0, 14097, 100, 79, 104.90
1, 9, 0, 38, 26.20
0, 14097, 100, 79, 121.31
1, 9, 0, 38, 26.42
0, 14097, 100, 79, 145.94
1, 9, 0, 38, 26.17
0, 14097, 100, 79, 122.04
1, 9, 0, 38, 26.42
0, 14097, 100, 79, 108.21
1, 9, 0, 38, 26.45
0, 14097, 100, 79, 122.28
1, 9, 0, 38, 26.42
0, 14097, 100, 79, 115.36
1, 9, 0, 38, 26.42
0, 14097, 100, 79, 105.38
1, 9, 0, 38, 26.45
0, 14097, 100, 79, 104.66
1, 9, 0, 38, 26.45
0, 14097, 100, 79, 105.80
1, 9, 0, 38, 26.20
0, 14097, 100, 78, 95.78
1, 9, 0, 38, 26.45
0, 14097, 100, 79, 110.62
1, 9, 0, 38, 26.43
0, 14097, 100, 79, 99.40
1, 9, 0, 38, 26.45
0, 14097, 100, 79, 108.69
1, 9, 0, 38, 26.45
0, 14097, 100, 79, 101.52
1, 9, 0, 38, 26.20
0, 14097, 100, 79, 106.76
1, 9, 0, 38, 26.43
0, 14097, 100, 79, 107.24
1, 9, 0, 38, 26.69
0, 14097, 100, 79, 114.17
1, 9, 0, 38, 26.43
0, 14097, 100, 79, 110.85
1, 9, 0, 38, 26.44
0, 14097, 100, 79, 114.41
1, 9, 0, 38, 26.42
0, 14097, 100, 79, 113.69
1, 9, 0, 38, 26.42
0, 14097, 100, 79, 109.88
1, 9, 0, 38, 26.45
0, 14097, 100, 79, 114.41
1, 9, 0, 38, 26.43
0, 14097, 100, 79, 96.27
1, 9, 0, 38, 26.22
0, 14097, 100, 79, 115.12
1, 9, 0, 38, 26.42
0, 14097, 100, 79, 144.40
1, 9, 0, 38, 26.39
0, 14097, 100, 79, 119.62
1, 9, 0, 38, 26.42
0, 14097, 100, 79, 132.98
1, 9, 0, 38, 26.42
0, 14097, 100, 79, 110.38
1, 9, 0, 38, 26.45
0, 14097, 100, 79, 132.74
1, 9, 0, 38, 26.42
0, 14097, 100, 79, 121.80
1, 9, 0, 38, 26.42
0, 14097, 100, 79, 112.72
1, 9, 0, 38, 26.42
0, 14097, 100, 79, 117.53
1, 9, 0, 38, 26.42
0, 14097, 100, 79, 121.14
1, 9, 0, 38, 26.42
0, 14097, 100, 79, 113.50
1, 9, 0, 38, 26.20
0, 14097, 100, 79, 120.83
1, 9, 0, 38, 26.42
0, 14097, 100, 79, 140.10
1, 9, 0, 38, 26.42
0, 14097, 100, 79, 122.99
1, 9, 0, 38, 26.42
0, 14097, 100, 79, 110.87
1, 9, 0, 38, 26.45
0, 14097, 100, 79, 122.28
1, 9, 0, 38, 26.42
0, 14097, 100, 79, 121.31
1, 9, 0, 38, 26.42
0, 14097, 100, 79, 123.71
1, 9, 0, 38, 26.42
0, 14097, 100, 79, 121.31
1, 9, 0, 38, 26.42
0, 14097, 100, 79, 134.39
1, 9, 0, 38, 26.42
0, 14097, 100, 79, 120.66
1, 9, 0, 38, 26.42
0, 14097, 100, 79, 132.24
1, 9, 0, 38, 26.40
0, 14097, 100, 79, 122.51
1, 9, 0, 38, 26.42
0, 14097, 100, 79, 109.66
1, 9, 0, 38, 26.44
0, 14097, 100, 79, 122.28
1, 9, 0, 38, 26.42
0, 14097, 100, 79, 114.71
1, 9, 0, 38, 26.44
0, 14097, 100, 79, 118.74
1, 9, 0, 38, 26.42
0, 14097, 100, 79, 119.62
1, 9, 0, 38, 26.42
0, 14097, 100, 79, 94.29
1, 9, 0, 38, 26.42
0, 14097, 100, 79, 120.83
1, 9, 0, 38, 26.42
0, 14097, 100, 79, 143.94
1, 9, 0, 38, 26.42
0, 14097, 100, 79, 121.62
1, 9, 0, 38, 26.42
0, 14097, 100, 79, 114.25
1, 9, 0, 38, 26.45
0, 14097, 100, 79, 116.81
1, 9, 0, 38, 26.42
0, 14097, 100, 79, 113.69
1, 9, 0, 38, 26.42
0, 14097, 100, 79, 123.00
1, 9, 0, 38, 26.42
0, 14097, 100, 79, 121.38
1, 9, 0, 38, 26.42
0, 14097, 100, 79, 122.51
1, 9, 0, 38, 26.42
0, 14097, 100, 79, 120.35
1, 9, 0, 38, 26.42
0, 14097, 100, 79, 123.71
1, 9, 0, 38, 26.40
0, 14097, 100, 79, 119.22
1, 9, 0, 38, 26.42
0, 14097, 100, 79, 128.56
1, 9, 0, 38, 26.42
0, 14097, 100, 79, 121.31
1, 9, 0, 38, 26.42
0, 14097, 100, 79, 112.24
1, 9, 0, 38, 26.43
0, 14097, 100, 79, 121.07
1, 9, 0, 38, 26.42
0, 14097, 100, 79, 108.93
1, 9, 0, 38, 26.45
0, 14097, 100, 79, 123.48
1, 9, 0, 38, 26.42
0, 14097, 100, 79, 114.41
1, 9, 0, 38, 26.42
0, 14097, 100, 79, 121.80
1, 9, 0, 38, 26.42
0, 14097, 100, 79, 114.15
1, 9, 0, 38, 26.42
0, 14097, 100, 79, 117.29
1, 9, 0, 38, 26.42
0, 14097, 100, 79, 114.90
1, 9, 0, 38, 26.43
0, 14097, 100, 79, 115.13
1, 9, 0, 38, 26.44
0, 14097, 100, 79, 114.17
1, 9, 0, 39, 26.42
0, 14097, 100, 79, 114.88
1, 9, 0, 38, 26.43
0, 14097, 100, 79, 120.11
1, 9, 0, 38, 26.42
0, 14097, 100, 79, 106.33
1, 9, 0, 38, 26.45
0, 14097, 100, 79, 119.22
1, 9, 0, 38, 26.42
0, 14097, 100, 79, 122.98
1, 9, 0, 39, 26.39
0, 14097, 100, 79, 121.31
1, 9, 0, 38, 26.42
0, 14097, 100, 79, 141.76
1, 9, 0, 38, 26.64
0, 14097, 100, 79, 120.66
1, 9, 0, 38, 26.42
0, 14097, 100, 79, 143.70
1, 9, 0, 38, 26.41
0, 14097, 100, 79, 122.28
1, 9, 0, 38, 26.42
0, 14097, 100, 79, 146.49
1, 9, 0, 38, 26.39
0, 14097, 100, 79, 122.28
1, 9, 0, 38, 26.42
0, 14097, 100, 79, 78.93
1, 9, 0, 38, 26.19
0, 14097, 100, 79, 116.57
1, 9, 0, 38, 26.42
0, 14097, 100, 79, 145.53
1, 9, 0, 38, 26.40
0, 14097, 100, 79, 115.60
1, 9, 0, 38, 26.42
0, 14097, 100, 79, 144.41
1, 9, 0, 39, 26.40
0, 14097, 100, 79, 120.83
1, 9, 0, 38, 26.42
0, 14097, 100, 79, 142.10
1, 9, 0, 38, 26.40
0, 14097, 100, 79, 114.17
1, 9, 0, 38, 26.44
0, 14097, 100, 79, 132.55
1, 9, 0, 38, 26.40
0, 14097, 100, 79, 115.36
1, 9, 0, 38, 26.42
0, 14097, 100, 79, 131.30
1, 9, 0, 38, 26.40
0, 14097, 100, 79, 119.71
1, 9, 0, 38, 26.42
0, 14097, 100, 79, 134.01
1, 9, 0, 38, 26.42
0, 14097, 100, 79, 120.35
1, 9, 0, 38, 26.42
0, 14097, 100, 79, 129.36
1, 9, 0, 38, 26.40
0, 14097, 100, 79, 121.56
1, 9, 0, 38, 26.42
0, 14097, 100, 79, 151.43
1, 9, 0, 38, 26.63
0, 14097, 100, 79, 120.66
1, 9, 0, 38, 26.42
0, 14097, 100, 79, 138.88
1, 9, 0, 38, 26.40
0, 14097, 100, 79, 114.15
1, 9, 0, 38, 26.42
0, 14097, 100, 79, 140.56
1, 9, 0, 38, 26.40
0, 14097, 100, 79, 115.36
1, 9, 0, 38, 26.42
0, 14097, 100, 79, 140.81
1, 9, 0, 38, 26.41
0, 14097, 100, 79, 119.46
1, 9, 0, 38, 26.42
0, 14097, 100, 79, 142.95
1, 9, 0, 38, 26.40
0, 14097, 100, 79, 119.38
1, 9, 0, 39, 26.42
0, 14097, 100, 79, 132.01
1, 9, 0, 38, 26.40
0, 14097, 100, 79, 120.11
1, 9, 0, 39, 26.42
0, 14097, 100, 79, 141.13
1, 9, 0, 39, 26.40
0, 14097, 100, 79, 115.84
1, 9, 0, 39, 26.42
0, 14097, 100, 79, 138.74
1, 9, 0, 38, 26.40
0, 14097, 100, 79, 119.62
1, 9, 0, 38, 26.42
0, 14097, 100, 79, 145.76
1, 9, 0, 38, 26.64
0, 14097, 100, 79, 119.94
1, 9, 0, 38, 26.42
0, 14097, 100, 79, 148.62
1, 9, 0, 38, 26.63
0, 14097, 100, 79, 120.59
1, 9, 0, 39, 26.42
0, 14097, 100, 79, 148.86
1, 9, 0, 38, 26.62
0, 14097, 100, 79, 120.11
1, 9, 0, 38, 26.42
0, 14097, 100, 79, 93.66
1, 9, 0, 38, 26.45
0, 14097, 100, 79, 120.67
1, 9, 0, 38, 26.42
0, 14097, 100, 79, 101.76
1, 9, 0, 38, 26.21
0, 14097, 100, 79, 115.36
1, 9, 0, 38, 26.42
0, 14097, 100, 79, 100.79
1, 9, 0, 38, 26.20
0, 14097, 100, 79, 114.66
1, 9, 0, 38, 26.44
0, 14097, 100, 79, 120.18
1, 9, 0, 38, 26.42
0, 14097, 100, 79, 114.39
1, 9, 0, 38, 26.42
0, 14097, 100, 79, 114.39
1, 9, 0, 38, 26.42
0, 14097, 100, 79, 114.64
1, 9, 0, 39, 26.43
0, 14097, 100, 79, 114.90
1, 9, 0, 39, 26.43
0, 14097, 100, 79, 114.66
1, 9, 0, 38, 26.43
0, 14097, 100, 79, 121.38
1, 9, 0, 38, 26.42
0, 14097, 100, 79, 113.45
1, 9, 0, 38, 26.43
0, 14097, 100, 79, 115.36
1, 9, 0, 38, 26.42
0, 14097, 100, 79, 109.42
1, 9, 0, 38, 26.43
0, 14097, 100, 79, 114.41
1, 9, 0, 38, 26.43
0, 14097, 100, 79, 105.62
1, 9, 0, 39, 26.45
0, 14097, 100, 79, 115.36
1, 9, 0, 38, 26.42
0, 14097, 100, 79, 107.49
1, 9, 0, 38, 26.45
0, 14097, 100, 79, 115.60
1, 9, 0, 38, 26.42
0, 14097, 100, 79, 126.08
1, 9, 0, 38, 26.42
0, 14097, 100, 79, 119.95
1, 9, 0, 38, 26.42
0, 14097, 100, 79, 134.43
1, 9, 0, 38, 26.41
0, 14097, 100, 79, 114.15
1, 9, 0, 38, 26.42
0, 14097, 100, 79, 135.13
1, 9, 0, 38, 26.40
0, 14097, 100, 79, 114.66
1, 9, 0, 38, 26.43
0, 14097, 100, 79, 129.85
1, 9, 0, 38, 26.15
0, 14097, 100, 79, 120.66
1, 9, 0, 38, 26.42
0, 14097, 100, 79, 101.27
1, 9, 0, 38, 26.45
0, 14097, 100, 79, 115.36
1, 9, 0, 39, 26.42
0, 14097, 100, 79, 113.45
1, 9, 0, 38, 26.43
0, 14097, 100, 79, 113.75
1, 9, 0, 38, 26.44
0, 14097, 100, 79, 120.19
1, 9, 0, 38, 26.42
0, 14097, 100, 79, 111.33
1, 9, 0, 38, 26.43
0, 14097, 100, 79, 118.90
1, 9, 0, 38, 26.42
0, 14097, 100, 79, 106.52
1, 9, 0, 38, 26.45
0, 14097, 100, 79, 115.36
1, 9, 0, 38, 26.42
0, 14097, 100, 79, 127.61
1, 9, 0, 38, 26.42
0, 14097, 100, 79, 114.47
1, 9, 0, 38, 26.44
0, 14097, 100, 79, 140.72
1, 9, 0, 38, 26.40
0, 14097, 100, 79, 121.56
1, 9, 0, 38, 26.42
0, 14097, 100, 79, 115.77
1, 9, 0, 38, 26.64
0, 14097, 100, 79, 114.23
1, 9, 0, 38, 26.44
0, 14097, 100, 79, 115.20
1, 9, 0, 38, 26.44
0, 14097, 100, 79, 115.12
1, 9, 0, 38, 26.42
0, 14097, 100, 79, 116.81
1, 9, 0, 38, 26.42
0, 14097, 100, 79, 114.39
1, 9, 0, 38, 26.42
0, 14097, 100, 79, 113.93
1, 9, 0, 38, 26.42
0, 14097, 100, 79, 106.59
1, 9, 0, 38, 26.45
0, 14097, 100, 79, 114.90
1, 9, 0, 38, 26.44
0, 14097, 100, 79, 132.99
1, 9, 0, 38, 26.42
0, 14097, 100, 79, 114.88
1, 9, 0, 38, 26.42
0, 14097, 100, 79, 132.48
1, 9, 0, 38, 26.40
0, 14097, 100, 79, 120.90
1, 9, 0, 39, 26.42
0, 14097, 100, 79, 99.65
1, 9, 0, 38, 26.45
0, 14097, 100, 79, 114.66
1, 9, 0, 38, 26.42
0, 14097, 100, 79, 115.84
1, 9, 0, 38, 26.42
0, 14097, 100, 79, 115.60
1, 9, 0, 38, 26.42
0, 14097, 100, 79, 120.59
1, 9, 0, 38, 26.42
0, 14097, 100, 79, 109.18
1, 9, 0, 38, 26.45
0, 14097, 100, 79, 115.62
1, 9, 0, 38, 26.44
0, 14097, 100, 79, 108.21
1, 9, 0, 38, 26.45
0, 14097, 100, 79, 115.12
1, 9, 0, 39, 26.42
0, 14097, 100, 79, 129.44
1, 9, 0, 38, 26.41
0, 14097, 100, 79, 121.80
1, 9, 0, 38, 26.42
0, 14097, 100, 79, 140.24
1, 9, 0, 38, 26.64
0, 14097, 100, 79, 121.31
1, 9, 0, 39, 26.42
0, 14097, 100, 79, 115.12
1, 9, 0, 38, 26.42
0, 14097, 100, 79, 114.88
1, 9, 0, 38, 26.42
0, 14097, 100, 79, 121.07
1, 9, 0, 38, 26.42
0, 14097, 100, 79, 111.35
1, 9, 0, 38, 26.44
0, 14097, 100, 79, 118.50
1, 9, 0, 38, 26.44
0, 14097, 100, 79, 109.90
1, 9, 0, 39, 26.45
0, 14097, 100, 79, 114.41
1, 9, 0, 38, 26.42
0, 14097, 100, 79, 135.12
1, 9, 0, 39, 26.41
0, 14097, 100, 79, 121.14
1, 9, 0, 39, 26.42
0, 14097, 100, 79, 100.13
1, 9, 0, 39, 26.42
0, 14097, 100, 79, 120.11
1, 9, 0, 39, 26.42
0, 14097, 100, 79, 115.12
1, 9, 0, 39, 26.42
0, 14097, 100, 79, 114.64
1, 9, 0, 38, 26.42
0, 14097, 100, 79, 121.80
1, 9, 0, 38, 26.42
0, 14097, 100, 79, 111.10
1, 9, 0, 38, 26.44
0, 14097, 100, 79, 119.95
1, 9, 0, 38, 26.42
0, 14097, 100, 79, 107.97
1, 9, 0, 38, 26.43
0, 14097, 100, 79, 114.41
1, 9, 0, 38, 26.43
0, 14097, 100, 79, 128.64
1, 9, 0, 38, 26.41
0, 14097, 100, 79, 115.13
1, 9, 0, 38, 26.44
0, 14097, 100, 79, 101.10
1, 9, 0, 38, 26.45
0, 14097, 100, 79, 119.62
1, 9, 0, 39, 26.42
0, 14097, 100, 79, 114.17
1, 9, 0, 38, 26.42
0, 14097, 100, 79, 113.84
1, 9, 0, 38, 26.41
0, 14097, 100, 79, 115.47
1, 9, 0, 38, 26.40
0, 14097, 100, 79, 109.11
1, 9, 0, 38, 26.43
0, 14097, 100, 79, 113.99
1, 9, 0, 38, 26.44
0, 14097, 100, 79, 141.92
1, 9, 0, 38, 26.40
0, 14097, 100, 79, 121.07
1, 9, 0, 38, 26.42
0, 14097, 100, 79, 103.45
1, 9, 0, 38, 26.45
0, 14097, 100, 79, 114.17
1, 9, 0, 38, 26.44
0, 14097, 100, 79, 119.95
1, 9, 0, 38, 26.42
0, 14097, 100, 79, 109.18
1, 9, 0, 38, 26.43
0, 14097, 100, 79, 114.64
1, 9, 0, 38, 26.42
0, 14097, 100, 79, 127.45
1, 9, 0, 38, 26.42
0, 14097, 100, 79, 114.17
1, 9, 0, 38, 26.43
0, 14097, 100, 79, 126.29
1, 9, 0, 38, 26.40
0, 14097, 100, 79, 119.22
1, 9, 0, 38, 26.42
0, 14097, 100, 79, 121.56
1, 9, 0, 38, 26.42
0, 14097, 100, 79, 113.91
1, 9, 0, 38, 26.42
0, 14097, 100, 79, 115.84
1, 9, 0, 38, 26.42
0, 14097, 100, 79, 106.04
1, 9, 0, 38, 26.45
0, 14097, 100, 79, 115.38
1, 9, 0, 39, 26.44
0, 14097, 100, 79, 139.15
1, 9, 0, 39, 26.40
0, 14097, 100, 79, 120.11
1, 9, 0, 38, 26.42
0, 14097, 100, 79, 116.10
1, 9, 0, 38, 26.43
0, 14097, 100, 79, 114.17
1, 9, 0, 39, 26.43
0, 14097, 100, 79, 113.99
1, 9, 0, 39, 26.43
0, 14097, 100, 79, 105.86
1, 9, 0, 38, 26.45
0, 14097, 100, 79, 113.93
1, 9, 0, 38, 26.43
0, 14097, 100, 79, 139.59
1, 9, 0, 38, 26.40
0, 14097, 100, 79, 115.84
1, 9, 0, 38, 26.42
0, 14097, 100, 79, 103.93
1, 9, 0, 39, 26.45
0, 14097, 100, 79, 114.90
1, 9, 0, 38, 26.43
0, 14097, 100, 79, 121.31
1, 9, 0, 38, 26.42
0, 14097, 100, 79, 111.09
1, 9, 0, 39, 26.43
0, 14097, 100, 79, 114.66
1, 9, 0, 38, 26.43
0, 14097, 100, 79, 136.74
1, 9, 0, 38, 26.64
0, 14097, 100, 79, 121.38
1, 9, 0, 38, 26.42
0, 14097, 100, 79, 102.48
1, 9, 0, 38, 26.45
0, 14097, 100, 79, 114.88
1, 9, 0, 38, 26.42
0, 14097, 100, 79, 120.83
1, 9, 0, 38, 26.42
0, 14097, 100, 79, 108.45
1, 9, 0, 38, 26.43
0, 14097, 100, 79, 116.57
1, 9, 0, 38, 26.42
0, 14097, 100, 79, 131.61
1, 9, 0, 38, 26.42
0, 14097, 100, 79, 120.42
1, 9, 0, 38, 26.42
0, 14097, 100, 79, 95.54
1, 9, 0, 38, 26.42
0, 14097, 100, 79, 120.11
1, 9, 0, 39, 26.42
0, 14097, 100, 79, 122.28
1, 9, 0, 39, 26.42
0, 14097, 100, 79, 109.18
1, 9, 0, 38, 26.44
0, 14097, 100, 79, 115.38
1, 9, 0, 38, 26.43
0, 14097, 100, 79, 127.45
1, 9, 0, 38, 26.66
0, 14097, 100, 79, 120.35
1, 9, 0, 38, 26.42
0, 14097, 100, 79, 107.24
1, 9, 0, 39, 26.45
0, 14097, 100, 79, 114.64
1, 9, 0, 39, 26.42
0, 14097, 100, 79, 120.42
1, 9, 0, 39, 26.42
0, 14097, 100, 79, 107.97
1, 9, 0, 39, 26.45
0, 14097, 100, 79, 114.64
1, 9, 0, 38, 26.42
0, 14097, 100, 79, 128.17
1, 9, 0, 39, 26.41
0, 14097, 100, 79, 117.05
1, 9, 0, 38, 26.42
0, 14097, 100, 79, 114.66
1, 9, 0, 39, 26.42
0, 14097, 100, 79, 113.99
1, 9, 0, 39, 26.43
0, 14097, 100, 79, 119.22
1, 9, 0, 39, 26.42
0, 14097, 100, 79, 114.42
1, 9, 0, 38, 26.45
0, 14097, 100, 79, 114.41
1, 9, 0, 39, 26.42
0, 14097, 100, 79, 139.84
1, 9, 0, 38, 26.15
0, 14097, 100, 79, 114.47
1, 9, 0, 38, 26.44
0, 14097, 100, 79, 122.04
1, 9, 0, 39, 26.42
0, 14097, 100, 79, 108.45
1, 9, 0, 38, 26.43
0, 14097, 100, 79, 115.60
1, 9, 0, 38, 26.42
0, 14097, 100, 79, 140.83
1, 9, 0, 39, 26.42
0, 14097, 100, 79, 118.97
1, 9, 0, 38, 26.42
0, 14097, 100, 79, 113.75
1, 9, 0, 38, 26.44
0, 14097, 100, 79, 113.26
1, 9, 0, 38, 26.44
0, 14097, 100, 79, 114.90
1, 9, 0, 39, 26.42
0, 14097, 100, 79, 135.13
1, 9, 0, 38, 26.41
0, 14097, 100, 79, 115.60
1, 9, 0, 39, 26.42
0, 14097, 100, 79, 118.97
1, 9, 0, 38, 26.42
0, 14097, 100, 79, 114.17
1, 9, 0, 38, 26.44
0, 14097, 100, 79, 120.66
1, 9, 0, 39, 26.42
0, 14097, 100, 79, 111.83
1, 9, 0, 38, 26.43
0, 14097, 100, 79, 115.60
1, 9, 0, 38, 26.42
0, 14097, 100, 79, 105.38
1, 9, 0, 38, 26.41
0, 14097, 100, 79, 114.90
1, 9, 0, 38, 26.42
0, 14097, 100, 79, 120.19
1, 9, 0, 38, 26.42
0, 14097, 100, 79, 105.62
1, 9, 0, 39, 26.45
0, 14097, 100, 79, 114.17
1, 9, 0, 38, 26.42
0, 14097, 100, 79, 137.46
1, 9, 0, 38, 26.64
0, 14097, 100, 79, 121.56
1, 9, 0, 39, 26.42
0, 14097, 100, 79, 118.26
1, 9, 0, 39, 26.42
0, 14097, 100, 79, 107.07
1, 9, 0, 38, 26.45
0, 14097, 100, 79, 113.93
1, 9, 0, 38, 26.43
0, 14097, 100, 79, 144.88
1, 9, 0, 38, 26.40
0, 14097, 100, 79, 120.59
1, 9, 0, 38, 26.42
0, 14097, 100, 79, 114.90
1, 9, 0, 38, 26.42
0, 14097, 100, 79, 112.06
1, 9, 0, 39, 26.44
0, 14097, 100, 79, 115.13
1, 9, 0, 39, 26.43
0, 14097, 100, 79, 134.65
1, 9, 0, 39, 26.40
0, 14097, 100, 79, 115.12
1, 9, 0, 39, 26.42
0, 14097, 100, 79, 114.15
1, 9, 0, 38, 26.42
0, 14097, 100, 79, 113.50
1, 9, 0, 38, 26.43
0, 14097, 100, 79, 119.95
1, 9, 0, 39, 26.42
0, 14097, 100, 79, 128.50
1, 9, 0, 39, 26.42
0, 14097, 100, 79, 119.87
1, 9, 0, 38, 26.42
0, 14097, 100, 79, 115.84
1, 9, 0, 38, 26.42
0, 14097, 100, 79, 115.60
1, 9, 0, 39, 26.42
0, 14097, 100, 79, 120.19
1, 9, 0, 39, 26.42
0, 14097, 100, 79, 133.70
1, 9, 0, 39, 26.42
0, 14097, 100, 79, 119.14
1, 9, 0, 39, 26.42
0, 14097, 100, 79, 115.84
1, 9, 0, 38, 26.42
0, 14097, 100, 79, 114.39
1, 9, 0, 38, 26.42
0, 14097, 100, 79, 114.41
1, 9, 0, 38, 26.43
0, 14097, 100, 79, 127.84
1, 9, 0, 38, 26.66
0, 14097, 100, 79, 119.71
1, 9, 0, 38, 26.42
0, 14097, 100, 79, 115.60
1, 9, 0, 38, 26.43
0, 14097, 100, 79, 113.69
1, 9, 0, 38, 26.43
0, 14097, 100, 79, 119.14
1, 9, 0, 38, 26.42
0, 14097, 100, 79, 145.61
1, 9, 0, 38, 26.39
0, 14097, 100, 79, 119.95
1, 9, 0, 38, 26.42
0, 14097, 100, 79, 120.43
1, 9, 0, 38, 26.42
0, 14097, 100, 79, 114.39
1, 9, 0, 39, 26.42
0, 14097, 100, 79, 115.12
1, 9, 0, 39, 26.42
0, 14097, 100, 79, 132.51
1, 9, 0, 38, 26.42
0, 14097, 100, 79, 120.83
1, 9, 0, 38, 26.42
0, 14097, 100, 79, 114.41
1, 9, 0, 39, 26.44
0, 14097, 100, 79, 113.69
1, 9, 0, 38, 26.42
0, 14097, 100, 79, 120.11
1, 9, 0, 39, 26.42
0, 14097, 100, 79, 134.89
1, 9, 0, 39, 26.42
0, 14097, 100, 79, 120.83
1, 9, 0, 38, 26.42
0, 14097, 100, 79, 121.56
1, 9, 0, 39, 26.42
0, 14097, 100, 79, 109.42
1, 9, 0, 38, 26.44
0, 14097, 100, 79, 119.62
1, 9, 0, 38, 26.42
0, 14097, 100, 79, 146.97
1, 9, 0, 39, 26.63
0, 14097, 100, 79, 118.26
1, 9, 0, 39, 26.42
0, 14097, 100, 79, 119.87
1, 9, 0, 38, 26.42
0, 14097, 100, 79, 107.25
1, 9, 0, 38, 26.45
0, 14097, 100, 79, 121.07
1, 9, 0, 39, 26.42
0, 14097, 100, 79, 91.73
1, 9, 0, 39, 26.45
0, 14097, 100, 79, 114.90
1, 9, 0, 39, 26.42
0, 14097, 100, 79, 115.60
1, 9, 0, 39, 26.42
0, 14097, 100, 79, 133.70
1, 9, 0, 38, 26.42
0, 14097, 100, 79, 120.43
1, 9, 0, 38, 26.42
0, 14097, 100, 79, 113.69
1, 9, 0, 39, 26.43
0, 14097, 100, 79, 113.20
1, 9, 0, 39, 26.42
0, 14097, 100, 79, 120.11
1, 9, 0, 38, 26.42
0, 14097, 100, 79, 139.61
1, 9, 0, 38, 26.66
0, 14097, 100, 79, 114.47
1, 9, 0, 38, 26.42
0, 14097, 100, 79, 121.87
1, 9, 0, 39, 26.42
0, 14097, 100, 79, 123.69
1, 9, 0, 38, 26.43
0, 14097, 100, 79, 114.88
1, 9, 0, 38, 26.42
0, 14097, 100, 79, 119.87
1, 9, 0, 38, 26.42
0, 14097, 100, 79, 115.12
1, 9, 0, 38, 26.42
0, 14097, 100, 79, 114.17
1, 9, 0, 38, 26.43
0, 14097, 100, 79, 144.41
1, 9, 0, 38, 26.64
0, 14097, 100, 79, 120.35
1, 9, 0, 38, 26.42
0, 14097, 100, 79, 117.77
1, 9, 0, 38, 26.42
0, 14097, 100, 79, 116.60
1, 9, 0, 38, 26.43
0, 14097, 100, 79, 115.36
1, 9, 0, 38, 26.42
0, 14097, 100, 79, 121.38
1, 9, 0, 38, 26.42
0, 14097, 100, 79, 112.30
1, 9, 0, 39, 26.44
0, 14097, 100, 79, 114.15
1, 9, 0, 38, 26.42
0, 14097, 100, 79, 142.16
1, 9, 0, 39, 26.40
0, 14097, 100, 79, 121.80
1, 9, 0, 38, 26.42
0, 14097, 100, 79, 120.83
1, 9, 0, 38, 26.42
0, 14097, 100, 79, 111.79
1, 9, 0, 39, 26.45
0, 14097, 100, 79, 114.17
1, 9, 0, 39, 26.43
0, 14097, 100, 79, 121.56
1, 9, 0, 39, 26.42
0, 14097, 100, 79, 115.12
1, 9, 0, 39, 26.42
0, 14097, 100, 79, 121.31
1, 9, 0, 38, 26.42
0, 14097, 100, 79, 149.60
1, 9, 0, 39, 26.62
0, 14097, 100, 79, 120.90
1, 9, 0, 39, 26.42
0, 14097, 100, 79, 121.38
1, 9, 0, 38, 26.42
0, 14097, 100, 79, 131.85
1, 9, 0, 39, 26.43
0, 14097, 100, 79, 115.12
1, 9, 0, 39, 26.42
0, 14097, 100, 79, 121.07
1, 9, 0, 39, 26.42
0, 14097, 100, 79, 121.62
1, 9, 0, 39, 26.42
0, 14097, 100, 79, 123.48
1, 9, 0, 39, 26.42
0, 14097, 100, 79, 131.85
1, 9, 0, 38, 26.40
0, 14097, 100, 79, 123.47
1, 9, 0, 38, 26.42
0, 14097, 100, 79, 122.51
1, 9, 0, 39, 26.42
0, 14097, 100, 79, 121.56
1, 9, 0, 39, 26.42
0, 14097, 100, 79, 121.80
1, 9, 0, 38, 26.42
0, 14097, 100, 79, 134.42
1, 9, 0, 38, 26.40
0, 14097, 100, 79, 122.75
1, 9, 0, 39, 26.42
0, 14097, 100, 79, 120.59
1, 9, 0, 39, 26.42
0, 14097, 100, 80, 128.92
1, 9, 0, 39, 26.41
0, 14097, 100, 79, 114.88
1, 9, 0, 38, 26.42
0, 14097, 100, 79, 100.37
1, 9, 0, 39, 26.45
0, 14097, 100, 79, 112.78
1, 9, 0, 39, 26.44
0, 14097, 100, 79, 115.36
1, 9, 0, 39, 26.42
0, 14097, 100, 79, 139.12
1, 9, 0, 39, 26.40
0, 14097, 100, 79, 114.39
1, 9, 0, 39, 26.42
0, 14097, 100, 79, 115.60
1, 9, 0, 38, 26.42
0, 14097, 100, 79, 131.29
1, 9, 0, 39, 26.42
0, 14097, 100, 79, 115.14
1, 9, 0, 38, 26.43
0, 14097, 100, 79, 116.33
1, 9, 0, 39, 26.42
0, 14097, 100, 79, 121.57
1, 9, 0, 39, 26.43
0, 14097, 100, 79, 114.64
1, 9, 0, 38, 26.42
0, 14097, 100, 79, 113.69
1, 9, 0, 39, 26.42
0, 14097, 100, 79, 103.45
1, 9, 0, 39, 26.45
0, 14097, 100, 79, 113.93
1, 9, 0, 39, 26.43
0, 14097, 100, 79, 114.39
1, 9, 0, 39, 26.42
0, 14097, 100, 79, 107.73
1, 9, 0, 38, 26.45
0, 14097, 100, 79, 112.00
1, 9, 0, 39, 26.43
0, 14097, 100, 79, 104.41
1, 9, 0, 39, 26.69
0, 14097, 100, 79, 112.30
1, 9, 0, 39, 26.44
0, 14097, 100, 79, 114.95
1, 9, 0, 38, 26.43
0, 14097, 100, 79, 101.03
1, 9, 0, 39, 26.45
0, 14097, 100, 79, 114.41
1, 9, 0, 39, 26.43
0, 14097, 100, 79, 114.88
1, 9, 0, 39, 26.42
0, 14097, 100, 79, 87.86
1, 9, 0, 39, 26.43
0, 14097, 100, 79, 114.23
1, 9, 0, 39, 26.44
0, 14097, 100, 79, 115.14
1, 9, 0, 39, 26.42
0, 14097, 100, 79, 143.69
1, 9, 0, 39, 26.64
0, 14097, 100, 79, 115.12
1, 9, 0, 39, 26.42
0, 14097, 100, 79, 114.88
1, 9, 0, 38, 26.42
0, 14097, 100, 79, 93.80
1, 9, 0, 38, 26.42
0, 14097, 100, 79, 114.66
1, 9, 0, 38, 26.42
0, 14097, 100, 79, 114.64
1, 9, 0, 39, 26.42
0, 14097, 100, 79, 129.36
1, 9, 0, 39, 26.40
0, 14097, 100, 79, 118.42
1, 9, 0, 39, 26.42
0, 14097, 100, 79, 115.12
1, 9, 0, 39, 26.42
0, 14097, 100, 79, 138.24
1, 9, 0, 38, 26.66
0, 14097, 100, 79, 120.59
1, 9, 0, 39, 26.42
0, 14097, 100, 79, 121.31
1, 9, 0, 38, 26.42
0, 14097, 100, 79, 128.00
1, 9, 0, 38, 26.40
0, 14097, 100, 79, 115.36
1, 9, 0, 38, 26.42
0, 14097, 100, 79, 114.64
1, 9, 0, 39, 26.42
0, 14097, 100, 79, 126.32
1, 9, 0, 38, 26.42
0, 14097, 100, 79, 114.66
1, 9, 0, 39, 26.43
0, 14097, 100, 79, 113.02
1, 9, 0, 38, 26.44
0, 14097, 100, 79, 129.37
1, 9, 0, 38, 26.43
0, 14097, 100, 79, 112.30
1, 9, 0, 39, 26.43
0, 14097, 100, 79, 112.72
1, 9, 0, 39, 26.42
0, 14097, 100, 79, 129.44
1, 9, 0, 39, 26.41
0, 14097, 100, 79, 115.38
1, 9, 0, 39, 26.43
0, 14097, 100, 79, 123.23
1, 9, 0, 39, 26.42
0, 14097, 100, 79, 110.85
1, 9, 0, 39, 26.43
0, 14097, 100, 79, 120.11
1, 9, 0, 38, 26.42
0, 14097, 100, 79, 112.47
1, 9, 0, 39, 26.45
0, 14097, 100, 79, 119.45
1, 9, 0, 39, 26.42
0, 14097, 100, 79, 121.07
1, 9, 0, 38, 26.42
0, 14097, 100, 79, 143.69
1, 9, 0, 38, 26.40
0, 14097, 100, 79, 121.80
1, 9, 0, 38, 26.42
0, 14097, 100, 79, 121.56
1, 9, 0, 39, 26.42
0, 14097, 100, 79, 134.57
1, 9, 0, 38, 26.40
0, 14097, 100, 79, 122.04
1, 9, 0, 39, 26.42
0, 14097, 100, 79, 125.89
1, 9, 0, 39, 26.42
0, 14097, 100, 79, 117.29
1, 9, 0, 39, 26.42
0, 14097, 100, 79, 122.04
1, 9, 0, 39, 26.42
0, 14097, 100, 79, 137.51
1, 9, 0, 39, 26.39
0, 14097, 100, 79, 122.75
1, 9, 0, 39, 26.42
0, 14097, 100, 79, 123.24
1, 9, 0, 39, 26.42
0, 14097, 100, 79, 135.63
1, 9, 0, 38, 26.40
0, 14097, 100, 79, 126.28
1, 9, 0, 39, 26.42
0, 14097, 100, 79, 120.59
1, 9, 0, 39, 26.42
0, 14097, 100, 79, 112.09
1, 9, 0, 39, 26.43
0, 14097, 100, 79, 107.49
1, 9, 0, 39, 26.45
0, 14097, 100, 79, 107.32
1, 9, 0, 39, 26.45
0, 14097, 100, 79, 107.01
1, 9, 0, 39, 26.45
0, 14097, 100, 79, 103.15
1, 9, 0, 39, 26.43
0, 14097, 100, 79, 115.12
1, 9, 0, 39, 26.42
0, 14097, 100, 79, 113.69
1, 9, 0, 38, 26.43
0, 14097, 100, 79, 122.73
1, 9, 0, 39, 26.42
0, 14097, 100, 79, 108.26
1, 9, 0, 38, 26.45
0, 14097, 100, 79, 110.38
1, 9, 0, 38, 26.45
0, 14097, 100, 78, 131.74
1, 9, 0, 39, 26.40
0, 14097, 100, 79, 114.15
1, 9, 0, 39, 26.43
0, 14097, 100, 79, 115.60
1, 9, 0, 38, 26.42
0, 14097, 100, 79, 93.90
1, 9, 0, 38, 26.45
0, 14097, 100, 79, 114.41
1, 9, 0, 39, 26.44
0, 14097, 100, 79, 114.17
1, 9, 0, 39, 26.43
0, 14097, 100, 79, 105.86
1, 9, 0, 39, 26.45
0, 14097, 100, 79, 113.45
1, 9, 0, 39, 26.42
0, 14097, 100, 79, 115.12
1, 9, 0, 38, 26.42
0, 14097, 100, 79, 107.97
1, 9, 0, 39, 26.45
0, 14097, 100, 79, 107.30
1, 9, 0, 38, 26.45
0, 14097, 100, 79, 114.71
1, 9, 0, 38, 26.44
0, 14097, 100, 79, 115.38
1, 9, 0, 38, 26.44
0, 14097, 100, 79, 107.97
1, 9, 0, 38, 26.43
0, 14097, 100, 79, 120.11
1, 9, 0, 39, 26.42
0, 14097, 100, 79, 115.60
1, 9, 0, 39, 26.42
0, 14097, 100, 79, 108.94
1, 9, 0, 39, 26.45
0, 14097, 100, 79, 121.62
1, 9, 0, 39, 26.42
0, 14097, 100, 79, 113.99
1, 9, 0, 38, 26.44
0, 14097, 100, 79, 111.29
1, 9, 0, 39, 26.43
0, 14097, 100, 79, 122.04
1, 9, 0, 39, 26.42
0, 14097, 100, 79, 121.80
1, 9, 0, 39, 26.42
0, 14097, 100, 79, 112.81
1, 9, 0, 39, 26.45
0, 14097, 100, 79, 115.12
1, 9, 0, 39, 26.43
0, 14097, 100, 79, 121.56
1, 9, 0, 39, 26.42
0, 14097, 100, 79, 112.80
1, 9, 0, 39, 26.45
0, 14097, 100, 79, 112.72
1, 9, 0, 39, 26.43
0, 14097, 100, 79, 121.80
1, 9, 0, 39, 26.42
0, 14097, 100, 79, 133.22
1, 9, 0, 39, 26.42
0, 14097, 100, 79, 119.46
1, 9, 0, 39, 26.42
0, 14097, 100, 79, 114.41
1, 9, 0, 39, 26.44
0, 14097, 100, 79, 137.04
1, 9, 0, 39, 26.40
0, 14097, 100, 79, 120.11
1, 9, 0, 38, 26.42
0, 14097, 100, 79, 116.57
1, 9, 0, 38, 26.42
0, 14097, 100, 79, 79.98
1, 9, 0, 39, 26.48
0, 14097, 100, 79, 114.71
1, 9, 0, 39, 26.43
0, 14097, 100, 79, 114.95
1, 9, 0, 39, 26.42
0, 14097, 100, 79, 98.92
1, 9, 0, 39, 26.21
0, 14097, 100, 79, 114.41
1, 9, 0, 39, 26.42
0, 14097, 100, 79, 115.12
1, 9, 0, 39, 26.42
0, 14097, 100, 79, 114.41
1, 9, 0, 39, 26.45
0, 14097, 100, 79, 108.21
1, 9, 0, 39, 26.43
0, 14097, 100, 79, 113.45
1, 9, 0, 39, 26.43
0, 14097, 100, 79, 114.90
1, 9, 0, 39, 26.42
0, 14097, 100, 79, 107.73
1, 9, 0, 39, 26.45
0, 14097, 100, 79, 117.53
1, 9, 0, 39, 26.42
0, 14097, 100, 79, 119.87
1, 9, 0, 39, 26.42
0, 14097, 100, 79, 128.00
1, 9, 0, 39, 26.42
0, 14097, 100, 79, 114.90
1, 9, 0, 39, 26.43
0, 14097, 100, 79, 120.83
1, 9, 0, 39, 26.42
0, 14097, 100, 79, 137.65
1, 9, 0, 39, 26.62
0, 14097, 100, 79, 114.15
1, 9, 0, 39, 26.42
0, 14097, 100, 79, 115.12
1, 9, 0, 39, 26.42
0, 14097, 0, 77, 47.85
1, 9, 0, 39, 26.50
0, 14097, 5, 76, 49.09
1, 9, 0, 39, 26.51
0, 14097, 93, 76, 180.51
1, 9, 0, 39, 26.58
0, 14097, 100, 80, 175.35
1, 9, 0, 39, 26.35
0, 14097, 100, 78, 122.04
1, 9, 0, 39, 26.41
0, 14097, 100, 79, 120.59
1, 9, 0, 39, 26.42
0, 14097, 100, 79, 121.07
1, 9, 0, 39, 26.42
0, 14097, 100, 79, 151.27
1, 9, 0, 39, 26.40
0, 14097, 76, 77, 56.34
1, 9, 0, 39, 26.50
0, 14097, 85, 78, 177.65
1, 9, 0, 39, 26.35
0, 14097, 100, 79, 134.94
1, 9, 0, 39, 26.64
0, 14097, 100, 79, 134.16
1, 9, 0, 39, 26.66
0, 14097, 100, 79, 128.21
1, 9, 0, 39, 26.41
0, 14097, 100, 79, 127.97
1, 9, 0, 39, 26.42
0, 14097, 100, 79, 122.03
1, 9, 0, 39, 26.42
0, 13891, 100, 78, 54.16
1, 9, 0, 39, 26.51
0, 13891, 90, 76, 56.79
1, 9, 0, 39, 26.49
0, 13891, 96, 80, 160.45
1, 9, 0, 39, 26.37
0, 13891, 97, 79, 138.77
1, 9, 0, 39, 26.40
0, 13891, 96, 79, 139.21
1, 9, 0, 39, 26.64
0, 13891, 97, 79, 144.66
1, 9, 0, 39, 26.40
0, 13891, 97, 79, 135.73
1, 9, 0, 39, 26.41
0, 13891, 97, 79, 129.14
1, 9, 0, 39, 26.41
0, 13891, 87, 78, 56.10
1, 9, 0, 39, 26.50
0, 13891, 93, 79, 167.96
1, 9, 0, 39, 26.36
0, 13891, 97, 79, 133.29
1, 9, 0, 39, 26.42
0, 13891, 97, 79, 132.20
1, 9, 0, 39, 26.41
0, 13891, 97, 80, 133.05
1, 9, 0, 39, 26.40
0, 13891, 97, 79, 136.62
1, 9, 0, 39, 26.40
0, 13891, 97, 79, 118.71
1, 9, 0, 39, 26.19
0, 13891, 97, 79, 118.40
1, 9, 0, 39, 26.43
0, 289, 100, 78, 57.56
1, 9, 0, 39, 26.50
