0, 9, 0, 75, 54.63
1, 9, 0, 75, 47.81
0, 265, 0, 75, 54.38
1, 265, 0, 74, 47.56
0, 7198, 0, 75, 54.87
1, 7729, 0, 74, 47.08
0, 7198, 24, 74, 54.59
1, 7729, 0, 74, 46.84
0, 7198, 24, 74, 54.63
1, 7729, 0, 73, 46.84
0, 7198, 0, 74, 53.62
1, 7729, 96, 73, 54.80
0, 7198, 0, 74, 53.40
1, 7729, 95, 73, 54.55
0, 7198, 0, 73, 53.40
1, 7729, 96, 73, 54.31
0, 7348, 0, 73, 45.19
1, 7943, 0, 73, 53.35
0, 7348, 0, 72, 45.44
1, 7943, 0, 72, 52.64
0, 7348, 0, 73, 129.22
1, 7969, 0, 73, 67.52
0, 7348, 49, 75, 78.99
1, 7969, 48, 74, 186.07
0, 7348, 38, 76, 159.88
1, 7969, 43, 75, 129.02
0, 7348, 54, 76, 176.00
1, 7969, 57, 76, 82.18
0, 7348, 41, 76, 72.01
1, 7969, 50, 76, 196.24
0, 7348, 46, 76, 151.83
1, 7969, 49, 75, 136.45
0, 7348, 49, 76, 167.16
1, 7969, 58, 76, 88.36
0, 7348, 38, 76, 72.78
1, 7969, 43, 76, 194.57
0, 7348, 54, 76, 140.65
1, 7969, 57, 76, 143.80
0, 7348, 41, 76, 136.56
1, 7969, 50, 76, 107.68
0, 7348, 51, 77, 115.59
1, 7969, 47, 76, 162.60
0, 7348, 38, 76, 185.94
1, 7969, 59, 76, 75.49
0, 7348, 53, 77, 67.71
1, 7969, 55, 76, 160.07
0, 7348, 41, 77, 115.36
1, 7969, 51, 76, 161.83
0, 7348, 46, 76, 149.46
1, 7969, 49, 77, 101.20
0, 7348, 49, 77, 111.57
1, 7969, 58, 76, 163.88
0, 7348, 39, 77, 168.79
1, 7969, 43, 77, 85.95
0, 7348, 54, 77, 89.27
1, 7969, 58, 76, 187.24
0, 7348, 38, 77, 198.25
1, 7969, 50, 77, 89.67
0, 7348, 52, 77, 157.99
1, 7969, 52, 77, 96.10
0, 7348, 41, 77, 76.11
1, 7969, 52, 77, 189.80
0, 7348, 47, 77, 196.71
1, 7969, 49, 77, 80.95
0, 7348, 39, 77, 128.49
1, 7969, 57, 77, 114.41
0, 7348, 54, 77, 91.92
1, 7969, 43, 76, 179.26
0, 7348, 39, 77, 196.47
1, 7969, 48, 76, 70.17
0, 7348, 48, 77, 72.24
1, 7969, 51, 77, 199.76
0, 7348, 47, 77, 147.27
1, 7969, 56, 77, 144.27
0, 7827, 100, 79, 203.92
1, 8418, 0, 75, 57.69
0, 7827, 100, 80, 176.24
1, 8418, 0, 74, 57.12
0, 7827, 67, 78, 170.39
1, 8734, 100, 77, 186.96
0, 7827, 100, 80, 187.13
1, 8734, 100, 77, 59.28
0, 7827, 0, 77, 54.28
1, 8734, 100, 77, 191.38
0, 7827, 100, 79, 183.06
1, 8734, 100, 78, 201.89
0, 7827, 100, 79, 157.40
1, 8734, 0, 75, 56.67
0, 7827, 100, 79, 205.00
1, 8734, 100, 78, 166.50
0, 7827, 100, 79, 125.36
1, 8734, 0, 77, 58.46
0, 7827, 0, 76, 47.41
1, 8734, 100, 78, 175.23
0, 7827, 100, 80, 166.45
1, 8734, 100, 79, 199.48
0, 7827, 99, 78, 52.41
1, 8734, 15, 77, 200.81
0, 7827, 100, 79, 166.93
1, 8734, 100, 79, 172.22
0, 7827, 100, 80, 171.08
1, 8734, 0, 77, 59.10
0, 7827, 0, 78, 159.97
1, 8734, 100, 78, 169.99
0, 7827, 100, 79, 150.43
1, 8734, 100, 79, 200.40
0, 7827, 100, 78, 53.15
1, 8734, 0, 78, 185.26
0, 7827, 100, 79, 159.40
1, 8734, 100, 79, 210.96
0, 7827, 100, 79, 141.13
1, 8734, 0, 77, 59.34
0, 7827, 0, 76, 52.41
1, 8734, 100, 79, 184.71
0, 7827, 0, 76, 51.92
1, 8734, 100, 79, 180.03
0, 7827, 52, 77, 179.13
1, 8734, 58, 78, 69.53
0, 7827, 53, 78, 197.56
1, 8734, 56, 78, 75.45
0, 7827, 53, 78, 133.35
1, 8734, 55, 78, 148.71
0, 7827, 51, 79, 94.02
1, 8734, 54, 78, 181.19
0, 7827, 49, 79, 80.13
1, 8734, 55, 78, 192.07
0, 7827, 48, 78, 68.86
1, 8734, 56, 78, 158.35
0, 7827, 47, 78, 126.73
1, 8734, 56, 79, 117.52
0, 7827, 46, 79, 170.06
1, 8734, 56, 78, 77.82
0, 7827, 53, 79, 137.45
1, 8734, 55, 78, 161.38
0, 7827, 47, 79, 76.06
1, 8734, 57, 78, 197.87
0, 7827, 49, 78, 100.28
1, 8734, 58, 79, 135.12
0, 7827, 49, 78, 170.24
1, 8734, 51, 79, 85.26
0, 7827, 51, 79, 195.12
1, 8734, 53, 78, 73.06
0, 7827, 52, 79, 140.87
1, 8734, 54, 78, 151.43
0, 7827, 52, 79, 95.51
1, 8734, 54, 79, 182.57
0, 7827, 53, 79, 74.65
1, 8734, 56, 79, 191.50
0, 7827, 53, 79, 90.86
1, 8734, 57, 79, 126.03
0, 7827, 53, 79, 176.47
1, 8734, 58, 78, 83.59
0, 7827, 46, 79, 154.82
1, 8734, 53, 78, 161.23
0, 7827, 44, 79, 105.27
1, 8734, 54, 78, 175.98
0, 7827, 45, 79, 79.22
1, 8734, 55, 78, 196.32
0, 7827, 39, 79, 148.29
1, 8734, 57, 79, 100.54
0, 7827, 39, 79, 183.96
1, 8734, 44, 79, 78.78
0, 7827, 53, 78, 55.75
1, 8734, 51, 78, 198.22
0, 7827, 45, 77, 132.33
1, 8734, 53, 79, 73.54
0, 7827, 52, 78, 73.10
1, 8734, 48, 79, 138.18
0, 7827, 44, 78, 70.06
1, 8734, 44, 79, 143.56
0, 8006, 73, 79, 177.44
1, 8574, 17, 77, 60.97
0, 8006, 100, 79, 143.13
1, 8890, 0, 76, 58.91
0, 8006, 0, 77, 54.04
1, 8890, 100, 78, 222.60
0, 8006, 100, 80, 144.74
1, 8890, 100, 80, 210.94
0, 8006, 100, 79, 151.78
1, 8890, 0, 76, 49.03
0, 8006, 100, 78, 156.99
1, 8890, 100, 79, 173.57
0, 8006, 100, 79, 158.61
1, 8890, 100, 78, 56.98
0, 8006, 0, 77, 54.37
1, 8890, 100, 79, 176.39
0, 8006, 100, 79, 152.54
1, 8890, 100, 79, 141.10
0, 8006, 100, 79, 117.02
1, 8890, 0, 76, 53.91
0, 8006, 100, 79, 142.85
1, 8890, 100, 80, 172.48
0, 8006, 100, 79, 144.43
1, 8890, 23, 78, 52.46
0, 8006, 0, 77, 53.90
1, 8890, 100, 79, 151.79
0, 8006, 100, 80, 148.92
1, 8890, 100, 79, 185.23
0, 8006, 100, 79, 140.59
1, 8890, 0, 76, 48.84
0, 8006, 100, 79, 145.75
1, 8890, 100, 79, 154.34
0, 8006, 100, 80, 138.52
1, 8890, 34, 78, 57.96
0, 8006, 0, 77, 52.45
1, 8890, 100, 79, 168.75
0, 8006, 100, 79, 170.99
1, 8890, 100, 79, 155.86
0, 8006, 100, 79, 126.80
1, 8890, 0, 77, 57.05
0, 8006, 100, 78, 153.33
1, 8890, 100, 79, 152.88
0, 8006, 100, 79, 131.80
1, 8890, 100, 78, 56.09
0, 8006, 0, 77, 48.28
1, 8890, 100, 78, 194.13
0, 8006, 100, 79, 141.47
1, 8890, 100, 80, 140.48
0, 8006, 100, 80, 137.57
1, 8890, 0, 77, 49.31
0, 8006, 100, 78, 147.18
1, 8890, 100, 79, 179.37
0, 8006, 100, 79, 133.59
1, 8890, 100, 79, 136.82
0, 8006, 15, 78, 48.58
1, 8890, 90, 78, 170.54
0, 8006, 100, 79, 159.86
1, 8890, 100, 79, 174.88
0, 8006, 100, 80, 141.30
1, 8890, 0, 77, 51.74
0, 8006, 0, 78, 124.01
1, 8890, 100, 79, 200.57
0, 8006, 100, 79, 135.37
1, 8890, 100, 79, 138.61
0, 8006, 93, 79, 71.86
1, 8890, 12, 76, 130.84
0, 8006, 100, 79, 150.03
1, 8890, 100, 80, 164.44
0, 8006, 100, 79, 168.41
1, 8890, 27, 78, 50.95
0, 8006, 0, 77, 50.49
1, 8890, 100, 79, 176.03
0, 8006, 100, 79, 162.82
1, 8890, 100, 79, 146.15
0, 8006, 100, 79, 141.24
1, 8890, 0, 77, 49.26
0, 8006, 67, 78, 145.68
1, 8890, 100, 80, 176.48
0, 8006, 100, 79, 130.45
1, 8890, 100, 79, 136.43
0, 8006, 100, 78, 48.09
1, 8890, 0, 78, 197.76
0, 8006, 100, 79, 136.14
1, 8890, 100, 79, 165.13
0, 8006, 100, 79, 156.06
1, 8890, 91, 78, 56.22
0, 8006, 0, 77, 54.61
1, 8890, 100, 79, 183.61
0, 8006, 100, 79, 151.49
1, 8890, 100, 80, 164.93
0, 8006, 100, 79, 127.79
1, 8890, 0, 77, 50.04
0, 8006, 49, 78, 131.07
1, 8890, 100, 79, 180.59
0, 8006, 100, 79, 155.53
1, 8890, 100, 79, 125.08
0, 8006, 100, 79, 151.29
1, 8890, 0, 76, 49.06
0, 8006, 100, 79, 149.51
1, 8890, 100, 79, 185.66
0, 8006, 100, 79, 132.66
1, 8890, 100, 79, 59.91
0, 8006, 2, 77, 48.37
1, 8890, 98, 78, 172.69
0, 8006, 100, 79, 153.75
1, 8890, 100, 79, 118.12
0, 8006, 100, 79, 133.96
1, 8890, 29, 77, 50.05
0, 8006, 0, 77, 53.70
1, 8890, 100, 78, 144.87
0, 8006, 100, 79, 146.61
1, 8890, 100, 79, 146.78
0, 8006, 100, 79, 118.00
1, 8890, 0, 77, 56.57
0, 8006, 75, 78, 135.08
1, 8890, 100, 79, 190.64
0, 8006, 100, 79, 140.31
1, 8890, 100, 79, 138.26
0, 8006, 100, 79, 151.06
1, 8890, 0, 76, 48.77
0, 8006, 100, 79, 141.46
1, 8890, 100, 80, 152.51
0, 8006, 100, 79, 128.61
1, 8890, 100, 79, 145.51
0, 8006, 45, 78, 54.04
1, 8890, 52, 79, 174.81
0, 8006, 100, 79, 153.05
1, 8890, 100, 80, 156.60
0, 8006, 100, 79, 152.92
1, 8890, 82, 78, 56.00
0, 8006, 0, 77, 54.61
1, 8890, 100, 79, 160.71
0, 8006, 100, 79, 160.38
1, 8890, 100, 79, 151.73
0, 8006, 100, 79, 116.37
1, 8890, 0, 77, 52.95
0, 8006, 0, 77, 53.12
1, 8890, 100, 79, 177.32
0, 8006, 100, 79, 172.62
1, 8890, 100, 79, 137.31
0, 8006, 100, 79, 143.49
1, 8890, 0, 77, 50.03
0, 8006, 58, 78, 121.17
1, 8890, 100, 80, 194.73
0, 8006, 100, 79, 131.52
1, 8890, 100, 79, 129.55
0, 8006, 100, 79, 137.07
1, 8890, 0, 76, 49.07
0, 8006, 92, 78, 145.57
1, 8890, 100, 79, 152.52
0, 8006, 100, 79, 155.58
1, 8890, 100, 79, 131.04
0, 8006, 100, 80, 77.15
1, 8890, 0, 76, 119.70
0, 8006, 100, 79, 153.23
1, 8890, 100, 80, 154.53
0, 8006, 100, 79, 133.91
1, 8890, 100, 80, 155.79
0, 8006, 97, 78, 48.90
1, 8890, 100, 77, 148.00
0, 8006, 100, 79, 154.62
1, 8890, 100, 80, 177.15
0, 8006, 100, 79, 162.60
1, 8890, 63, 78, 55.29
0, 8006, 0, 77, 52.44
1, 8890, 100, 78, 154.92
0, 8006, 100, 79, 141.30
1, 8890, 100, 80, 174.91
0, 8006, 100, 79, 149.58
1, 8890, 58, 78, 54.10
0, 8006, 0, 77, 48.41
1, 8890, 100, 78, 143.90
0, 8006, 0, 76, 47.17
1, 8890, 100, 79, 158.65
0, 8006, 5, 75, 46.89
1, 8890, 28, 77, 52.53
0, 8006, 47, 78, 66.47
1, 8890, 50, 78, 150.62
0, 8006, 49, 78, 67.29
1, 8890, 48, 79, 143.60
0, 8006, 49, 78, 98.97
1, 8890, 48, 79, 132.23
0, 8006, 48, 78, 73.87
1, 8890, 48, 79, 147.00
0, 8006, 43, 79, 89.05
1, 8890, 53, 79, 131.26
0, 8006, 43, 79, 104.63
1, 8890, 52, 79, 135.19
0, 8006, 43, 79, 98.35
1, 8890, 54, 79, 131.50
0, 8006, 43, 79, 79.72
1, 8890, 54, 79, 150.60
0, 8006, 43, 79, 75.55
1, 8890, 54, 79, 151.45
0, 8006, 49, 77, 46.85
1, 8890, 48, 79, 70.46
0, 8006, 47, 77, 137.86
1, 8890, 50, 79, 69.21
0, 8006, 50, 78, 66.30
1, 8890, 48, 79, 109.05
0, 8006, 43, 78, 61.94
1, 8890, 54, 79, 146.70
0, 8006, 43, 78, 64.35
1, 8890, 54, 79, 161.29
0, 8006, 43, 79, 67.92
1, 8890, 54, 79, 173.80
0, 8006, 47, 79, 78.76
1, 8890, 48, 79, 145.05
0, 8006, 45, 79, 108.78
1, 8890, 53, 78, 123.79
0, 8006, 44, 78, 159.80
1, 8890, 51, 78, 71.93
0, 8006, 48, 79, 67.54
1, 8890, 50, 78, 130.27
0, 8006, 45, 79, 69.17
1, 8890, 54, 79, 170.85
0, 8006, 49, 79, 191.49
1, 8890, 48, 79, 120.31
0, 8006, 50, 79, 192.37
1, 8890, 47, 79, 127.54
0, 8006, 50, 79, 191.62
1, 8890, 48, 79, 125.26
0, 8006, 49, 79, 153.36
1, 8890, 51, 79, 144.63
0, 8006, 45, 79, 132.79
1, 8890, 54, 79, 163.69
0, 8006, 43, 79, 88.02
1, 8890, 54, 79, 186.02
0, 8006, 43, 79, 83.08
1, 8890, 54, 79, 189.50
0, 8006, 46, 79, 77.09
1, 8890, 48, 79, 183.81
0, 8006, 50, 79, 119.55
1, 8890, 49, 78, 155.26
0, 8006, 49, 79, 129.04
1, 8890, 54, 79, 167.40
0, 8278, 100, 80, 167.36
1, 9098, 0, 77, 59.59
0, 8278, 100, 79, 149.57
1, 9098, 0, 76, 58.92
0, 8278, 100, 78, 151.34
1, 9098, 100, 79, 185.88
0, 8278, 100, 79, 141.09
1, 9098, 0, 78, 50.48
0, 8278, 0, 77, 54.62
1, 9098, 100, 79, 165.37
0, 8278, 100, 79, 158.79
1, 9098, 100, 79, 134.12
0, 8278, 100, 80, 161.27
1, 9098, 0, 76, 49.02
0, 8278, 100, 79, 163.43
1, 9098, 100, 80, 181.17
0, 8278, 100, 79, 152.43
1, 9098, 36, 77, 50.46
0, 8278, 0, 77, 54.55
1, 9098, 100, 79, 200.45
0, 8278, 100, 80, 145.23
1, 9098, 100, 80, 156.08
0, 8278, 100, 80, 69.34
1, 9098, 0, 77, 144.83
0, 8278, 100, 79, 157.59
1, 9098, 100, 79, 136.10
0, 8278, 100, 79, 155.58
1, 9098, 0, 77, 54.81
0, 8278, 0, 77, 52.59
1, 9098, 100, 79, 198.54
0, 8278, 100, 80, 145.68
1, 9098, 100, 79, 148.98
0, 8278, 100, 79, 123.55
1, 9098, 0, 76, 48.90
0, 8278, 100, 78, 136.25
1, 9098, 100, 80, 168.76
0, 8278, 100, 79, 160.28
1, 9098, 61, 78, 56.97
0, 8278, 0, 77, 49.34
1, 9098, 100, 79, 169.79
0, 8278, 100, 79, 153.46
1, 9098, 100, 80, 145.35
0, 8278, 100, 79, 144.21
1, 9098, 0, 77, 49.56
0, 8278, 100, 79, 129.19
1, 9098, 100, 79, 177.61
0, 8278, 100, 79, 145.41
1, 9098, 100, 79, 164.86
0, 8278, 20, 78, 49.02
1, 9098, 56, 78, 182.82
0, 8278, 100, 79, 154.31
1, 9098, 100, 79, 160.20
0, 8278, 100, 79, 118.08
1, 9098, 0, 77, 49.60
0, 8278, 0, 77, 149.57
1, 9098, 100, 79, 183.53
0, 8278, 100, 79, 156.91
1, 9098, 100, 79, 146.83
0, 8278, 100, 79, 152.13
1, 9098, 0, 76, 52.15
0, 8278, 100, 79, 173.90
1, 9098, 100, 80, 196.36
0, 8278, 100, 80, 138.98
1, 9098, 81, 78, 55.10
0, 8278, 0, 77, 48.86
1, 9098, 100, 79, 168.61
0, 8278, 100, 79, 150.22
1, 9098, 100, 79, 157.06
0, 8278, 100, 80, 176.25
1, 9098, 0, 77, 53.34
0, 8278, 46, 78, 154.07
1, 9098, 100, 79, 149.45
0, 8278, 100, 79, 130.09
1, 9098, 100, 79, 157.22
0, 8278, 100, 79, 52.90
1, 9098, 0, 77, 193.81
0, 8278, 100, 79, 143.51
1, 9098, 100, 79, 160.01
0, 8278, 100, 79, 141.58
1, 9098, 55, 78, 53.61
0, 8278, 0, 77, 54.32
1, 9098, 100, 79, 177.85
0, 8278, 100, 79, 153.27
1, 9098, 100, 79, 113.31
0, 8278, 100, 79, 116.81
1, 9098, 0, 77, 49.37
0, 8278, 44, 78, 150.41
1, 9098, 100, 80, 171.86
0, 8278, 100, 79, 139.36
1, 9098, 100, 79, 132.53
0, 8278, 100, 79, 150.10
1, 9098, 0, 76, 49.03
0, 8278, 100, 79, 143.27
1, 9098, 100, 79, 173.20
0, 8278, 100, 79, 144.20
1, 9098, 100, 79, 50.79
0, 8278, 5, 78, 48.18
1, 9098, 69, 78, 130.44
0, 8278, 100, 79, 144.37
1, 9098, 100, 79, 138.61
0, 8278, 100, 79, 119.18
1, 9098, 44, 77, 56.53
0, 8278, 0, 77, 47.93
1, 9098, 100, 79, 159.28
0, 8278, 100, 79, 142.71
1, 9098, 100, 79, 135.49
0, 8278, 100, 79, 149.30
1, 9098, 0, 77, 49.54
0, 8278, 72, 78, 145.07
1, 9098, 100, 79, 149.88
0, 8278, 100, 79, 130.56
1, 9098, 100, 79, 137.58
0, 8278, 100, 79, 128.26
1, 9098, 0, 76, 48.87
0, 8278, 100, 78, 148.67
1, 9098, 100, 79, 161.85
0, 8278, 100, 79, 135.60
1, 9098, 100, 79, 164.94
0, 8278, 82, 78, 54.14
1, 9098, 0, 77, 149.52
0, 8278, 100, 79, 163.65
1, 9098, 100, 79, 132.14
0, 8278, 100, 79, 137.10
1, 9098, 100, 78, 50.04
0, 8278, 0, 77, 48.57
1, 9098, 89, 78, 199.18
0, 8278, 100, 79, 144.43
1, 9098, 100, 79, 124.60
0, 8278, 100, 79, 135.78
1, 9098, 0, 77, 55.78
0, 8278, 0, 77, 48.37
1, 9098, 100, 79, 155.55
0, 8278, 100, 79, 150.92
1, 9098, 100, 79, 167.92
0, 8278, 100, 79, 144.11
1, 9098, 0, 77, 54.81
0, 8278, 0, 77, 154.87
1, 9098, 100, 79, 158.95
0, 8278, 100, 79, 155.52
1, 9098, 100, 79, 160.87
0, 8278, 100, 79, 139.63
1, 9098, 0, 77, 49.33
0, 8278, 57, 78, 152.13
1, 9098, 100, 79, 179.35
0, 8278, 100, 79, 134.87
1, 9098, 100, 79, 149.74
0, 8278, 100, 79, 137.92
1, 9098, 0, 77, 54.86
0, 8278, 100, 79, 139.00
1, 9098, 100, 79, 162.85
0, 8278, 100, 79, 149.25
1, 9098, 100, 79, 162.42
0, 8278, 100, 79, 51.77
1, 9098, 9, 77, 149.16
0, 8278, 100, 79, 159.17
1, 9098, 100, 80, 188.43
0, 8278, 100, 79, 151.18
1, 9098, 100, 79, 135.57
0, 8278, 12, 78, 49.13
1, 9098, 53, 77, 149.10
0, 8278, 100, 79, 143.57
1, 9098, 100, 79, 177.56
0, 8278, 100, 79, 127.77
1, 9098, 100, 78, 55.07
0, 8278, 20, 77, 48.14
1, 9098, 45, 78, 156.99
0, 8278, 100, 79, 165.78
1, 9098, 100, 80, 164.64
0, 8278, 100, 79, 141.84
1, 9098, 100, 78, 49.79
0, 8278, 0, 77, 52.39
1, 9098, 100, 78, 189.13
0, 8278, 100, 79, 150.75
1, 9098, 100, 79, 125.97
0, 8278, 100, 79, 148.43
1, 9098, 30, 78, 50.48
0, 8278, 0, 77, 53.40
1, 9098, 100, 79, 179.22
0, 8278, 100, 79, 145.25
1, 9098, 100, 79, 135.51
0, 8278, 100, 79, 126.10
1, 9098, 0, 78, 56.06
0, 8278, 0, 77, 47.61
1, 9098, 100, 79, 178.59
0, 8278, 100, 79, 133.46
1, 9098, 100, 79, 141.03
0, 8278, 100, 79, 139.71
1, 9098, 4, 77, 50.04
0, 8278, 0, 77, 50.73
1, 9098, 100, 79, 184.42
0, 8278, 100, 79, 155.95
1, 9098, 100, 79, 178.32
0, 8278, 100, 79, 133.01
1, 9098, 0, 77, 50.04
0, 8278, 0, 77, 47.57
1, 9098, 100, 79, 188.94
0, 8278, 100, 79, 145.26
1, 9098, 100, 79, 174.24
0, 8278, 100, 79, 153.82
1, 9098, 0, 78, 57.22
0, 8278, 0, 77, 48.36
1, 9098, 100, 79, 201.15
0, 8278, 100, 79, 152.27
1, 9098, 100, 79, 151.08
0, 8278, 100, 79, 158.87
1, 9098, 0, 77, 52.41
0, 8278, 0, 77, 54.36
1, 9098, 100, 78, 167.69
0, 8278, 100, 79, 149.60
1, 9098, 100, 80, 148.92
0, 8278, 100, 79, 125.37
1, 9098, 47, 77, 56.32
0, 8278, 0, 77, 47.94
1, 9098, 100, 78, 143.01
0, 8278, 100, 79, 138.66
1, 9098, 100, 79, 139.74
0, 8278, 100, 79, 143.69
1, 9098, 60, 78, 56.69
0, 8278, 0, 77, 53.32
1, 9098, 100, 79, 169.44
0, 8278, 100, 80, 151.66
1, 9098, 100, 79, 151.83
0, 8278, 100, 79, 131.06
1, 9098, 6, 78, 52.47
0, 8278, 4, 77, 48.28
1, 9098, 100, 78, 189.99
0, 8278, 100, 79, 163.22
1, 9098, 100, 79, 164.35
0, 8278, 100, 80, 156.65
1, 9098, 75, 78, 56.00
0, 8278, 0, 77, 48.38
1, 9098, 94, 78, 163.59
0, 8278, 100, 79, 124.54
1, 9098, 100, 79, 173.93
0, 8278, 100, 79, 150.97
1, 9098, 100, 79, 124.98
0, 8278, 57, 78, 54.84
1, 9098, 18, 78, 162.53
0, 8278, 100, 79, 163.59
1, 9098, 100, 80, 162.74
0, 8278, 100, 79, 154.81
1, 9098, 100, 79, 119.56
0, 8278, 100, 78, 49.12
1, 9098, 29, 77, 139.07
0, 8278, 100, 79, 171.19
1, 9098, 100, 80, 153.20
0, 8278, 100, 79, 143.94
1, 9098, 100, 79, 128.43
0, 8278, 100, 79, 101.06
1, 9098, 0, 76, 50.10
0, 8278, 100, 78, 133.55
1, 9098, 100, 80, 175.55
0, 8278, 100, 79, 155.51
1, 9098, 100, 79, 116.55
0, 8278, 100, 79, 129.72
1, 9098, 0, 76, 49.11
0, 8278, 23, 78, 168.26
1, 9098, 100, 80, 189.05
0, 8278, 100, 80, 159.45
1, 9098, 100, 79, 137.14
0, 8278, 100, 79, 112.27
1, 9098, 0, 77, 54.45
0, 8278, 0, 76, 47.62
1, 9098, 100, 79, 160.24
0, 8278, 100, 79, 152.69
1, 9098, 100, 79, 161.10
0, 8278, 100, 79, 133.95
1, 9098, 0, 77, 49.82
0, 8278, 0, 77, 53.84
1, 9098, 100, 78, 183.15
0, 8278, 100, 79, 143.85
1, 9098, 100, 80, 164.08
0, 8278, 100, 78, 127.31
1, 9098, 87, 78, 54.59
0, 8278, 29, 78, 47.89
1, 9098, 41, 78, 166.65
0, 8278, 100, 78, 162.58
1, 9098, 100, 80, 187.45
0, 8278, 100, 80, 143.94
1, 9098, 100, 79, 123.33
0, 8278, 100, 79, 159.57
1, 9098, 0, 76, 54.52
0, 8278, 100, 79, 162.82
1, 9098, 100, 79, 195.14
0, 8278, 100, 78, 123.21
1, 9098, 100, 80, 171.39
0, 8278, 100, 79, 127.06
1, 9098, 0, 77, 54.84
0, 8278, 0, 77, 160.63
1, 9098, 100, 79, 175.14
0, 8278, 100, 79, 139.11
1, 9098, 100, 79, 138.25
0, 8278, 100, 79, 143.78
1, 9098, 0, 77, 49.78
0, 8278, 0, 77, 47.58
1, 9098, 100, 79, 203.00
0, 8278, 100, 78, 147.23
1, 9098, 100, 79, 137.13
0, 8278, 100, 79, 140.04
1, 9098, 58, 78, 56.26
0, 8278, 0, 77, 48.34
1, 9098, 77, 79, 170.72
0, 8278, 100, 80, 193.34
1, 9098, 100, 79, 150.52
0, 8278, 100, 79, 94.23
1, 9098, 100, 79, 154.52
0, 8278, 100, 79, 128.19
1, 9098, 0, 76, 54.62
0, 8278, 58, 78, 184.74
1, 9098, 100, 80, 156.04
0, 8278, 100, 80, 129.29
1, 9098, 100, 79, 146.70
0, 8278, 100, 79, 129.95
1, 9098, 0, 77, 49.60
0, 8278, 0, 76, 47.38
1, 9098, 100, 79, 163.02
0, 8278, 100, 79, 157.74
1, 9098, 100, 79, 167.37
0, 8278, 100, 79, 139.16
1, 9098, 0, 78, 50.72
0, 8278, 0, 77, 50.99
1, 9098, 100, 78, 173.61
0, 8278, 100, 79, 143.90
1, 9098, 100, 79, 139.03
0, 8278, 100, 79, 132.23
1, 9098, 100, 79, 145.38
0, 8278, 100, 78, 115.20
1, 9098, 0, 76, 48.90
0, 8278, 100, 80, 161.88
1, 9098, 100, 79, 195.93
0, 8278, 100, 79, 129.43
1, 9098, 100, 79, 140.74
0, 8278, 100, 79, 167.14
1, 9098, 0, 76, 49.06
0, 8278, 0, 77, 162.92
1, 9098, 100, 79, 184.86
0, 8278, 100, 79, 131.27
1, 9098, 100, 79, 138.82
0, 8278, 100, 79, 142.29
1, 9098, 14, 77, 50.06
0, 8278, 0, 77, 50.74
1, 9098, 100, 78, 195.23
0, 8278, 100, 79, 146.49
1, 9098, 100, 79, 131.71
0, 8278, 100, 79, 129.84
1, 9098, 100, 79, 136.43
0, 8278, 100, 79, 148.43
1, 9098, 0, 76, 48.81
0, 8278, 100, 79, 138.96
1, 9098, 100, 80, 167.88
0, 8278, 100, 79, 152.75
1, 9098, 100, 79, 141.14
0, 8278, 100, 79, 112.04
1, 9098, 0, 77, 56.63
0, 8278, 0, 76, 47.36
1, 9098, 100, 79, 178.56
0, 8278, 100, 79, 136.45
1, 9098, 100, 79, 141.51
0, 8278, 100, 79, 136.79
1, 9098, 100, 78, 50.06
0, 8278, 41, 78, 49.86
1, 9098, 23, 78, 144.88
0, 8278, 100, 79, 184.65
1, 9098, 100, 79, 133.71
0, 8278, 100, 80, 159.29
1, 9098, 100, 79, 159.79
0, 8278, 100, 79, 128.21
1, 9098, 0, 77, 52.21
0, 8278, 0, 77, 167.44
1, 9098, 100, 79, 170.68
0, 8278, 100, 79, 154.08
1, 9098, 100, 80, 138.89
0, 8278, 100, 79, 152.00
1, 9098, 0, 77, 51.68
0, 8278, 0, 77, 52.39
1, 9098, 100, 79, 175.07
0, 8278, 0, 76, 51.53
1, 9098, 100, 79, 139.13
0, 8278, 0, 75, 51.04
1, 9098, 100, 79, 139.46
0, 8278, 44, 77, 62.52
1, 9098, 50, 78, 172.88
0, 8278, 48, 78, 98.67
1, 9098, 53, 78, 166.86
0, 8278, 48, 78, 202.11
1, 9098, 50, 78, 120.19
0, 8278, 45, 78, 185.92
1, 9098, 50, 79, 71.15
0, 8278, 47, 78, 185.70
1, 9098, 52, 79, 72.83
0, 8278, 48, 78, 135.54
1, 9098, 50, 79, 109.59
0, 8278, 45, 79, 67.68
1, 9098, 50, 79, 200.49
0, 8278, 45, 79, 90.47
1, 9098, 52, 79, 187.95
0, 8278, 47, 79, 154.10
1, 9098, 51, 79, 143.93
0, 8278, 48, 79, 197.88
1, 9098, 50, 79, 70.20
0, 8278, 45, 79, 189.49
1, 9098, 52, 79, 75.69
0, 8278, 48, 78, 71.76
1, 9098, 50, 79, 196.29
0, 8278, 45, 79, 105.07
1, 9098, 50, 79, 182.81
0, 8278, 47, 79, 168.52
1, 9098, 52, 79, 133.38
0, 8278, 48, 78, 196.08
1, 9098, 52, 79, 69.44
0, 8278, 45, 78, 169.35
1, 9098, 50, 80, 87.38
0, 8278, 45, 79, 65.12
1, 9098, 52, 79, 149.16
0, 8278, 48, 79, 88.86
1, 9098, 52, 79, 181.42
0, 8278, 45, 80, 161.28
1, 9098, 50, 78, 132.46
0, 8278, 46, 79, 194.87
1, 9098, 52, 79, 69.02
0, 8278, 47, 79, 151.76
1, 9098, 52, 79, 86.30
0, 8278, 45, 79, 67.73
1, 9098, 50, 79, 163.88
0, 8278, 52, 78, 134.49
1, 9098, 48, 79, 72.57
0, 8278, 46, 78, 56.67
1, 9098, 52, 79, 207.40
0, 8278, 47, 79, 116.87
1, 9098, 49, 79, 177.22
0, 8278, 45, 79, 199.04
1, 9098, 50, 79, 71.61
0, 8278, 48, 79, 177.07
1, 9098, 52, 79, 84.12
0, 8278, 48, 78, 65.21
1, 9098, 50, 80, 162.90
0, 8278, 45, 79, 77.36
1, 9098, 49, 79, 178.91
0, 8278, 48, 79, 122.32
1, 9098, 52, 79, 145.44
0, 8278, 46, 79, 200.88
1, 9098, 49, 79, 68.53
0, 8278, 45, 78, 160.03
1, 9098, 50, 79, 93.24
0, 8278, 48, 79, 68.01
1, 9098, 52, 79, 189.45
0, 289, 0, 77, 58.45
1, 289, 34, 77, 58.63
0, 289, 0, 76, 57.72
1, 289, 0, 76, 57.42
