0, 9, 0, 39, 26.80
1, 9, 0, 39, 26.55
0, 265, 0, 40, 33.32
1, 265, 0, 39, 32.09
0, 265, 0, 40, 33.32
1, 12725, 0, 39, 32.11
0, 12880, 26, 40, 33.83
1, 12725, 0, 39, 32.11
0, 12880, 26, 40, 33.83
1, 12725, 0, 39, 32.11
0, 12880, 26, 40, 33.83
1, 12725, 0, 39, 32.11
0, 12880, 24, 40, 33.83
1, 12725, 0, 39, 32.11
0, 12880, 0, 40, 33.10
1, 12725, 98, 39, 37.19
0, 12880, 0, 40, 33.10
1, 12725, 98, 39, 37.19
0, 12880, 0, 40, 33.10
1, 12725, 90, 39, 37.19
0, 12880, 0, 40, 33.10
1, 12725, 88, 39, 37.43
0, 12880, 0, 40, 33.10
1, 12725, 28, 39, 36.70
0, 12880, 0, 40, 33.10
1, 12725, 0, 39, 36.70
0, 12880, 0, 40, 33.10
1, 12725, 0, 39, 36.70
0, 12880, 0, 40, 33.32
1, 12725, 36, 39, 33.55
0, 14122, 100, 43, 126.38
1, 13651, 0, 39, 33.43
0, 14122, 100, 45, 182.76
1, 13651, 0, 39, 33.30
0, 14122, 0, 43, 39.43
1, 14051, 100, 41, 160.95
0, 14122, 0, 41, 38.77
1, 14051, 99, 43, 155.48
0, 14122, 0, 43, 157.37
1, 14051, 44, 43, 38.86
0, 14122, 100, 45, 186.68
1, 14051, 0, 41, 37.92
0, 14122, 100, 47, 135.42
1, 14051, 0, 41, 38.01
0, 14122, 100, 47, 153.12
1, 14051, 100, 44, 171.64
0, 14122, 100, 48, 177.06
1, 14051, 100, 45, 179.86
0, 14122, 0, 46, 184.62
1, 14051, 66, 45, 149.29
0, 14122, 100, 49, 149.96
1, 14051, 100, 46, 124.07
0, 14122, 100, 49, 140.62
1, 14051, 23, 45, 39.67
0, 14122, 100, 48, 189.93
1, 14051, 100, 46, 141.79
0, 14122, 100, 50, 156.05
1, 14051, 100, 47, 165.90
0, 14122, 100, 50, 197.98
1, 14051, 0, 45, 39.04
0, 14122, 100, 50, 196.80
1, 14051, 100, 48, 123.21
0, 14122, 100, 51, 192.18
1, 14051, 100, 48, 187.88
0, 14122, 56, 49, 41.81
1, 14051, 70, 47, 190.34
0, 14122, 100, 51, 161.25
1, 14051, 100, 49, 129.46
0, 14122, 100, 52, 139.65
1, 14051, 100, 49, 153.74
0, 14122, 0, 51, 182.79
1, 14051, 100, 48, 127.39
0, 14122, 100, 52, 165.55
1, 14051, 100, 49, 126.35
0, 14122, 100, 53, 164.06
1, 14051, 100, 50, 43.99
0, 14122, 100, 52, 156.27
1, 14051, 100, 49, 179.57
0, 14122, 100, 53, 206.49
1, 14051, 100, 50, 137.92
0, 14122, 100, 54, 140.13
1, 14051, 38, 49, 42.09
0, 14122, 0, 51, 42.12
1, 14051, 100, 50, 171.00
0, 14122, 0, 50, 41.57
1, 14051, 100, 51, 175.78
0, 14122, 0, 49, 41.31
1, 14051, 37, 50, 42.25
0, 14122, 100, 52, 191.57
1, 14051, 1, 48, 40.77
0, 14122, 100, 54, 200.99
1, 14051, 0, 47, 40.24
0, 14122, 100, 55, 196.96
1, 14051, 0, 47, 40.31
0, 14122, 0, 51, 41.89
1, 14051, 100, 51, 128.98
0, 14122, 0, 50, 41.65
1, 14051, 100, 52, 141.07
0, 14122, 73, 52, 158.16
1, 14051, 69, 49, 41.57
0, 14122, 100, 54, 146.54
1, 14051, 0, 48, 40.64
0, 14122, 100, 55, 137.82
1, 14051, 0, 48, 40.63
0, 14122, 0, 52, 42.85
1, 14051, 100, 50, 142.01
0, 14122, 0, 51, 41.88
1, 14051, 100, 52, 157.56
0, 14122, 0, 50, 41.87
1, 14051, 100, 52, 171.98
0, 14122, 100, 54, 146.78
1, 14051, 0, 49, 40.15
0, 14122, 100, 55, 135.67
1, 14051, 0, 49, 39.93
0, 14122, 100, 56, 134.73
1, 14051, 0, 48, 34.12
0, 14122, 0, 52, 42.61
1, 14051, 100, 52, 146.81
0, 14122, 0, 51, 42.36
1, 14051, 100, 53, 163.76
0, 13688, 18, 51, 42.76
1, 13620, 76, 51, 43.47
0, 13688, 42, 53, 70.10
1, 13620, 50, 52, 114.08
0, 13688, 42, 53, 148.35
1, 13620, 46, 52, 70.78
0, 13688, 42, 54, 174.40
1, 13620, 42, 52, 55.16
0, 13688, 42, 54, 185.80
1, 13620, 42, 52, 46.04
0, 13688, 42, 55, 192.13
1, 13620, 42, 52, 45.06
0, 13688, 42, 55, 119.02
1, 13620, 42, 52, 134.12
0, 13688, 43, 56, 75.21
1, 13620, 42, 52, 163.52
0, 13688, 45, 55, 54.08
1, 13620, 43, 53, 176.35
0, 13688, 46, 55, 48.80
1, 13620, 45, 53, 179.94
0, 13688, 48, 55, 46.15
1, 13620, 47, 53, 181.25
0, 13688, 50, 55, 88.91
1, 13620, 48, 54, 99.23
0, 13688, 52, 55, 155.92
1, 13620, 50, 54, 62.38
0, 13688, 56, 56, 188.68
1, 13620, 52, 53, 46.53
0, 13688, 57, 56, 192.48
1, 13620, 54, 53, 44.57
0, 13688, 57, 56, 188.15
1, 13620, 56, 53, 90.37
0, 13688, 57, 57, 101.10
1, 13620, 56, 53, 148.35
0, 13688, 55, 56, 65.62
1, 13620, 56, 54, 175.15
0, 13688, 53, 56, 48.33
1, 13620, 56, 54, 179.49
0, 13688, 42, 56, 169.00
1, 13620, 44, 54, 58.05
0, 13688, 42, 56, 184.34
1, 13620, 42, 54, 49.15
0, 13688, 42, 57, 191.07
1, 13620, 42, 54, 45.77
0, 13688, 42, 57, 194.55
1, 13620, 42, 54, 44.57
0, 13688, 42, 58, 112.82
1, 13620, 42, 54, 141.87
0, 13688, 42, 57, 64.64
1, 13620, 42, 54, 172.99
0, 13688, 42, 57, 51.91
1, 13620, 42, 55, 180.54
0, 13688, 42, 57, 46.87
1, 13620, 42, 55, 144.56
0, 13688, 42, 57, 137.13
1, 13620, 42, 56, 81.76
0, 13688, 56, 58, 174.86
1, 13620, 42, 55, 53.94
0, 13688, 57, 57, 190.45
1, 13620, 42, 55, 46.26
0, 13688, 57, 59, 179.51
1, 13620, 44, 55, 99.24
0, 13688, 57, 58, 90.57
1, 13620, 46, 55, 163.02
0, 13688, 57, 58, 52.87
1, 13620, 56, 56, 179.34
0, 13688, 57, 58, 49.52
1, 13620, 56, 56, 181.01
0, 13688, 57, 58, 47.12
1, 13620, 56, 56, 146.00
0, 13688, 57, 58, 171.03
1, 13620, 56, 56, 59.25
0, 13688, 57, 59, 187.21
1, 13620, 56, 56, 49.87
0, 13688, 43, 59, 118.52
1, 13620, 50, 56, 139.31
0, 13688, 42, 60, 74.00
1, 13620, 48, 56, 168.04
0, 13688, 42, 59, 59.58
1, 13620, 46, 56, 177.29
0, 13688, 42, 59, 50.97
1, 13620, 43, 57, 183.17
0, 13688, 42, 59, 79.46
1, 13620, 42, 57, 116.46
0, 13688, 42, 59, 149.27
1, 13620, 42, 57, 72.66
0, 13688, 44, 59, 175.82
1, 13620, 42, 57, 57.56
0, 13688, 46, 60, 190.23
1, 13620, 42, 57, 48.42
0, 13688, 48, 60, 194.74
1, 13620, 42, 57, 46.26
0, 13688, 50, 60, 184.43
1, 13620, 43, 57, 99.77
0, 13688, 52, 61, 100.14
1, 13620, 47, 57, 157.27
0, 13688, 57, 61, 68.02
1, 13620, 52, 57, 175.74
0, 13688, 57, 60, 50.22
1, 13620, 56, 58, 182.43
0, 13688, 57, 60, 103.42
1, 13620, 56, 58, 104.50
0, 13688, 57, 60, 156.39
1, 13620, 56, 58, 69.77
0, 13688, 57, 60, 178.70
1, 13620, 56, 57, 54.19
0, 13688, 57, 61, 192.13
1, 13620, 56, 58, 47.94
0, 13688, 57, 61, 197.60
1, 13620, 56, 58, 50.58
0, 289, 78, 59, 46.40
1, 289, 100, 56, 44.91
0, 289, 0, 58, 45.68
1, 289, 0, 55, 43.94
0, 289, 0, 58, 45.43
1, 289, 0, 55, 43.70
