0, 9, 0, 66, 33.84
1, 9, 0, 62, 32.85
0, 265, 0, 66, 42.05
1, 265, 0, 62, 40.08
0, 7533, 20, 65, 41.80
1, 8116, 0, 61, 39.84
0, 7533, 17, 65, 41.80
1, 8116, 0, 61, 39.60
0, 7533, 0, 65, 41.31
1, 8116, 97, 61, 45.39
0, 7533, 0, 65, 41.31
1, 8116, 97, 61, 46.11
0, 7533, 0, 64, 41.31
1, 8116, 62, 61, 46.38
0, 8135, 17, 65, 146.98
1, 8752, 6, 61, 45.46
0, 8135, 100, 68, 174.45
1, 8754, 0, 61, 45.32
0, 8135, 38, 67, 49.54
1, 9094, 52, 62, 182.93
0, 8135, 0, 65, 48.13
1, 9094, 99, 64, 147.96
0, 8135, 100, 68, 169.04
1, 9094, 0, 63, 47.00
0, 8135, 100, 69, 172.53
1, 9094, 0, 61, 46.24
0, 8135, 0, 67, 49.58
1, 9094, 100, 64, 149.88
0, 8135, 0, 66, 48.53
1, 9094, 100, 65, 168.83
0, 8135, 100, 69, 173.25
1, 9094, 0, 62, 47.20
0, 8135, 100, 70, 159.10
1, 9094, 0, 62, 46.86
0, 8135, 0, 66, 49.02
1, 9094, 100, 65, 175.07
0, 8135, 0, 67, 163.11
1, 9094, 100, 64, 49.50
0, 8135, 100, 70, 201.01
1, 9094, 0, 62, 47.05
0, 8135, 0, 68, 51.51
1, 9094, 100, 63, 174.20
0, 8135, 0, 66, 49.31
1, 9094, 100, 65, 165.52
0, 8135, 100, 69, 195.14
1, 9094, 0, 63, 48.50
0, 8135, 100, 70, 192.62
1, 9094, 0, 62, 47.66
0, 8135, 0, 67, 50.26
1, 9094, 100, 65, 161.16
0, 8135, 0, 66, 49.25
1, 9094, 100, 66, 190.18
0, 8135, 100, 70, 180.82
1, 9094, 0, 63, 48.44
0, 8135, 100, 71, 157.27
1, 9094, 0, 62, 101.63
0, 8135, 0, 67, 50.91
1, 9094, 100, 65, 157.10
0, 8175, 37, 69, 189.73
1, 8816, 66, 64, 49.37
0, 8175, 100, 71, 177.81
1, 9134, 0, 63, 48.22
0, 8175, 0, 69, 52.14
1, 9134, 100, 65, 165.34
0, 8175, 100, 71, 176.64
1, 9134, 100, 66, 178.74
0, 8175, 100, 72, 200.43
1, 9134, 0, 64, 48.92
0, 8175, 83, 70, 204.07
1, 9134, 100, 66, 173.05
0, 8175, 100, 72, 162.38
1, 9134, 100, 66, 53.81
0, 8175, 0, 70, 52.41
1, 9134, 100, 66, 170.30
0, 8175, 100, 72, 161.95
1, 9134, 100, 67, 162.98
0, 8175, 100, 73, 178.14
1, 9134, 0, 65, 48.16
0, 8175, 0, 69, 52.35
1, 9134, 100, 67, 158.31
0, 8175, 0, 68, 51.71
1, 9134, 98, 67, 125.93
0, 8175, 100, 72, 204.58
1, 9134, 0, 64, 49.12
0, 8175, 46, 71, 54.83
1, 9134, 57, 65, 187.58
0, 8175, 100, 72, 188.86
1, 9134, 100, 67, 162.94
0, 8175, 100, 73, 171.23
1, 9134, 0, 65, 50.13
0, 8175, 0, 70, 119.56
1, 9134, 100, 67, 187.51
0, 8175, 100, 73, 212.63
1, 9134, 100, 68, 166.68
0, 8175, 96, 72, 55.52
1, 9134, 7, 66, 165.51
0, 8175, 100, 73, 184.08
1, 9134, 100, 68, 170.73
0, 8175, 100, 74, 179.87
1, 9134, 0, 66, 50.63
0, 8175, 0, 71, 53.59
1, 9134, 100, 68, 185.18
0, 8175, 0, 70, 52.62
1, 9134, 100, 69, 186.28
0, 8175, 100, 73, 172.45
1, 9134, 0, 66, 49.89
0, 8175, 100, 74, 193.18
1, 9134, 0, 65, 49.22
0, 8175, 100, 73, 182.09
1, 9134, 100, 68, 185.22
0, 8175, 100, 75, 179.85
1, 9134, 8, 67, 51.39
0, 8175, 0, 72, 54.56
1, 9134, 100, 68, 167.95
0, 8175, 100, 75, 173.39
1, 9134, 100, 69, 159.52
0, 8175, 100, 75, 188.18
1, 9134, 0, 66, 50.35
0, 8175, 100, 74, 171.96
1, 9134, 100, 69, 153.91
0, 8175, 100, 75, 202.64
1, 9134, 76, 68, 52.25
0, 8175, 0, 73, 54.13
1, 9134, 100, 68, 161.64
0, 8175, 0, 71, 52.66
1, 9134, 100, 69, 159.72
0, 8175, 100, 74, 184.27
1, 9134, 0, 67, 51.00
0, 8175, 100, 75, 181.89
1, 9134, 0, 66, 50.57
0, 8175, 28, 73, 202.15
1, 9134, 100, 69, 160.81
0, 8175, 100, 75, 164.35
1, 9134, 100, 70, 158.13
0, 8175, 22, 74, 55.54
1, 9134, 80, 68, 173.85
0, 8175, 100, 75, 175.74
1, 9134, 100, 70, 155.00
0, 8175, 100, 76, 200.84
1, 9134, 0, 68, 51.98
0, 8175, 0, 74, 175.67
1, 9134, 100, 69, 165.31
0, 8175, 100, 76, 217.02
1, 9134, 100, 70, 197.40
0, 8175, 76, 75, 56.30
1, 9134, 26, 69, 154.55
0, 8175, 0, 73, 53.61
1, 9134, 100, 70, 171.82
0, 8175, 100, 75, 205.27
1, 9134, 0, 68, 52.49
0, 8175, 100, 76, 173.38
1, 9134, 0, 67, 51.10
0, 8175, 0, 73, 54.61
1, 9134, 100, 69, 158.64
0, 8175, 100, 77, 199.49
1, 9134, 100, 70, 170.25
0, 8175, 100, 77, 100.27
1, 9134, 0, 67, 138.96
0, 8175, 100, 76, 189.05
1, 9134, 100, 71, 159.42
0, 8175, 100, 77, 199.48
1, 9134, 0, 69, 53.40
0, 8175, 0, 74, 56.24
1, 9134, 100, 70, 171.20
0, 8175, 100, 77, 223.98
1, 9134, 100, 71, 191.75
0, 8175, 100, 78, 163.29
1, 9134, 0, 68, 69.96
0, 8175, 0, 74, 55.29
1, 9134, 100, 71, 171.24
0, 8175, 100, 75, 208.43
1, 9134, 0, 70, 53.91
0, 8175, 100, 77, 188.63
1, 9134, 0, 68, 51.77
0, 8175, 0, 75, 56.78
1, 9134, 100, 70, 152.48
0, 8175, 100, 77, 186.30
1, 9134, 100, 71, 188.45
0, 8175, 100, 78, 209.28
1, 9134, 0, 69, 52.55
0, 8175, 72, 77, 173.51
1, 9134, 100, 71, 208.65
0, 8175, 100, 78, 206.21
1, 9134, 100, 71, 55.58
0, 8175, 0, 76, 57.45
1, 9134, 100, 71, 167.26
0, 8175, 100, 78, 209.40
1, 9134, 100, 72, 171.79
0, 8175, 100, 79, 166.55
1, 9134, 0, 69, 52.80
0, 8175, 0, 75, 56.19
1, 9134, 100, 72, 173.75
0, 7673, 5, 74, 85.38
1, 8343, 98, 71, 59.17
0, 7673, 46, 77, 70.61
1, 8345, 52, 71, 190.15
0, 7673, 46, 77, 89.27
1, 8345, 52, 71, 178.50
0, 7673, 48, 77, 101.53
1, 8345, 49, 71, 172.88
0, 7673, 48, 77, 194.02
1, 8345, 50, 71, 114.05
0, 7673, 45, 77, 195.62
1, 8345, 52, 72, 67.57
0, 7673, 45, 77, 158.36
1, 8345, 49, 72, 87.64
0, 7673, 48, 77, 64.82
1, 8345, 49, 72, 117.28
0, 7673, 46, 77, 66.99
1, 8345, 52, 72, 160.99
0, 7673, 45, 77, 79.71
1, 8345, 52, 72, 187.74
0, 7673, 48, 77, 121.68
1, 8345, 50, 71, 174.19
0, 7673, 45, 77, 157.47
1, 8345, 52, 71, 158.03
0, 7673, 44, 77, 178.01
1, 8345, 53, 71, 148.88
0, 7673, 48, 77, 207.79
1, 8345, 50, 71, 141.39
0, 7673, 48, 78, 204.79
1, 8345, 52, 71, 89.26
0, 7673, 45, 77, 181.12
1, 8345, 52, 72, 74.26
0, 7673, 48, 77, 121.07
1, 8345, 50, 72, 112.96
0, 7673, 48, 77, 89.20
1, 8345, 50, 72, 134.39
0, 7673, 45, 78, 76.30
1, 8345, 52, 72, 188.32
0, 7673, 46, 78, 116.47
1, 8345, 52, 72, 174.68
0, 7673, 48, 78, 119.66
1, 8345, 49, 72, 159.49
0, 7673, 46, 78, 206.62
1, 8345, 51, 72, 119.88
0, 7673, 46, 77, 186.76
1, 8345, 52, 72, 69.70
0, 7673, 48, 77, 168.17
1, 8345, 50, 72, 74.74
0, 7673, 48, 78, 152.16
1, 8345, 50, 72, 96.23
0, 7673, 45, 78, 66.03
1, 8345, 52, 72, 156.66
0, 7673, 48, 78, 80.90
1, 8345, 49, 72, 186.66
0, 7673, 48, 78, 138.95
1, 8345, 49, 72, 148.00
0, 7673, 45, 78, 201.60
1, 8345, 52, 72, 64.20
0, 7673, 45, 78, 161.40
1, 8345, 49, 73, 86.48
0, 7673, 48, 78, 65.31
1, 8345, 49, 73, 168.78
0, 7673, 45, 78, 78.74
1, 8345, 52, 72, 186.44
0, 7673, 45, 78, 86.88
1, 8345, 52, 72, 181.50
0, 7673, 48, 78, 206.96
1, 8345, 49, 72, 82.70
0, 7673, 45, 78, 196.10
1, 8345, 52, 72, 66.85
0, 7673, 45, 78, 129.29
1, 8345, 51, 73, 90.27
0, 7673, 48, 78, 67.00
1, 8345, 49, 73, 148.21
0, 7673, 46, 79, 76.58
1, 8345, 52, 72, 188.13
0, 7673, 45, 78, 112.45
1, 8345, 52, 72, 168.00
0, 7673, 48, 78, 140.79
1, 8345, 50, 73, 166.99
0, 7673, 48, 78, 206.97
1, 8345, 50, 73, 126.43
0, 7673, 46, 78, 206.58
1, 8345, 52, 73, 82.66
0, 7673, 48, 78, 182.32
1, 8345, 52, 73, 75.22
0, 7673, 48, 78, 115.48
1, 8345, 50, 73, 120.11
0, 7673, 46, 78, 78.01
1, 8345, 52, 73, 187.74
0, 7673, 46, 79, 116.78
1, 8345, 52, 73, 166.43
0, 7673, 48, 79, 208.51
1, 8345, 50, 73, 114.97
0, 7673, 48, 78, 193.23
1, 8345, 51, 73, 69.49
0, 7673, 45, 78, 148.63
1, 8345, 52, 73, 97.90
0, 7673, 48, 78, 118.33
1, 8345, 50, 74, 113.45
0, 7673, 48, 79, 71.08
1, 8345, 50, 73, 191.57
0, 7673, 45, 79, 91.39
1, 8345, 53, 73, 181.50
0, 7673, 47, 79, 101.22
1, 8345, 50, 73, 176.50
0, 7673, 48, 79, 171.41
1, 8345, 49, 73, 130.81
0, 7673, 45, 78, 205.63
1, 8345, 52, 73, 104.83
0, 289, 0, 76, 57.49
1, 289, 0, 71, 54.54
0, 289, 0, 75, 56.76
1, 289, 0, 70, 53.82
