0, 9, 0, 60, 31.65
1, 9, 0, 41, 27.01
0, 265, 0, 60, 39.88
1, 265, 0, 42, 32.81
0, 265, 0, 61, 39.38
1, 265, 0, 42, 32.81
0, 265, 0, 60, 39.62
1, 265, 0, 42, 32.81
0, 265, 0, 60, 39.64
1, 265, 0, 41, 32.81
0, 265, 0, 60, 39.40
1, 265, 0, 42, 32.81
0, 265, 0, 60, 39.40
1, 265, 0, 41, 32.81
0, 5543, 22, 60, 39.88
1, 6683, 0, 41, 32.81
0, 5543, 25, 60, 40.13
1, 6683, 0, 41, 32.81
0, 5543, 0, 59, 39.40
1, 6683, 96, 42, 38.13
0, 5543, 0, 59, 39.15
1, 6683, 96, 42, 38.15
0, 5543, 0, 59, 39.15
1, 6683, 97, 42, 38.13
0, 6145, 100, 62, 166.70
1, 7319, 0, 42, 37.16
0, 6145, 100, 64, 176.62
1, 7321, 0, 42, 37.43
0, 6145, 0, 61, 46.19
1, 7661, 99, 45, 142.43
0, 6145, 0, 60, 45.67
1, 7661, 99, 46, 157.82
0, 6145, 100, 63, 164.65
1, 7661, 0, 43, 38.91
0, 6145, 100, 64, 73.19
1, 7661, 0, 43, 133.20
0, 6145, 0, 61, 45.20
1, 7661, 100, 46, 163.93
0, 6145, 100, 63, 166.21
1, 7661, 0, 45, 39.87
0, 6145, 100, 64, 183.09
1, 7661, 0, 44, 39.30
0, 6145, 0, 62, 47.15
1, 7661, 100, 46, 145.09
0, 6145, 0, 61, 45.95
1, 7661, 100, 47, 138.46
0, 6145, 100, 64, 182.13
1, 7661, 0, 45, 39.51
0, 6145, 100, 65, 161.27
1, 7661, 0, 44, 39.35
0, 6145, 0, 62, 46.69
1, 7661, 100, 47, 154.20
0, 6145, 0, 61, 46.19
1, 7661, 100, 48, 139.90
0, 6145, 100, 65, 168.75
1, 7661, 0, 45, 40.31
0, 6145, 70, 64, 48.57
1, 7661, 50, 46, 147.22
0, 6145, 0, 62, 46.45
1, 7661, 100, 48, 140.13
0, 6145, 100, 64, 188.95
1, 7661, 0, 47, 40.98
0, 6145, 100, 65, 162.38
1, 7661, 0, 46, 40.35
0, 6145, 0, 63, 47.57
1, 7661, 100, 48, 137.92
0, 6145, 0, 62, 46.37
1, 7661, 100, 49, 190.95
0, 6189, 100, 65, 155.79
1, 7704, 0, 46, 40.59
0, 6189, 100, 66, 64.28
1, 7704, 0, 46, 165.68
0, 6189, 100, 65, 186.47
1, 7704, 100, 49, 171.48
0, 6189, 100, 66, 199.82
1, 7704, 74, 48, 158.13
0, 6189, 100, 66, 171.65
1, 7704, 100, 50, 174.90
0, 6189, 100, 67, 193.82
1, 7704, 0, 48, 41.77
0, 6189, 0, 64, 48.13
1, 7704, 100, 50, 160.21
0, 6189, 100, 67, 191.08
1, 7704, 100, 51, 191.30
0, 6189, 100, 67, 54.37
1, 7704, 0, 49, 153.12
0, 6189, 0, 64, 48.09
1, 7704, 100, 51, 152.95
0, 6189, 15, 65, 159.60
1, 7704, 67, 50, 42.00
0, 6189, 100, 67, 174.00
1, 7704, 0, 48, 41.00
0, 6189, 0, 65, 49.53
1, 7704, 100, 50, 168.44
0, 6189, 100, 67, 182.74
1, 7704, 100, 51, 170.50
0, 6189, 100, 68, 175.18
1, 7704, 0, 49, 41.53
0, 6189, 9, 66, 183.42
1, 7704, 100, 51, 138.21
0, 6189, 100, 68, 195.84
1, 7704, 100, 52, 156.83
0, 6189, 64, 67, 50.47
1, 7704, 51, 51, 160.43
0, 6189, 100, 68, 166.40
1, 7704, 100, 53, 145.02
0, 6189, 100, 69, 175.21
1, 7704, 93, 52, 151.77
0, 6189, 0, 65, 48.80
1, 7704, 100, 53, 149.53
0, 6189, 100, 67, 156.81
1, 7704, 0, 51, 42.92
0, 6189, 100, 68, 168.75
1, 7704, 0, 50, 41.94
0, 6189, 0, 66, 49.49
1, 7704, 100, 53, 185.90
0, 6189, 100, 69, 155.60
1, 7704, 100, 54, 161.01
0, 6189, 60, 67, 49.74
1, 7704, 50, 53, 189.24
0, 6189, 100, 69, 156.90
1, 7704, 100, 54, 179.05
0, 6189, 100, 69, 183.40
1, 7704, 0, 52, 43.16
0, 6189, 14, 67, 184.20
1, 7704, 100, 54, 161.76
0, 6189, 100, 70, 185.99
1, 7704, 0, 53, 43.70
0, 6189, 0, 67, 50.04
1, 7704, 100, 54, 158.99
0, 6189, 0, 66, 49.34
1, 7704, 100, 55, 143.48
0, 6189, 100, 69, 159.28
1, 7704, 0, 53, 42.95
0, 6189, 100, 70, 181.30
1, 7704, 0, 52, 42.37
0, 6189, 52, 68, 167.95
1, 7704, 100, 56, 154.60
0, 6189, 100, 71, 169.23
1, 7704, 0, 53, 43.45
0, 6189, 100, 70, 163.85
1, 7704, 100, 56, 146.95
0, 6189, 100, 71, 168.61
1, 7704, 0, 54, 43.66
0, 6189, 60, 70, 173.65
1, 7704, 100, 56, 153.96
0, 6189, 100, 71, 184.30
1, 7704, 100, 56, 43.86
0, 6189, 0, 69, 51.75
1, 7704, 100, 55, 163.89
0, 6189, 0, 67, 50.29
1, 7704, 100, 56, 187.44
0, 6189, 100, 70, 176.01
1, 7704, 0, 55, 43.84
0, 6189, 100, 71, 199.42
1, 7704, 0, 53, 43.41
0, 6189, 0, 68, 51.04
1, 7704, 100, 56, 154.93
0, 6189, 100, 71, 174.36
1, 7704, 0, 55, 44.64
0, 6189, 0, 69, 51.47
1, 7704, 100, 56, 156.49
0, 6189, 100, 72, 182.14
1, 7704, 100, 58, 157.87
0, 6189, 18, 70, 53.59
1, 7704, 100, 57, 156.20
0, 6189, 100, 72, 178.29
1, 7704, 100, 58, 171.65
0, 6189, 100, 73, 177.21
1, 7704, 0, 55, 44.40
0, 6189, 0, 69, 51.43
1, 7704, 100, 58, 171.46
0, 6189, 0, 70, 164.27
1, 7704, 89, 57, 45.77
0, 6189, 100, 72, 207.04
1, 7704, 0, 55, 43.82
0, 6189, 100, 71, 205.82
1, 7704, 100, 58, 157.83
0, 6189, 100, 73, 185.10
1, 7704, 36, 57, 45.23
0, 6189, 0, 70, 52.86
1, 7704, 100, 58, 182.52
0, 6189, 100, 73, 168.10
1, 7704, 100, 59, 148.17
0, 6189, 100, 74, 192.27
1, 7704, 0, 56, 44.54
0, 6189, 100, 72, 207.63
1, 7704, 100, 59, 172.73
0, 6189, 100, 74, 204.62
1, 7704, 62, 58, 46.91
0, 6189, 0, 71, 53.83
1, 7704, 100, 58, 175.49
0, 6189, 0, 70, 52.38
1, 7704, 100, 59, 180.30
0, 5687, 49, 71, 191.44
1, 6915, 49, 59, 70.32
0, 5687, 50, 71, 191.95
1, 6915, 49, 58, 62.12
0, 5687, 50, 72, 185.37
1, 6915, 49, 58, 72.18
0, 5687, 50, 73, 148.27
1, 6915, 47, 58, 132.80
0, 5687, 49, 73, 177.37
1, 6915, 47, 58, 110.22
0, 5687, 48, 73, 179.34
1, 6915, 47, 58, 106.87
0, 5687, 48, 72, 192.32
1, 6915, 49, 58, 133.51
0, 5687, 50, 73, 78.57
1, 6915, 49, 59, 164.67
0, 5687, 50, 73, 84.36
1, 6915, 47, 59, 158.62
0, 5687, 50, 73, 79.78
1, 6915, 47, 59, 162.30
0, 5687, 49, 73, 108.79
1, 6915, 47, 59, 143.53
0, 5687, 48, 73, 96.57
1, 6915, 49, 59, 151.91
0, 5687, 50, 73, 106.80
1, 6915, 49, 59, 147.92
0, 5687, 50, 73, 129.79
1, 6915, 48, 59, 163.34
0, 5687, 50, 73, 73.51
1, 6915, 47, 60, 169.42
0, 5687, 49, 73, 72.35
1, 6915, 48, 59, 63.08
0, 5687, 49, 72, 185.36
1, 6915, 49, 59, 54.41
0, 5687, 49, 72, 181.76
1, 6915, 49, 59, 52.48
0, 5687, 50, 73, 62.00
1, 6915, 49, 60, 121.80
0, 5687, 50, 73, 65.09
1, 6915, 47, 60, 178.07
0, 5687, 46, 73, 79.06
1, 6915, 48, 59, 156.32
0, 5687, 48, 73, 95.78
1, 6915, 49, 60, 154.09
0, 5687, 50, 74, 81.18
1, 6915, 49, 60, 167.93
0, 5687, 50, 73, 81.70
1, 6915, 49, 60, 163.63
0, 5687, 50, 74, 99.24
1, 6915, 47, 60, 67.11
0, 5687, 48, 73, 190.64
1, 6915, 49, 60, 53.21
0, 5687, 50, 73, 185.94
1, 6915, 49, 60, 52.97
0, 5687, 50, 73, 194.46
1, 6915, 49, 60, 107.57
0, 5687, 50, 73, 194.68
1, 6915, 47, 60, 156.79
0, 5687, 49, 74, 96.03
1, 6915, 47, 61, 171.11
0, 5687, 48, 73, 62.90
1, 6915, 49, 61, 131.73
0, 5687, 50, 73, 62.67
1, 6915, 49, 61, 140.21
0, 5687, 50, 74, 65.36
1, 6915, 49, 61, 104.72
0, 5687, 50, 74, 74.22
1, 6915, 47, 61, 168.65
0, 5687, 49, 74, 77.60
1, 6915, 47, 61, 62.57
0, 5687, 49, 73, 186.91
1, 6915, 49, 61, 54.61
0, 5687, 48, 74, 188.84
1, 6915, 49, 61, 52.97
0, 5687, 50, 74, 189.76
1, 6915, 49, 61, 111.09
0, 5687, 50, 74, 158.83
1, 6915, 47, 61, 120.66
0, 5687, 50, 74, 194.34
1, 6915, 48, 61, 111.14
0, 5687, 48, 74, 115.38
1, 6915, 47, 61, 66.66
0, 5687, 48, 74, 166.06
1, 6915, 49, 61, 64.25
0, 5687, 50, 74, 160.08
1, 6915, 49, 62, 71.14
0, 5687, 50, 74, 179.60
1, 6915, 49, 61, 58.92
0, 5687, 50, 74, 177.90
1, 6915, 47, 61, 78.87
0, 5687, 48, 74, 195.67
1, 6915, 47, 61, 117.10
0, 5687, 48, 74, 123.24
1, 6915, 49, 61, 140.39
0, 5687, 49, 75, 145.21
1, 6915, 49, 62, 131.29
0, 289, 91, 73, 55.79
1, 289, 100, 61, 47.51
0, 289, 0, 71, 54.58
1, 289, 0, 59, 46.57
