0, 9, 0, 75, 46.14
1, 9, 0, 73, 46.36
0, 265, 0, 74, 45.90
1, 14014, 0, 70, 44.91
0, 14238, 25, 72, 45.92
1, 14014, 0, 70, 44.91
0, 14238, 25, 72, 45.66
1, 14014, 0, 70, 44.66
0, 14238, 25, 72, 45.69
1, 14014, 0, 70, 44.66
0, 14238, 24, 72, 45.44
1, 14014, 0, 69, 44.43
0, 14238, 22, 72, 45.20
1, 14014, 0, 69, 44.69
0, 14238, 0, 71, 44.68
1, 14014, 88, 69, 50.24
0, 14238, 0, 71, 44.44
1, 14014, 84, 69, 51.17
0, 14238, 0, 71, 44.44
1, 14014, 84, 69, 50.96
0, 14238, 0, 71, 44.20
1, 14014, 89, 69, 50.72
0, 14238, 0, 70, 43.98
1, 14014, 0, 69, 49.99
0, 14238, 0, 70, 44.20
1, 14014, 41, 69, 50.47
0, 14238, 0, 70, 43.98
1, 14014, 37, 68, 49.97
0, 14238, 0, 70, 43.98
1, 14014, 38, 68, 49.99
0, 14238, 0, 70, 43.98
1, 14014, 0, 68, 49.51
0, 14238, 0, 69, 43.73
1, 14014, 0, 68, 49.51
0, 14238, 0, 69, 43.73
1, 14014, 0, 67, 49.26
0, 14360, 5, 69, 43.73
1, 14136, 5, 67, 48.98
0, 14360, 53, 72, 210.93
1, 14162, 53, 69, 53.65
0, 14360, 46, 72, 56.19
1, 14162, 45, 71, 198.88
0, 14360, 53, 73, 215.07
1, 14162, 52, 70, 54.12
0, 14360, 46, 72, 61.54
1, 14162, 45, 71, 141.09
0, 14360, 53, 74, 164.79
1, 14162, 49, 70, 129.31
0, 14360, 46, 73, 159.96
1, 14162, 45, 71, 85.24
0, 14360, 53, 74, 88.78
1, 14162, 52, 71, 181.50
0, 14360, 46, 73, 180.84
1, 14162, 48, 71, 89.84
0, 14360, 53, 75, 72.47
1, 14162, 46, 70, 191.57
0, 14360, 46, 74, 202.54
1, 14162, 53, 71, 59.87
0, 14360, 53, 74, 66.03
1, 14162, 45, 71, 192.63
0, 14360, 46, 75, 211.71
1, 14162, 53, 71, 57.01
0, 14360, 53, 75, 60.53
1, 14162, 45, 72, 196.71
0, 14360, 46, 74, 214.93
1, 14162, 52, 71, 55.54
0, 14360, 53, 74, 57.64
1, 14162, 45, 72, 202.38
0, 14360, 51, 75, 216.48
1, 14162, 52, 71, 55.29
0, 14360, 45, 74, 57.64
1, 14162, 45, 72, 200.63
0, 14360, 53, 75, 209.21
1, 14162, 52, 71, 125.96
0, 14360, 52, 74, 164.27
1, 14162, 45, 72, 83.36
0, 14360, 49, 76, 96.17
1, 14162, 52, 71, 178.40
0, 14360, 46, 75, 179.34
1, 14162, 45, 72, 75.94
0, 14360, 53, 76, 87.53
1, 14162, 52, 72, 182.38
0, 14360, 45, 75, 195.96
1, 14162, 45, 72, 66.32
0, 14360, 54, 76, 73.44
1, 14162, 48, 71, 190.69
0, 14360, 46, 75, 208.73
1, 14162, 51, 72, 60.10
0, 14360, 53, 76, 65.05
1, 14162, 45, 72, 196.59
0, 14360, 46, 76, 211.71
1, 14162, 52, 72, 58.43
0, 14360, 53, 76, 63.14
1, 14162, 45, 73, 198.26
0, 14360, 46, 76, 214.34
1, 14162, 52, 72, 57.00
0, 14360, 53, 76, 58.85
1, 14162, 45, 73, 198.62
0, 14360, 46, 77, 218.13
1, 14162, 52, 72, 59.88
0, 14360, 53, 76, 81.18
1, 14162, 45, 73, 140.73
0, 14360, 46, 77, 150.67
1, 14162, 51, 72, 144.21
0, 14360, 51, 76, 145.29
1, 14162, 45, 73, 98.15
0, 14360, 46, 77, 90.89
1, 14162, 52, 72, 180.76
0, 14360, 50, 76, 189.03
1, 14162, 45, 73, 70.88
0, 14360, 51, 77, 76.28
1, 14162, 52, 73, 190.61
0, 14360, 46, 77, 212.54
1, 14162, 48, 72, 58.66
0, 14360, 53, 77, 61.93
1, 14162, 46, 73, 200.27
0, 14360, 46, 77, 212.88
1, 14162, 52, 73, 58.89
0, 14360, 54, 77, 63.87
1, 14162, 45, 73, 198.40
0, 14360, 46, 77, 216.82
1, 14162, 52, 73, 57.20
0, 14360, 53, 77, 60.49
1, 14162, 45, 73, 201.22
0, 14360, 46, 78, 219.20
1, 14162, 52, 73, 56.25
0, 14360, 53, 77, 59.29
1, 14162, 45, 74, 149.61
0, 14360, 45, 78, 103.08
1, 14162, 52, 72, 173.98
0, 14360, 54, 77, 193.08
1, 14162, 45, 73, 66.55
0, 14360, 46, 78, 69.35
1, 14162, 52, 73, 194.89
0, 14360, 53, 78, 217.18
1, 14162, 45, 73, 57.93
0, 14360, 46, 77, 61.45
1, 14162, 52, 74, 199.54
0, 14360, 53, 78, 219.20
1, 14162, 45, 73, 56.73
0, 14360, 46, 78, 60.25
1, 14162, 52, 74, 201.45
0, 14360, 53, 78, 213.11
1, 14162, 45, 73, 104.55
0, 14360, 46, 78, 129.66
1, 14162, 52, 74, 111.67
0, 14360, 47, 79, 175.57
1, 14162, 45, 73, 130.65
0, 14360, 53, 78, 135.69
1, 14162, 50, 74, 106.50
0, 14360, 46, 79, 100.92
1, 14162, 49, 74, 177.64
0, 14360, 54, 78, 201.09
1, 14162, 47, 74, 66.08
0, 15060, 46, 79, 219.91
1, 14914, 52, 73, 56.04
0, 15480, 100, 79, 187.87
1, 14914, 0, 71, 54.19
0, 15480, 100, 79, 174.01
1, 14914, 0, 71, 53.73
0, 15480, 100, 78, 52.22
1, 15334, 0, 70, 163.17
0, 15480, 100, 78, 192.73
1, 15334, 100, 74, 201.65
0, 15480, 100, 79, 187.95
1, 15334, 100, 74, 139.56
0, 15480, 100, 79, 162.48
1, 15334, 0, 72, 53.83
0, 15480, 100, 78, 172.92
1, 15334, 100, 74, 199.91
0, 15480, 100, 79, 130.60
1, 15334, 100, 75, 206.98
0, 15480, 100, 79, 155.42
1, 15334, 0, 73, 55.05
0, 15480, 0, 77, 53.60
1, 15334, 100, 74, 170.76
0, 15480, 100, 79, 139.83
1, 15334, 100, 75, 139.85
0, 15480, 100, 79, 184.50
1, 15334, 100, 76, 167.79
0, 15480, 100, 78, 48.82
1, 15334, 0, 73, 156.65
0, 15480, 100, 79, 147.03
1, 15334, 100, 75, 148.14
0, 15480, 100, 79, 143.11
1, 15334, 100, 76, 205.89
0, 15480, 100, 79, 153.58
1, 15334, 0, 73, 55.72
0, 15480, 0, 78, 116.98
1, 15334, 100, 75, 206.87
0, 15480, 100, 79, 143.58
1, 15334, 100, 76, 193.75
0, 15480, 100, 79, 156.24
1, 15334, 100, 77, 145.94
0, 15480, 100, 79, 74.92
1, 15334, 0, 73, 142.86
0, 15480, 100, 79, 179.34
1, 15334, 100, 76, 183.25
0, 15480, 100, 79, 128.43
1, 15334, 100, 77, 184.70
0, 15480, 100, 79, 132.18
1, 15334, 0, 75, 57.04
0, 15480, 16, 77, 48.13
1, 15334, 67, 75, 180.69
0, 15480, 100, 79, 119.08
1, 15334, 100, 77, 147.57
0, 15480, 100, 79, 141.26
1, 15334, 100, 77, 180.75
0, 15480, 100, 79, 157.30
1, 15334, 0, 75, 56.67
0, 15480, 0, 77, 48.13
1, 15334, 100, 76, 152.18
0, 15480, 0, 76, 47.11
1, 15334, 100, 77, 210.66
0, 15480, 0, 76, 46.69
1, 15334, 100, 78, 144.62
0, 15480, 21, 75, 46.61
1, 15334, 64, 75, 57.47
0, 15480, 48, 78, 59.27
1, 15334, 51, 77, 207.98
0, 15480, 51, 78, 207.40
1, 15334, 47, 77, 65.83
0, 15480, 51, 79, 223.10
1, 15334, 47, 76, 65.14
0, 15480, 48, 79, 66.46
1, 15334, 47, 76, 203.34
0, 15480, 50, 78, 52.57
1, 15334, 48, 77, 208.34
0, 15480, 48, 78, 185.49
1, 15334, 50, 77, 65.90
0, 15480, 48, 79, 206.84
1, 15334, 50, 76, 59.43
0, 15480, 51, 79, 61.45
1, 15334, 47, 76, 204.31
0, 15480, 51, 79, 59.99
1, 15334, 47, 77, 172.98
0, 15480, 100, 77, 88.98
1, 15334, 0, 76, 61.21
0, 15480, 59, 77, 124.06
1, 15334, 47, 75, 60.15
0, 15480, 51, 77, 47.06
1, 15334, 45, 77, 204.26
0, 15480, 51, 77, 93.93
1, 15334, 48, 76, 105.49
0, 15480, 51, 78, 188.03
1, 15334, 49, 76, 62.09
0, 15480, 51, 79, 201.37
1, 15334, 47, 76, 96.98
0, 15480, 48, 79, 62.41
1, 15334, 47, 76, 204.21
0, 15480, 48, 78, 60.97
1, 15334, 47, 77, 208.92
0, 15480, 48, 79, 195.59
1, 15334, 50, 76, 69.20
0, 15480, 51, 79, 192.92
1, 15334, 50, 76, 59.68
0, 15480, 51, 79, 84.88
1, 15334, 50, 76, 189.64
0, 15480, 51, 79, 60.45
1, 15334, 47, 77, 207.98
0, 15480, 48, 79, 222.02
1, 15334, 50, 76, 59.10
0, 15480, 60, 78, 125.52
1, 15334, 39, 76, 59.41
0, 15480, 52, 78, 151.06
1, 15334, 47, 76, 61.71
0, 15480, 51, 78, 164.60
1, 15334, 47, 76, 60.48
0, 15480, 48, 79, 174.09
1, 15334, 47, 76, 123.15
0, 15480, 48, 79, 64.09
1, 15334, 51, 77, 204.99
0, 15480, 54, 78, 74.28
1, 15334, 47, 76, 173.14
0, 15480, 51, 78, 79.97
1, 15334, 47, 76, 178.22
0, 15480, 49, 78, 54.72
1, 15334, 47, 77, 205.26
0, 15480, 48, 78, 116.52
1, 15334, 50, 77, 113.22
0, 15480, 51, 78, 203.49
1, 15334, 50, 77, 61.55
0, 15480, 51, 79, 130.54
1, 15334, 49, 76, 163.17
0, 15480, 51, 78, 52.90
1, 15334, 47, 76, 191.07
0, 15480, 51, 78, 140.46
1, 15334, 45, 76, 59.63
0, 15480, 51, 78, 163.17
1, 15334, 48, 76, 59.32
0, 15480, 51, 79, 80.62
1, 15334, 50, 76, 189.65
0, 15480, 52, 78, 55.71
1, 15334, 50, 77, 208.22
0, 15480, 48, 78, 171.83
1, 15334, 47, 77, 80.25
0, 15480, 48, 79, 215.38
1, 15334, 47, 77, 60.34
0, 15480, 100, 77, 107.59
1, 15334, 47, 77, 96.68
0, 15480, 57, 78, 120.79
1, 15334, 47, 76, 88.65
0, 15480, 25, 77, 49.45
1, 15334, 47, 77, 206.37
0, 15480, 51, 78, 197.01
1, 15334, 50, 77, 72.31
0, 15480, 51, 78, 135.26
1, 15334, 47, 76, 60.09
0, 15480, 51, 78, 161.01
1, 15334, 46, 76, 60.05
0, 15480, 48, 78, 193.40
1, 15334, 49, 76, 59.93
0, 15480, 52, 79, 178.53
1, 15334, 47, 76, 125.98
0, 15480, 51, 79, 67.66
1, 15334, 50, 77, 203.82
0, 15480, 49, 79, 60.69
1, 15334, 47, 77, 208.96
0, 15480, 48, 78, 190.28
1, 15334, 47, 77, 66.14
0, 15480, 48, 79, 216.46
1, 15334, 47, 77, 79.47
0, 15480, 48, 79, 73.67
1, 15334, 47, 77, 203.92
0, 15480, 51, 78, 56.63
1, 15334, 50, 78, 182.31
0, 15480, 52, 78, 145.76
1, 15334, 47, 77, 69.42
0, 15480, 51, 78, 164.49
1, 15334, 47, 77, 62.90
0, 15480, 49, 79, 195.55
1, 15334, 47, 77, 60.61
0, 15480, 48, 79, 84.21
1, 15334, 47, 77, 191.75
0, 15480, 48, 78, 58.08
1, 15334, 47, 78, 208.94
0, 15480, 51, 79, 202.15
1, 15334, 50, 77, 68.96
0, 15480, 51, 80, 213.88
1, 15334, 52, 77, 57.72
0, 15480, 48, 80, 71.03
1, 15334, 47, 78, 203.10
0, 15480, 48, 79, 56.15
1, 15334, 47, 78, 212.16
0, 289, 100, 77, 58.18
1, 289, 100, 76, 61.77
0, 289, 0, 76, 54.58
1, 289, 0, 75, 57.66
0, 289, 0, 76, 54.10
1, 289, 0, 74, 57.18
0, 289, 0, 75, 46.38
1, 289, 0, 73, 46.60
