timestamp,index,temperature.gpu,power.draw,utilization.gpu,memory.used,clocks.current.graphics,clocks.current.memory,pstate,clocks_event_reasons.active
2026/09/19 01:13:28.705, 0, 70, 49.25, 0, 12708, 1316, 715, P0, 0x0000000000000000
2026/09/19 01:13:28.708, 1, 70, 51.64, 0, 12708, 1328, 715, P0, 0x0000000000000000
2026/09/19 01:13:29.718, 0, 72, 128.58, 74, 12930, 1328, 715, P0, 0x0000000000000000
2026/09/19 01:13:29.722, 1, 72, 125.07, 99, 12930, 1328, 715, P0, 0x0000000000000000
2026/09/19 01:13:30.730, 0, 74, 155.55, 76, 12930, 1328, 715, P0, 0x0000000000000000
2026/09/19 01:13:30.733, 1, 73, 132.34, 99, 12930, 1328, 715, P0, 0x0000000000000000
2026/09/19 01:13:31.738, 0, 74, 118.79, 74, 12930, 1328, 715, P0, 0x0000000000000000
2026/09/19 01:13:31.741, 1, 74, 160.81, 99, 12930, 1328, 715, P0, 0x0000000000000000
2026/09/19 01:13:32.747, 0, 75, 195.17, 70, 12930, 1328, 715, P0, 0x0000000000000000
2026/09/19 01:13:32.750, 1, 74, 179.25, 96, 12930, 1328, 715, P0, 0x0000000000000000
2026/09/19 01:13:33.762, 0, 75, 143.52, 75, 12930, 1328, 715, P0, 0x0000000000000000
2026/09/19 01:13:33.765, 1, 74, 154.02, 99, 12930, 1328, 715, P0, 0x0000000000000000
2026/09/19 01:13:34.773, 0, 75, 149.93, 77, 12930, 1328, 715, P0, 0x0000000000000000
2026/09/19 01:13:34.778, 1, 75, 152.73, 99, 12930, 1328, 715, P0, 0x0000000000000000
2026/09/19 01:13:35.784, 0, 76, 141.43, 74, 12930, 1328, 715, P0, 0x0000000000000000
2026/09/19 01:13:35.787, 1, 75, 153.20, 99, 12930, 1328, 715, P0, 0x0000000000000000
2026/09/19 01:13:36.795, 0, 76, 200.37, 77, 12930, 1328, 715, P0, 0x0000000000000000
2026/09/19 01:13:36.798, 1, 75, 194.93, 99, 12930, 1328, 715, P0, 0x0000000000000000
2026/09/19 01:13:37.806, 0, 76, 193.81, 74, 12930, 1328, 715, P0, 0x0000000000000000
2026/09/19 01:13:37.809, 1, 76, 181.84, 99, 12930, 1328, 715, P0, 0x0000000000000000
2026/09/19 01:13:38.815, 0, 77, 182.06, 74, 12930, 1328, 715, P0, 0x0000000000000000
2026/09/19 01:13:38.818, 1, 76, 147.29, 99, 12930, 1328, 715, P0, 0x0000000000000000
2026/09/19 01:13:39.834, 0, 77, 124.60, 73, 12930, 1328, 715, P0, 0x0000000000000000
2026/09/19 01:13:39.837, 1, 76, 152.70, 99, 12930, 1328, 715, P0, 0x0000000000000000
2026/09/19 01:13:40.844, 0, 77, 201.54, 79, 12930, 1328, 715, P0, 0x0000000000000000
2026/09/19 01:13:40.847, 1, 76, 158.85, 99, 12930, 1328, 715, P0, 0x0000000000000000
2026/09/19 01:13:41.855, 0, 77, 196.40, 79, 12930, 1328, 715, P0, 0x0000000000000000
2026/09/19 01:13:41.858, 1, 77, 159.34, 96, 12930, 1328, 715, P0, 0x0000000000000000
2026/09/19 01:13:42.862, 0, 78, 155.69, 80, 12930, 1328, 715, P0, 0x0000000000000000
2026/09/19 01:13:42.866, 1, 77, 157.40, 99, 12930, 1328, 715, P0, 0x0000000000000000
2026/09/19 01:13:43.878, 0, 78, 179.24, 77, 12930, 1328, 715, P0, 0x0000000000000000
2026/09/19 01:13:43.883, 1, 77, 187.96, 99, 12930, 1328, 715, P0, 0x0000000000000000
2026/09/19 01:13:44.889, 0, 78, 168.10, 81, 12930, 1328, 715, P0, 0x0000000000000000
2026/09/19 01:13:44.892, 1, 77, 181.05, 99, 12930, 1328, 715, P0, 0x0000000000000000
2026/09/19 01:13:45.899, 0, 78, 133.41, 77, 12930, 1328, 715, P0, 0x0000000000000000
2026/09/19 01:13:45.904, 1, 77, 120.58, 99, 12930, 1328, 715, P0, 0x0000000000000000
2026/09/19 01:13:46.919, 0, 79, 142.50, 77, 12930, 1328, 715, P0, 0x0000000000000000
2026/09/19 01:13:46.922, 1, 78, 122.97, 99, 12930, 1328, 715, P0, 0x0000000000000000
2026/09/19 01:13:47.932, 0, 79, 196.15, 78, 12930, 1328, 715, P0, 0x0000000000000000
2026/09/19 01:13:47.935, 1, 78, 197.73, 99, 12930, 1328, 715, P0, 0x0000000000000000
2026/09/19 01:13:48.944, 0, 79, 137.18, 77, 12930, 1328, 715, P0, 0x0000000000000000
2026/09/19 01:13:48.947, 1, 78, 162.18, 99, 12930, 1328, 715, P0, 0x0000000000000000
2026/09/19 01:13:49.959, 0, 79, 106.75, 77, 12930, 1189, 715, P0, 0x0000000000000000
2026/09/19 01:13:49.961, 1, 78, 126.06, 95, 12930, 1328, 715, P0, 0x0000000000000000
2026/09/19 01:13:50.967, 0, 79, 120.91, 77, 12930, 1189, 715, P0, 0x0000000000000000
2026/09/19 01:13:50.970, 1, 79, 144.21, 97, 12930, 1328, 715, P0, 0x0000000000000000
2026/09/19 01:13:51.977, 0, 79, 137.26, 80, 12930, 1227, 715, P0, 0x0000000000000000
2026/09/19 01:13:51.981, 1, 79, 137.22, 97, 12930, 1328, 715, P0, 0x0000000000000000
2026/09/19 01:13:52.989, 0, 79, 149.97, 79, 12930, 1278, 715, P0, 0x0000000000000020
2026/09/19 01:13:52.991, 1, 79, 135.56, 96, 12930, 1328, 715, P0, 0x0000000000000000
2026/09/19 01:13:54.002, 0, 79, 161.49, 90, 12930, 1240, 715, P0, 0x0000000000000000
2026/09/19 01:13:54.006, 1, 79, 173.01, 89, 12930, 1328, 715, P0, 0x0000000000000000
2026/09/19 01:13:55.016, 0, 79, 133.93, 90, 12930, 1126, 715, P0, 0x0000000000000020
2026/09/19 01:13:55.019, 1, 79, 159.17, 84, 12930, 1290, 715, P0, 0x0000000000000020
2026/09/19 01:13:56.028, 0, 79, 132.93, 90, 12930, 1139, 715, P0, 0x0000000000000020
2026/09/19 01:13:56.031, 1, 79, 160.03, 84, 12930, 1303, 715, P0, 0x0000000000000020
2026/09/19 01:13:57.044, 0, 79, 140.92, 90, 12930, 1139, 715, P0, 0x0000000000000020
2026/09/19 01:13:57.048, 1, 80, 162.21, 84, 12930, 1303, 715, P0, 0x0000000000000000
2026/09/19 01:13:58.056, 0, 79, 134.43, 90, 12930, 1151, 715, P0, 0x0000000000000000
2026/09/19 01:13:58.060, 1, 79, 138.52, 88, 12930, 1189, 715, P0, 0x0000000000000000
2026/09/19 01:13:59.078, 0, 79, 132.25, 90, 12930, 1139, 715, P0, 0x0000000000000020
2026/09/19 01:13:59.081, 1, 79, 142.35, 90, 12930, 1189, 715, P0, 0x0000000000000020
2026/09/19 01:14:00.091, 0, 79, 143.40, 78, 12930, 1101, 715, P0, 0x0000000000000020
2026/09/19 01:14:00.094, 1, 79, 113.27, 98, 12930, 1189, 715, P0, 0x0000000000000000
2026/09/19 01:14:01.107, 0, 79, 126.70, 81, 12930, 1113, 715, P0, 0x0000000000000000
2026/09/19 01:14:01.114, 1, 79, 157.32, 98, 12930, 1202, 715, P0, 0x0000000000000020
2026/09/19 01:14:02.120, 0, 79, 142.47, 80, 12930, 1139, 715, P0, 0x0000000000000000
2026/09/19 01:14:02.124, 1, 79, 109.91, 97, 12930, 1189, 715, P0, 0x0000000000000020
2026/09/19 01:14:03.148, 0, 79, 129.49, 79, 12930, 1126, 715, P0, 0x0000000000000020
2026/09/19 01:14:03.154, 1, 79, 153.68, 98, 12930, 1177, 715, P0, 0x0000000000000000
2026/09/19 01:14:04.161, 0, 79, 136.15, 79, 12930, 1189, 715, P0, 0x0000000000000000
2026/09/19 01:14:04.164, 1, 79, 158.06, 97, 12930, 1189, 715, P0, 0x0000000000000000
2026/09/19 01:14:05.173, 0, 79, 116.08, 81, 12930, 1113, 715, P0, 0x0000000000000020
2026/09/19 01:14:05.179, 1, 79, 117.46, 98, 12930, 1139, 715, P0, 0x0000000000000020
2026/09/19 01:14:06.189, 0, 79, 121.43, 80, 12930, 1126, 715, P0, 0x0000000000000000
2026/09/19 01:14:06.191, 1, 79, 116.18, 98, 12930, 1189, 715, P0, 0x0000000000000000
2026/09/19 01:14:07.215, 0, 79, 100.80, 81, 12930, 987, 715, P0, 0x0000000000000000
2026/09/19 01:14:07.226, 1, 79, 93.54, 98, 12930, 1189, 715, P0, 0x0000000000000000
2026/09/19 01:14:08.237, 0, 79, 117.83, 75, 12930, 936, 715, P0, 0x0000000000000000
2026/09/19 01:14:08.246, 1, 79, 163.16, 90, 12930, 1189, 715, P0, 0x0000000000000000
2026/09/19 01:14:09.255, 0, 79, 106.93, 81, 12930, 1101, 715, P0, 0x0000000000000000
2026/09/19 01:14:09.265, 1, 79, 135.98, 94, 12930, 1189, 715, P0, 0x0000000000000000
2026/09/19 01:14:10.269, 0, 79, 89.73, 82, 12930, 961, 715, P0, 0x0000000000000000
2026/09/19 01:14:10.272, 1, 79, 81.77, 92, 12930, 1189, 715, P0, 0x0000000000000000
2026/09/19 01:14:11.281, 0, 79, 110.05, 82, 12930, 1101, 715, P0, 0x0000000000000000
2026/09/19 01:14:11.286, 1, 79, 128.40, 91, 12930, 1189, 715, P0, 0x0000000000000000
2026/09/19 01:14:12.292, 0, 79, 89.00, 84, 12930, 987, 715, P0, 0x0000000000000000
2026/09/19 01:14:12.295, 1, 79, 86.86, 93, 12930, 1189, 715, P0, 0x0000000000000000
2026/09/19 01:14:13.303, 0, 79, 91.35, 84, 12930, 1025, 715, P0, 0x0000000000000000
2026/09/19 01:14:13.309, 1, 79, 120.02, 91, 12930, 1189, 715, P0, 0x0000000000000000
2026/09/19 01:14:14.317, 0, 79, 116.57, 81, 12930, 1063, 715, P0, 0x0000000000000000
2026/09/19 01:14:14.320, 1, 79, 154.20, 93, 12930, 1189, 715, P0, 0x0000000000000000
2026/09/19 01:14:15.324, 0, 79, 109.09, 75, 12930, 885, 715, P0, 0x0000000000000020
2026/09/19 01:14:15.333, 1, 79, 124.64, 93, 12930, 1189, 715, P0, 0x0000000000000000
2026/09/19 01:14:16.353, 0, 79, 105.16, 82, 12930, 1050, 715, P0, 0x0000000000000020
2026/09/19 01:14:16.358, 1, 79, 113.79, 95, 12930, 1139, 715, P0, 0x0000000000000020
2026/09/19 01:14:17.376, 0, 79, 103.87, 81, 12930, 923, 715, P0, 0x0000000000000020
2026/09/19 01:14:17.379, 1, 79, 125.85, 94, 12930, 1189, 715, P0, 0x0000000000000000
2026/09/19 01:14:18.394, 0, 79, 103.31, 80, 12930, 1088, 715, P0, 0x0000000000000000
2026/09/19 01:14:18.397, 1, 79, 99.11, 97, 12930, 898, 715, P0, 0x0000000000000000
2026/09/19 01:14:19.407, 0, 79, 101.33, 81, 12930, 1151, 715, P0, 0x0000000000000000
2026/09/19 01:14:19.412, 1, 79, 99.61, 100, 12930, 885, 715, P0, 0x0000000000000000
2026/09/19 01:14:20.431, 0, 79, 88.59, 78, 12930, 1037, 715, P0, 0x0000000000000020
2026/09/19 01:14:20.436, 1, 79, 108.59, 100, 12930, 1037, 715, P0, 0x0000000000000000
2026/09/19 01:14:21.447, 0, 79, 101.11, 80, 12930, 1113, 715, P0, 0x0000000000000000
2026/09/19 01:14:21.455, 1, 79, 114.11, 99, 12930, 949, 715, P0, 0x0000000000000000
2026/09/19 01:14:22.473, 0, 79, 116.69, 80, 12930, 1037, 715, P0, 0x0000000000000000
2026/09/19 01:14:22.477, 1, 79, 138.05, 100, 12930, 1025, 715, P0, 0x0000000000000020
2026/09/19 01:14:23.503, 0, 79, 124.34, 84, 12930, 1088, 715, P0, 0x0000000000000000
2026/09/19 01:14:23.507, 1, 79, 115.94, 94, 12930, 923, 715, P0, 0x0000000000000000
2026/09/19 01:14:24.513, 0, 79, 140.84, 83, 12930, 961, 715, P0, 0x0000000000000020
2026/09/19 01:14:24.520, 1, 79, 107.25, 96, 12930, 936, 715, P0, 0x0000000000000000
2026/09/19 01:14:25.540, 0, 79, 109.01, 83, 12930, 1101, 715, P0, 0x0000000000000000
2026/09/19 01:14:25.543, 1, 79, 114.89, 99, 12930, 1025, 715, P0, 0x0000000000000000
2026/09/19 01:14:26.556, 0, 79, 111.50, 83, 12930, 1113, 715, P0, 0x0000000000000000
2026/09/19 01:14:26.559, 1, 79, 131.38, 93, 12930, 1113, 715, P0, 0x0000000000000000
2026/09/19 01:14:27.582, 0, 79, 106.77, 84, 12930, 1177, 715, P0, 0x0000000000000000
2026/09/19 01:14:27.588, 1, 79, 110.06, 98, 12930, 1164, 715, P0, 0x0000000000000000
2026/09/19 01:14:28.600, 0, 79, 103.72, 81, 12930, 1050, 715, P0, 0x0000000000000000
2026/09/19 01:14:28.603, 1, 79, 103.12, 92, 12930, 1037, 715, P0, 0x0000000000000000
2026/09/19 01:14:29.627, 0, 79, 98.50, 83, 12930, 873, 715, P0, 0x0000000000000020
2026/09/19 01:14:29.632, 1, 79, 112.14, 98, 12930, 1139, 715, P0, 0x0000000000000000
2026/09/19 01:14:30.640, 0, 79, 106.75, 82, 12930, 1050, 715, P0, 0x0000000000000000
2026/09/19 01:14:30.642, 1, 79, 98.04, 99, 12930, 1101, 715, P0, 0x0000000000000020
2026/09/19 01:14:31.665, 0, 79, 130.57, 84, 12930, 999, 715, P0, 0x0000000000000020
2026/09/19 01:14:31.668, 1, 79, 99.14, 96, 12930, 936, 715, P0, 0x0000000000000020
2026/09/19 01:14:32.692, 0, 79, 63.93, 84, 12930, 1164, 715, P0, 0x0000000000000000
2026/09/19 01:14:32.701, 1, 79, 96.07, 94, 12930, 1189, 715, P0, 0x0000000000000000
2026/09/19 01:14:33.708, 0, 79, 106.78, 84, 12930, 1012, 715, P0, 0x0000000000000020
2026/09/19 01:14:33.712, 1, 79, 103.39, 96, 12930, 1113, 715, P0, 0x0000000000000000
2026/09/19 01:14:34.720, 0, 79, 116.71, 84, 12930, 1050, 715, P0, 0x0000000000000020
2026/09/19 01:14:34.724, 1, 79, 131.81, 95, 12930, 1088, 715, P0, 0x0000000000000000
2026/09/19 01:14:35.738, 0, 79, 119.48, 84, 12930, 1025, 715, P0, 0x0000000000000020
2026/09/19 01:14:35.746, 1, 79, 141.56, 95, 12930, 1088, 715, P0, 0x0000000000000000
2026/09/19 01:14:36.763, 0, 79, 102.27, 85, 12930, 1037, 715, P0, 0x0000000000000000
2026/09/19 01:14:36.767, 1, 79, 111.68, 94, 12930, 1113, 715, P0, 0x0000000000000000
2026/09/19 01:14:37.773, 0, 79, 106.17, 84, 12930, 1050, 715, P0, 0x0000000000000000
2026/09/19 01:14:37.776, 1, 79, 90.64, 95, 12930, 1088, 715, P0, 0x0000000000000020
2026/09/19 01:14:38.799, 0, 79, 107.55, 84, 12930, 1075, 715, P0, 0x0000000000000000
2026/09/19 01:14:38.807, 1, 79, 114.32, 98, 12930, 1126, 715, P0, 0x0000000000000000
2026/09/19 01:14:39.825, 0, 79, 102.47, 84, 12930, 1063, 715, P0, 0x0000000000000000
2026/09/19 01:14:39.828, 1, 79, 113.08, 95, 12930, 1126, 715, P0, 0x0000000000000000
2026/09/19 01:14:40.839, 0, 79, 100.60, 77, 12930, 974, 715, P0, 0x0000000000000000
2026/09/19 01:14:40.850, 1, 79, 104.64, 95, 12930, 1063, 715, P0, 0x0000000000000000
2026/09/19 01:14:41.856, 0, 79, 102.95, 84, 12930, 1025, 715, P0, 0x0000000000000020
2026/09/19 01:14:41.859, 1, 79, 110.92, 95, 12930, 1113, 715, P0, 0x0000000000000000
2026/09/19 01:14:42.882, 0, 79, 103.43, 86, 12930, 1063, 715, P0, 0x0000000000000000
2026/09/19 01:14:42.891, 1, 79, 109.30, 95, 12930, 1139, 715, P0, 0x0000000000000000
2026/09/19 01:14:43.894, 0, 79, 111.53, 85, 12930, 999, 715, P0, 0x0000000000000000
2026/09/19 01:14:43.897, 1, 79, 125.14, 97, 12930, 1063, 715, P0, 0x0000000000000000
2026/09/19 01:14:44.903, 0, 79, 110.32, 87, 12930, 1012, 715, P0, 0x0000000000000000
2026/09/19 01:14:44.913, 1, 79, 111.88, 96, 12930, 1050, 715, P0, 0x0000000000000000
2026/09/19 01:14:45.931, 0, 79, 105.07, 84, 12930, 1037, 715, P0, 0x0000000000000000
2026/09/19 01:14:45.935, 1, 79, 121.61, 93, 12930, 1164, 715, P0, 0x0000000000000000
2026/09/19 01:14:46.949, 0, 79, 127.18, 85, 12930, 949, 715, P0, 0x0000000000000020
2026/09/19 01:14:46.956, 1, 79, 122.08, 94, 12930, 1075, 715, P0, 0x0000000000000020
2026/09/19 01:14:47.974, 0, 79, 82.26, 85, 12930, 987, 715, P0, 0x0000000000000020
2026/09/19 01:14:47.978, 1, 79, 112.86, 89, 12930, 1151, 715, P0, 0x0000000000000020
2026/09/19 01:14:48.982, 0, 79, 99.94, 84, 12930, 949, 715, P0, 0x0000000000000020
2026/09/19 01:14:48.986, 1, 79, 112.42, 92, 12930, 1151, 715, P0, 0x0000000000000000
2026/09/19 01:14:50.013, 0, 79, 119.64, 84, 12930, 1037, 715, P0, 0x0000000000000000
2026/09/19 01:14:50.017, 1, 79, 130.33, 93, 12930, 1126, 715, P0, 0x0000000000000020
2026/09/19 01:14:51.028, 0, 79, 99.15, 87, 12930, 949, 715, P0, 0x0000000000000000
2026/09/19 01:14:51.039, 1, 79, 106.50, 91, 12930, 1088, 715, P0, 0x0000000000000000
2026/09/19 01:14:52.043, 0, 79, 98.02, 84, 12930, 873, 715, P0, 0x0000000000000020
2026/09/19 01:14:52.045, 1, 79, 106.27, 95, 12930, 1063, 715, P0, 0x0000000000000020
2026/09/19 01:14:53.057, 0, 79, 100.54, 85, 12930, 1012, 715, P0, 0x0000000000000000
2026/09/19 01:14:53.060, 1, 79, 116.19, 93, 12930, 1177, 715, P0, 0x0000000000000000
2026/09/19 01:14:54.071, 0, 79, 83.48, 85, 12930, 1037, 715, P0, 0x0000000000000000
2026/09/19 01:14:54.079, 1, 79, 113.56, 90, 12930, 1126, 715, P0, 0x0000000000000000
2026/09/19 01:14:55.086, 0, 79, 118.03, 87, 12930, 1025, 715, P0, 0x0000000000000020
2026/09/19 01:14:55.089, 1, 79, 101.84, 97, 12930, 1075, 715, P0, 0x0000000000000020
2026/09/19 01:14:56.093, 0, 79, 104.88, 84, 12930, 1012, 715, P0, 0x0000000000000020
2026/09/19 01:14:56.101, 1, 79, 89.03, 95, 12930, 1126, 715, P0, 0x0000000000000020
2026/09/19 01:14:57.107, 0, 79, 101.82, 87, 12930, 949, 715, P0, 0x0000000000000020
2026/09/19 01:14:57.110, 1, 79, 101.47, 92, 12930, 987, 715, P0, 0x0000000000000020
2026/09/19 01:14:58.119, 0, 79, 98.21, 84, 12930, 1050, 715, P0, 0x0000000000000020
2026/09/19 01:14:58.125, 1, 79, 118.02, 94, 12930, 1126, 715, P0, 0x0000000000000000
2026/09/19 01:14:59.132, 0, 79, 100.85, 84, 12930, 1025, 715, P0, 0x0000000000000020
2026/09/19 01:14:59.143, 1, 79, 113.55, 96, 12930, 1189, 715, P0, 0x0000000000000000
2026/09/19 01:15:00.162, 0, 79, 116.48, 91, 12930, 987, 715, P0, 0x0000000000000020
2026/09/19 01:15:00.167, 1, 80, 122.71, 86, 12930, 1126, 715, P0, 0x0000000000000000
2026/09/19 01:15:01.177, 0, 79, 115.60, 77, 12930, 1088, 715, P0, 0x0000000000000020
2026/09/19 01:15:01.181, 1, 79, 105.79, 95, 12930, 835, 715, P0, 0x0000000000000020
2026/09/19 01:15:02.201, 0, 79, 114.93, 78, 12930, 1088, 715, P0, 0x0000000000000000
2026/09/19 01:15:02.204, 1, 79, 106.22, 94, 12930, 822, 715, P0, 0x0000000000000020
2026/09/19 01:15:03.226, 0, 80, 112.33, 77, 12930, 1075, 715, P0, 0x0000000000000020
2026/09/19 01:15:03.229, 1, 79, 106.47, 95, 12930, 847, 715, P0, 0x0000000000000020
2026/09/19 01:15:04.236, 0, 79, 95.15, 94, 12930, 696, 715, P0, 0x0000000000000000
2026/09/19 01:15:04.246, 1, 79, 103.25, 64, 12930, 1075, 715, P0, 0x0000000000000020
2026/09/19 01:15:05.263, 0, 79, 97.27, 94, 12930, 683, 715, P0, 0x0000000000000020
2026/09/19 01:15:05.268, 1, 79, 103.96, 64, 12930, 1126, 715, P0, 0x0000000000000000
2026/09/19 01:15:06.275, 0, 79, 96.36, 94, 12930, 683, 715, P0, 0x0000000000000020
2026/09/19 01:15:06.285, 1, 79, 104.02, 65, 12930, 1113, 715, P0, 0x0000000000000020
2026/09/19 01:15:07.290, 0, 79, 97.27, 93, 12930, 721, 715, P0, 0x0000000000000000
2026/09/19 01:15:07.293, 1, 79, 102.71, 64, 12930, 1101, 715, P0, 0x0000000000000000
2026/09/19 01:15:08.305, 0, 79, 111.37, 87, 12930, 721, 715, P0, 0x0000000000000020
2026/09/19 01:15:08.308, 1, 79, 95.81, 77, 12930, 797, 715, P0, 0x0000000000000020
2026/09/19 01:15:09.325, 0, 79, 102.02, 87, 12930, 772, 715, P0, 0x0000000000000020
2026/09/19 01:15:09.328, 1, 79, 107.93, 77, 12930, 923, 715, P0, 0x0000000000000020
2026/09/19 01:15:10.343, 0, 79, 115.91, 89, 12930, 734, 715, P0, 0x0000000000000020
2026/09/19 01:15:10.347, 1, 79, 83.43, 71, 12930, 1101, 715, P0, 0x0000000000000020
2026/09/19 01:15:11.359, 0, 79, 92.49, 87, 12930, 860, 715, P0, 0x0000000000000000
2026/09/19 01:15:11.365, 1, 79, 105.30, 81, 12930, 1075, 715, P0, 0x0000000000000020
2026/09/19 01:15:12.388, 0, 79, 119.83, 87, 12930, 847, 715, P0, 0x0000000000000020
2026/09/19 01:15:12.390, 1, 79, 95.14, 80, 12930, 873, 715, P0, 0x0000000000000020
2026/09/19 01:15:13.413, 0, 79, 93.69, 87, 12930, 873, 715, P0, 0x0000000000000000
2026/09/19 01:15:13.427, 1, 79, 107.71, 81, 12930, 1063, 715, P0, 0x0000000000000020
2026/09/19 01:15:14.439, 0, 79, 96.18, 87, 12930, 810, 715, P0, 0x0000000000000020
2026/09/19 01:15:14.450, 1, 79, 69.64, 79, 12930, 1139, 715, P0, 0x0000000000000000
2026/09/19 01:15:15.467, 0, 79, 93.45, 87, 12930, 885, 715, P0, 0x0000000000000000
2026/09/19 01:15:15.470, 1, 79, 105.86, 80, 12930, 1075, 715, P0, 0x0000000000000020
2026/09/19 01:15:16.481, 0, 79, 93.21, 87, 12930, 860, 715, P0, 0x0000000000000000
2026/09/19 01:15:16.489, 1, 79, 110.58, 84, 12930, 1075, 715, P0, 0x0000000000000020
2026/09/19 01:15:17.511, 0, 79, 96.01, 87, 12930, 784, 715, P0, 0x0000000000000020
2026/09/19 01:15:17.517, 1, 79, 67.96, 80, 12930, 1126, 715, P0, 0x0000000000000000
2026/09/19 01:15:18.523, 0, 79, 94.87, 87, 12930, 898, 715, P0, 0x0000000000000000
2026/09/19 01:15:18.531, 1, 79, 122.66, 80, 12930, 1088, 715, P0, 0x0000000000000020
2026/09/19 01:15:19.553, 0, 79, 95.88, 87, 12930, 835, 715, P0, 0x0000000000000020
2026/09/19 01:15:19.558, 1, 79, 103.41, 87, 12930, 1101, 715, P0, 0x0000000000000000
2026/09/19 01:15:20.570, 0, 79, 97.51, 87, 12930, 911, 715, P0, 0x0000000000000000
2026/09/19 01:15:20.573, 1, 79, 98.93, 97, 12930, 1063, 715, P0, 0x0000000000000020
2026/09/19 01:15:21.597, 0, 79, 116.61, 84, 12930, 1012, 715, P0, 0x0000000000000000
2026/09/19 01:15:21.600, 1, 79, 100.65, 96, 12930, 923, 715, P0, 0x0000000000000020
2026/09/19 01:15:22.617, 0, 79, 134.15, 86, 12930, 1037, 715, P0, 0x0000000000000000
2026/09/19 01:15:22.619, 1, 79, 111.54, 97, 12930, 974, 715, P0, 0x0000000000000020
2026/09/19 01:15:23.642, 0, 79, 97.99, 84, 12930, 898, 715, P0, 0x0000000000000020
2026/09/19 01:15:23.654, 1, 79, 105.54, 97, 12930, 1088, 715, P0, 0x0000000000000000
2026/09/19 01:15:24.681, 0, 79, 87.14, 87, 12930, 1025, 715, P0, 0x0000000000000020
2026/09/19 01:15:24.692, 1, 79, 82.56, 99, 12930, 1012, 715, P0, 0x0000000000000020
2026/09/19 01:15:25.707, 0, 79, 114.38, 87, 12930, 1101, 715, P0, 0x0000000000000000
2026/09/19 01:15:25.713, 1, 79, 107.84, 95, 12930, 1037, 715, P0, 0x0000000000000000
2026/09/19 01:15:26.730, 0, 79, 137.04, 87, 12930, 974, 715, P0, 0x0000000000000020
2026/09/19 01:15:26.735, 1, 79, 122.07, 97, 12930, 1063, 715, P0, 0x0000000000000000
2026/09/19 01:15:27.743, 0, 79, 139.15, 84, 12930, 1063, 715, P0, 0x0000000000000020
2026/09/19 01:15:27.755, 1, 79, 102.42, 98, 12930, 1025, 715, P0, 0x0000000000000020
2026/09/19 01:15:28.772, 0, 79, 79.01, 84, 12930, 987, 715, P0, 0x0000000000000000
2026/09/19 01:15:28.777, 1, 79, 89.78, 99, 12930, 1025, 715, P0, 0x0000000000000020
2026/09/19 01:15:29.788, 0, 79, 101.88, 87, 12930, 1063, 715, P0, 0x0000000000000000
2026/09/19 01:15:29.797, 1, 79, 101.04, 99, 12930, 860, 715, P0, 0x0000000000000020
2026/09/19 01:15:30.803, 0, 79, 121.72, 86, 12930, 1088, 715, P0, 0x0000000000000000
2026/09/19 01:15:30.805, 1, 79, 133.22, 99, 12930, 974, 715, P0, 0x0000000000000020
2026/09/19 01:15:31.832, 0, 79, 105.89, 85, 12930, 999, 715, P0, 0x0000000000000000
2026/09/19 01:15:31.840, 1, 79, 102.42, 94, 12930, 987, 715, P0, 0x0000000000000000
2026/09/19 01:15:32.846, 0, 79, 110.55, 87, 12930, 1025, 715, P0, 0x0000000000000020
2026/09/19 01:15:32.852, 1, 79, 112.63, 99, 12930, 1063, 715, P0, 0x0000000000000000
2026/09/19 01:15:33.861, 0, 79, 101.80, 86, 12930, 974, 715, P0, 0x0000000000000000
2026/09/19 01:15:33.864, 1, 79, 97.97, 93, 12930, 1050, 715, P0, 0x0000000000000020
2026/09/19 01:15:34.886, 0, 79, 109.43, 87, 12930, 1063, 715, P0, 0x0000000000000000
2026/09/19 01:15:34.889, 1, 79, 101.50, 98, 12930, 974, 715, P0, 0x0000000000000000
2026/09/19 01:15:35.912, 0, 79, 83.10, 87, 12930, 974, 715, P0, 0x0000000000000000
2026/09/19 01:15:35.923, 1, 79, 86.53, 94, 12930, 1012, 715, P0, 0x0000000000000000
2026/09/19 01:15:36.940, 0, 79, 120.05, 87, 12930, 1012, 715, P0, 0x0000000000000000
2026/09/19 01:15:36.943, 1, 79, 118.85, 95, 12930, 1101, 715, P0, 0x0000000000000000
2026/09/19 01:15:37.952, 0, 79, 87.86, 87, 12930, 999, 715, P0, 0x0000000000000000
2026/09/19 01:15:37.964, 1, 79, 82.93, 95, 12930, 1025, 715, P0, 0x0000000000000020
2026/09/19 01:15:38.980, 0, 79, 100.60, 87, 12930, 961, 715, P0, 0x0000000000000000
2026/09/19 01:15:38.984, 1, 79, 102.73, 96, 12930, 999, 715, P0, 0x0000000000000000
2026/09/19 01:15:39.995, 0, 79, 92.62, 87, 12930, 987, 715, P0, 0x0000000000000000
2026/09/19 01:15:40.004, 1, 79, 77.24, 95, 12930, 999, 715, P0, 0x0000000000000020
2026/09/19 01:15:41.011, 0, 79, 98.69, 87, 12930, 949, 715, P0, 0x0000000000000020
2026/09/19 01:15:41.014, 1, 79, 100.26, 97, 12930, 1050, 715, P0, 0x0000000000000000
2026/09/19 01:15:42.034, 0, 79, 102.61, 87, 12930, 936, 715, P0, 0x0000000000000020
2026/09/19 01:15:42.047, 1, 79, 97.28, 99, 12930, 949, 715, P0, 0x0000000000000020
2026/09/19 01:15:43.060, 0, 79, 101.15, 87, 12930, 987, 715, P0, 0x0000000000000000
2026/09/19 01:15:43.068, 1, 79, 101.53, 99, 12930, 987, 715, P0, 0x0000000000000000
2026/09/19 01:15:44.073, 0, 79, 132.02, 87, 12930, 1037, 715, P0, 0x0000000000000000
2026/09/19 01:15:44.076, 1, 79, 96.80, 98, 12930, 911, 715, P0, 0x0000000000000020
2026/09/19 01:15:45.104, 0, 79, 112.00, 84, 12930, 1012, 715, P0, 0x0000000000000000
2026/09/19 01:15:45.107, 1, 79, 118.75, 98, 12930, 1050, 715, P0, 0x0000000000000000
2026/09/19 01:15:46.115, 0, 79, 126.58, 84, 12930, 1025, 715, P0, 0x0000000000000000
2026/09/19 01:15:46.118, 1, 79, 100.88, 95, 12930, 1037, 715, P0, 0x0000000000000020
2026/09/19 01:15:47.145, 0, 79, 122.36, 87, 12930, 1037, 715, P0, 0x0000000000000000
2026/09/19 01:15:47.150, 1, 79, 126.10, 95, 12930, 1139, 715, P0, 0x0000000000000000
2026/09/19 01:15:48.156, 0, 79, 107.96, 87, 12930, 1025, 715, P0, 0x0000000000000000
2026/09/19 01:15:48.159, 1, 79, 114.55, 91, 12930, 1101, 715, P0, 0x0000000000000000
2026/09/19 01:15:49.172, 0, 79, 110.82, 84, 12930, 1025, 715, P0, 0x0000000000000020
2026/09/19 01:15:49.177, 1, 79, 92.10, 94, 12930, 1101, 715, P0, 0x0000000000000000
2026/09/19 01:15:50.186, 0, 79, 101.92, 87, 12930, 974, 715, P0, 0x0000000000000000
2026/09/19 01:15:50.193, 1, 79, 130.85, 90, 12930, 1139, 715, P0, 0x0000000000000020
2026/09/19 01:15:51.212, 0, 79, 100.11, 87, 12930, 911, 715, P0, 0x0000000000000020
2026/09/19 01:15:51.215, 1, 79, 117.39, 91, 12930, 1164, 715, P0, 0x0000000000000020
2026/09/19 01:15:52.225, 0, 79, 106.92, 78, 12930, 911, 715, P0, 0x0000000000000020
2026/09/19 01:15:52.234, 1, 79, 112.93, 87, 12930, 1164, 715, P0, 0x0000000000000020
2026/09/19 01:15:53.239, 0, 79, 93.69, 85, 12930, 1012, 715, P0, 0x0000000000000020
2026/09/19 01:15:53.242, 1, 79, 115.22, 93, 12930, 1126, 715, P0, 0x0000000000000020
2026/09/19 01:15:54.250, 0, 79, 103.63, 85, 12930, 1012, 715, P0, 0x0000000000000000
2026/09/19 01:15:54.253, 1, 79, 118.09, 93, 12930, 1126, 715, P0, 0x0000000000000020
2026/09/19 01:15:55.262, 0, 79, 99.84, 87, 12930, 949, 715, P0, 0x0000000000000000
2026/09/19 01:15:55.275, 1, 79, 123.06, 91, 12930, 1126, 715, P0, 0x0000000000000020
2026/09/19 01:15:56.282, 0, 79, 128.01, 87, 12930, 1063, 715, P0, 0x0000000000000000
2026/09/19 01:15:56.285, 1, 79, 147.59, 96, 12930, 1126, 715, P0, 0x0000000000000000
2026/09/19 01:15:57.294, 0, 79, 100.74, 87, 12930, 987, 715, P0, 0x0000000000000020
2026/09/19 01:15:57.297, 1, 79, 79.92, 95, 12930, 1113, 715, P0, 0x0000000000000020
2026/09/19 01:15:58.308, 0, 80, 102.01, 86, 12930, 987, 715, P0, 0x0000000000000000
2026/09/19 01:15:58.316, 1, 79, 118.81, 95, 12930, 1126, 715, P0, 0x0000000000000020
2026/09/19 01:15:59.323, 0, 79, 80.04, 90, 12930, 594, 715, P0, 0x0000000000000000
2026/09/19 01:15:59.326, 1, 79, 113.56, 54, 12930, 1139, 715, P0, 0x0000000000000020
2026/09/19 01:16:00.335, 0, 79, 92.28, 87, 12930, 734, 715, P0, 0x0000000000000020
2026/09/19 01:16:00.340, 1, 79, 98.99, 69, 12930, 1126, 715, P0, 0x0000000000000020
2026/09/19 01:16:01.350, 0, 79, 92.08, 87, 12930, 974, 715, P0, 0x0000000000000000
2026/09/19 01:16:01.356, 1, 79, 139.49, 75, 12930, 1189, 715, P0, 0x0000000000000000
2026/09/19 01:16:02.375, 0, 79, 96.34, 87, 12930, 810, 715, P0, 0x0000000000000020
2026/09/19 01:16:02.380, 1, 79, 106.03, 85, 12930, 1113, 715, P0, 0x0000000000000000
2026/09/19 01:16:03.392, 0, 79, 110.51, 90, 12930, 898, 715, P0, 0x0000000000000000
2026/09/19 01:16:03.399, 1, 79, 151.10, 86, 12930, 1189, 715, P0, 0x0000000000000000
2026/09/19 01:16:04.408, 0, 79, 93.67, 87, 12930, 936, 715, P0, 0x0000000000000000
2026/09/19 01:16:04.419, 1, 79, 118.84, 84, 12930, 1189, 715, P0, 0x0000000000000000
2026/09/19 01:16:05.435, 0, 79, 77.75, 87, 12930, 911, 715, P0, 0x0000000000000020
2026/09/19 01:16:05.441, 1, 79, 103.15, 83, 12930, 1151, 715, P0, 0x0000000000000000
2026/09/19 01:16:06.449, 0, 79, 102.22, 90, 12930, 911, 715, P0, 0x0000000000000020
2026/09/19 01:16:06.463, 1, 79, 130.70, 83, 12930, 1139, 715, P0, 0x0000000000000020
2026/09/19 01:16:07.475, 0, 79, 88.69, 87, 12930, 999, 715, P0, 0x0000000000000000
2026/09/19 01:16:07.481, 1, 79, 117.78, 89, 12930, 1189, 715, P0, 0x0000000000000000
2026/09/19 01:16:08.485, 0, 79, 106.63, 87, 12930, 923, 715, P0, 0x0000000000000000
2026/09/19 01:16:08.489, 1, 79, 106.51, 82, 12930, 1050, 715, P0, 0x0000000000000020
2026/09/19 01:16:09.517, 0, 79, 97.76, 87, 12930, 860, 715, P0, 0x0000000000000020
2026/09/19 01:16:09.522, 1, 79, 87.75, 83, 12930, 1101, 715, P0, 0x0000000000000020
2026/09/19 01:16:10.532, 0, 79, 96.10, 87, 12930, 961, 715, P0, 0x0000000000000000
2026/09/19 01:16:10.542, 1, 79, 113.62, 85, 12930, 1189, 715, P0, 0x0000000000000000
2026/09/19 01:16:11.552, 0, 79, 101.28, 90, 12930, 885, 715, P0, 0x0000000000000020
2026/09/19 01:16:11.565, 1, 79, 90.80, 83, 12930, 1113, 715, P0, 0x0000000000000020
2026/09/19 01:16:12.581, 0, 79, 113.60, 87, 12930, 923, 715, P0, 0x0000000000000000
2026/09/19 01:16:12.586, 1, 79, 128.75, 81, 12930, 1113, 715, P0, 0x0000000000000000
2026/09/19 01:16:13.591, 0, 79, 96.31, 89, 12930, 873, 715, P0, 0x0000000000000000
2026/09/19 01:16:13.594, 1, 79, 116.50, 85, 12930, 1101, 715, P0, 0x0000000000000000
2026/09/19 01:16:14.605, 0, 79, 78.83, 87, 12930, 885, 715, P0, 0x0000000000000020
2026/09/19 01:16:14.608, 1, 79, 83.39, 90, 12930, 1101, 715, P0, 0x0000000000000000
2026/09/19 01:16:15.617, 0, 79, 115.32, 87, 12930, 885, 715, P0, 0x0000000000000020
2026/09/19 01:16:15.628, 1, 79, 125.63, 90, 12930, 1063, 715, P0, 0x0000000000000020
2026/09/19 01:16:16.647, 0, 79, 93.68, 90, 12930, 860, 715, P0, 0x0000000000000000
2026/09/19 01:16:16.650, 1, 79, 111.31, 87, 12930, 1088, 715, P0, 0x0000000000000000
2026/09/19 01:16:17.663, 0, 79, 106.46, 87, 12930, 936, 715, P0, 0x0000000000000000
2026/09/19 01:16:17.669, 1, 79, 118.06, 88, 12930, 1075, 715, P0, 0x0000000000000000
2026/09/19 01:16:18.682, 0, 79, 98.04, 89, 12930, 949, 715, P0, 0x0000000000000020
2026/09/19 01:16:18.689, 1, 79, 103.63, 93, 12930, 1113, 715, P0, 0x0000000000000000
2026/09/19 01:16:19.698, 0, 79, 103.96, 90, 12930, 911, 715, P0, 0x0000000000000020
2026/09/19 01:16:19.710, 1, 79, 102.91, 91, 12930, 1012, 715, P0, 0x0000000000000000
2026/09/19 01:16:20.715, 0, 79, 119.56, 88, 12930, 999, 715, P0, 0x0000000000000000
2026/09/19 01:16:20.718, 1, 79, 140.43, 88, 12930, 1177, 715, P0, 0x0000000000000000
2026/09/19 01:16:21.730, 0, 79, 115.37, 87, 12930, 961, 715, P0, 0x0000000000000000
2026/09/19 01:16:21.733, 1, 79, 128.96, 91, 12930, 1075, 715, P0, 0x0000000000000020
2026/09/19 01:16:22.743, 0, 79, 112.83, 90, 12930, 949, 715, P0, 0x0000000000000000
2026/09/19 01:16:22.750, 1, 79, 143.27, 86, 12930, 1050, 715, P0, 0x0000000000000020
2026/09/19 01:16:23.757, 0, 79, 122.37, 90, 12930, 911, 715, P0, 0x0000000000000000
2026/09/19 01:16:23.760, 1, 79, 107.84, 84, 12930, 1075, 715, P0, 0x0000000000000020
2026/09/19 01:16:24.771, 0, 79, 94.55, 87, 12930, 772, 715, P0, 0x0000000000000020
2026/09/19 01:16:24.774, 1, 79, 100.58, 84, 12930, 1113, 715, P0, 0x0000000000000000
2026/09/19 01:16:25.784, 0, 79, 129.61, 88, 12930, 835, 715, P0, 0x0000000000000020
2026/09/19 01:16:25.795, 1, 79, 102.46, 82, 12930, 1025, 715, P0, 0x0000000000000020
2026/09/19 01:16:26.810, 0, 79, 108.78, 87, 12930, 923, 715, P0, 0x0000000000000020
2026/09/19 01:16:26.816, 1, 79, 91.09, 91, 12930, 936, 715, P0, 0x0000000000000020
2026/09/19 01:16:27.835, 0, 79, 94.62, 80, 12930, 847, 715, P0, 0x0000000000000000
2026/09/19 01:16:27.839, 1, 79, 116.76, 85, 12930, 1075, 715, P0, 0x0000000000000020
2026/09/19 01:16:28.847, 0, 79, 104.19, 87, 12930, 911, 715, P0, 0x0000000000000020
2026/09/19 01:16:28.856, 1, 79, 110.57, 92, 12930, 1037, 715, P0, 0x0000000000000020
2026/09/19 01:16:29.869, 0, 79, 93.98, 90, 12930, 860, 715, P0, 0x0000000000000000
2026/09/19 01:16:29.875, 1, 79, 107.00, 92, 12930, 1050, 715, P0, 0x0000000000000020
2026/09/19 01:16:30.879, 0, 79, 97.57, 87, 12930, 911, 715, P0, 0x0000000000000020
2026/09/19 01:16:30.882, 1, 79, 98.85, 84, 12930, 1075, 715, P0, 0x0000000000000020
2026/09/19 01:16:31.892, 0, 79, 96.10, 87, 12930, 911, 715, P0, 0x0000000000000000
2026/09/19 01:16:31.896, 1, 79, 107.29, 88, 12930, 1063, 715, P0, 0x0000000000000020
2026/09/19 01:16:32.907, 0, 79, 113.56, 87, 12930, 961, 715, P0, 0x0000000000000000
2026/09/19 01:16:32.916, 1, 79, 136.88, 90, 12930, 1050, 715, P0, 0x0000000000000020
2026/09/19 01:16:33.935, 0, 79, 108.29, 87, 12930, 961, 715, P0, 0x0000000000000000
2026/09/19 01:16:33.938, 1, 79, 130.74, 92, 12930, 1063, 715, P0, 0x0000000000000020
2026/09/19 01:16:34.948, 0, 79, 99.47, 87, 12930, 860, 715, P0, 0x0000000000000020
2026/09/19 01:16:34.959, 1, 79, 74.61, 92, 12930, 1101, 715, P0, 0x0000000000000000
2026/09/19 01:16:35.974, 0, 79, 96.46, 90, 12930, 873, 715, P0, 0x0000000000000020
2026/09/19 01:16:35.980, 1, 79, 74.59, 86, 12930, 1139, 715, P0, 0x0000000000000000
2026/09/19 01:16:37.000, 0, 79, 104.34, 90, 12930, 974, 715, P0, 0x0000000000000000
2026/09/19 01:16:37.003, 1, 79, 122.57, 88, 12930, 1075, 715, P0, 0x0000000000000020
2026/09/19 01:16:38.024, 0, 79, 98.50, 88, 12930, 873, 715, P0, 0x0000000000000020
2026/09/19 01:16:38.029, 1, 79, 110.98, 85, 12930, 1151, 715, P0, 0x0000000000000000
2026/09/19 01:16:39.041, 0, 79, 81.90, 90, 12930, 949, 715, P0, 0x0000000000000020
2026/09/19 01:16:39.044, 1, 79, 96.31, 94, 12930, 1101, 715, P0, 0x0000000000000000
2026/09/19 01:16:40.057, 0, 79, 129.31, 87, 12930, 961, 715, P0, 0x0000000000000020
2026/09/19 01:16:40.062, 1, 79, 92.25, 95, 12930, 873, 715, P0, 0x0000000000000020
2026/09/19 01:16:41.092, 0, 79, 104.88, 87, 12930, 936, 715, P0, 0x0000000000000020
2026/09/19 01:16:41.102, 1, 79, 80.82, 93, 12930, 1063, 715, P0, 0x0000000000000020
2026/09/19 01:16:42.120, 0, 79, 97.81, 86, 12930, 987, 715, P0, 0x0000000000000000
2026/09/19 01:16:42.123, 1, 79, 105.77, 98, 12930, 1088, 715, P0, 0x0000000000000000
2026/09/19 01:16:43.136, 0, 79, 103.30, 88, 12930, 885, 715, P0, 0x0000000000000020
2026/09/19 01:16:43.144, 1, 79, 98.42, 93, 12930, 1037, 715, P0, 0x0000000000000020
2026/09/19 01:16:44.163, 0, 79, 109.87, 90, 12930, 1012, 715, P0, 0x0000000000000020
2026/09/19 01:16:44.166, 1, 79, 110.72, 94, 12930, 1063, 715, P0, 0x0000000000000000
2026/09/19 01:16:45.175, 0, 79, 81.81, 87, 12930, 999, 715, P0, 0x0000000000000000
2026/09/19 01:16:45.184, 1, 79, 105.24, 96, 12930, 1063, 715, P0, 0x0000000000000000
2026/09/19 01:16:46.189, 0, 79, 106.12, 89, 12930, 1037, 715, P0, 0x0000000000000000
2026/09/19 01:16:46.192, 1, 79, 103.12, 95, 12930, 1025, 715, P0, 0x0000000000000000
2026/09/19 01:16:47.218, 0, 79, 86.14, 87, 12930, 1012, 715, P0, 0x0000000000000000
2026/09/19 01:16:47.225, 1, 79, 109.55, 95, 12930, 1063, 715, P0, 0x0000000000000000
2026/09/19 01:16:48.232, 0, 79, 115.43, 89, 12930, 999, 715, P0, 0x0000000000000000
2026/09/19 01:16:48.235, 1, 79, 125.10, 95, 12930, 1025, 715, P0, 0x0000000000000020
2026/09/19 01:16:49.260, 0, 79, 100.45, 79, 12930, 961, 715, P0, 0x0000000000000020
2026/09/19 01:16:49.267, 1, 79, 78.49, 91, 12930, 1012, 715, P0, 0x0000000000000020
2026/09/19 01:16:50.276, 0, 79, 115.59, 87, 12930, 1025, 715, P0, 0x0000000000000000
2026/09/19 01:16:50.287, 1, 79, 134.21, 95, 12930, 1075, 715, P0, 0x0000000000000000
2026/09/19 01:16:51.302, 0, 79, 130.36, 87, 12930, 974, 715, P0, 0x0000000000000020
2026/09/19 01:16:51.308, 1, 79, 96.54, 96, 12930, 1101, 715, P0, 0x0000000000000020
2026/09/19 01:16:52.323, 0, 79, 104.18, 87, 12930, 974, 715, P0, 0x0000000000000000
2026/09/19 01:16:52.328, 1, 79, 110.74, 94, 12930, 1075, 715, P0, 0x0000000000000020
2026/09/19 01:16:53.337, 0, 79, 102.79, 89, 12930, 1012, 715, P0, 0x0000000000000000
2026/09/19 01:16:53.349, 1, 79, 116.89, 96, 12930, 1063, 715, P0, 0x0000000000000000
2026/09/19 01:16:54.366, 0, 79, 106.76, 87, 12930, 1050, 715, P0, 0x0000000000000000
2026/09/19 01:16:54.369, 1, 79, 114.71, 94, 12930, 1139, 715, P0, 0x0000000000000000
2026/09/19 01:16:55.374, 0, 79, 108.96, 87, 12930, 987, 715, P0, 0x0000000000000000
2026/09/19 01:16:55.377, 1, 79, 122.56, 94, 12930, 1063, 715, P0, 0x0000000000000000
2026/09/19 01:16:56.404, 0, 79, 114.60, 84, 12930, 949, 715, P0, 0x0000000000000000
2026/09/19 01:16:56.412, 1, 79, 114.49, 87, 12930, 1025, 715, P0, 0x0000000000000020
2026/09/19 01:16:57.430, 0, 79, 116.28, 91, 12930, 961, 715, P0, 0x0000000000000020
2026/09/19 01:16:57.434, 1, 79, 117.23, 90, 12930, 1050, 715, P0, 0x0000000000000000
2026/09/19 01:16:58.444, 0, 79, 115.07, 92, 12930, 961, 715, P0, 0x0000000000000000
2026/09/19 01:16:58.453, 1, 79, 111.00, 87, 12930, 1063, 715, P0, 0x0000000000000000
2026/09/19 01:16:59.462, 0, 79, 117.22, 92, 12930, 999, 715, P0, 0x0000000000000000
2026/09/19 01:16:59.473, 1, 79, 118.13, 86, 12930, 1063, 715, P0, 0x0000000000000020
2026/09/19 01:17:00.491, 0, 79, 116.07, 91, 12930, 974, 715, P0, 0x0000000000000020
2026/09/19 01:17:00.495, 1, 79, 117.34, 87, 12930, 1063, 715, P0, 0x0000000000000000
2026/09/19 01:17:01.505, 0, 79, 114.59, 92, 12930, 949, 715, P0, 0x0000000000000020
2026/09/19 01:17:01.515, 1, 79, 115.08, 87, 12930, 1063, 715, P0, 0x0000000000000000
2026/09/19 01:17:02.529, 0, 79, 115.02, 92, 12930, 949, 715, P0, 0x0000000000000000
2026/09/19 01:17:02.534, 1, 79, 112.87, 86, 12930, 1025, 715, P0, 0x0000000000000020
2026/09/19 01:17:03.540, 0, 79, 113.76, 92, 12930, 949, 715, P0, 0x0000000000000000
2026/09/19 01:17:03.543, 1, 79, 113.06, 88, 12930, 1050, 715, P0, 0x0000000000000000
2026/09/19 01:17:04.554, 0, 79, 103.55, 87, 12930, 936, 715, P0, 0x0000000000000020
2026/09/19 01:17:04.557, 1, 79, 98.22, 96, 12930, 987, 715, P0, 0x0000000000000000
2026/09/19 01:17:05.569, 0, 79, 106.11, 90, 12930, 987, 715, P0, 0x0000000000000020
2026/09/19 01:17:05.573, 1, 79, 107.91, 93, 12930, 1037, 715, P0, 0x0000000000000000
2026/09/19 01:17:06.590, 0, 79, 101.08, 88, 12930, 999, 715, P0, 0x0000000000000000
2026/09/19 01:17:06.596, 1, 79, 110.50, 96, 12930, 1088, 715, P0, 0x0000000000000000
2026/09/19 01:17:07.605, 0, 79, 99.72, 88, 12930, 987, 715, P0, 0x0000000000000000
2026/09/19 01:17:07.616, 1, 79, 103.87, 93, 12930, 1063, 715, P0, 0x0000000000000000
2026/09/19 01:17:08.623, 0, 79, 98.28, 87, 12930, 974, 715, P0, 0x0000000000000020
2026/09/19 01:17:08.626, 1, 79, 102.25, 96, 12930, 1126, 715, P0, 0x0000000000000000
2026/09/19 01:17:09.652, 0, 79, 115.29, 90, 12930, 974, 715, P0, 0x0000000000000020
2026/09/19 01:17:09.660, 1, 79, 134.05, 98, 12930, 1075, 715, P0, 0x0000000000000000
2026/09/19 01:17:10.677, 0, 79, 115.29, 90, 12930, 1025, 715, P0, 0x0000000000000000
2026/09/19 01:17:10.681, 1, 79, 124.83, 96, 12930, 1037, 715, P0, 0x0000000000000000
2026/09/19 01:17:11.687, 0, 79, 102.13, 79, 12930, 936, 715, P0, 0x0000000000000000
2026/09/19 01:17:11.690, 1, 79, 114.47, 93, 12930, 1037, 715, P0, 0x0000000000000000
2026/09/19 01:17:12.702, 0, 79, 98.74, 90, 12930, 936, 715, P0, 0x0000000000000000
2026/09/19 01:17:12.705, 1, 79, 108.42, 92, 12930, 1075, 715, P0, 0x0000000000000000
2026/09/19 01:17:13.714, 0, 79, 102.93, 87, 12930, 1063, 715, P0, 0x0000000000000000
2026/09/19 01:17:13.721, 1, 79, 111.43, 97, 12930, 1075, 715, P0, 0x0000000000000000
2026/09/19 01:17:14.740, 0, 79, 97.54, 87, 12930, 911, 715, P0, 0x0000000000000000
2026/09/19 01:17:14.745, 1, 79, 104.35, 93, 12930, 1025, 715, P0, 0x0000000000000000
2026/09/19 01:17:15.751, 0, 79, 127.41, 90, 12930, 961, 715, P0, 0x0000000000000000
2026/09/19 01:17:15.755, 1, 79, 100.62, 89, 12930, 936, 715, P0, 0x0000000000000020
2026/09/19 01:17:16.765, 0, 79, 97.63, 90, 12930, 847, 715, P0, 0x0000000000000020
2026/09/19 01:17:16.768, 1, 79, 94.45, 93, 12930, 911, 715, P0, 0x0000000000000020
2026/09/19 01:17:17.775, 0, 79, 101.31, 87, 12930, 923, 715, P0, 0x0000000000000020
2026/09/19 01:17:17.785, 1, 79, 107.69, 92, 12930, 1025, 715, P0, 0x0000000000000020
2026/09/19 01:17:18.798, 0, 79, 82.67, 87, 12930, 911, 715, P0, 0x0000000000000000
2026/09/19 01:17:18.808, 1, 79, 78.70, 93, 12930, 1025, 715, P0, 0x0000000000000000
2026/09/19 01:17:19.826, 0, 79, 97.54, 90, 12930, 923, 715, P0, 0x0000000000000000
2026/09/19 01:17:19.829, 1, 79, 102.25, 94, 12930, 999, 715, P0, 0x0000000000000000
2026/09/19 01:17:20.840, 0, 79, 103.47, 90, 12930, 949, 715, P0, 0x0000000000000020
2026/09/19 01:17:20.846, 1, 79, 106.97, 95, 12930, 1025, 715, P0, 0x0000000000000020
2026/09/19 01:17:21.863, 0, 79, 108.40, 87, 12930, 961, 715, P0, 0x0000000000000000
2026/09/19 01:17:21.869, 1, 79, 116.90, 97, 12930, 1088, 715, P0, 0x0000000000000000
2026/09/19 01:17:22.877, 0, 79, 96.67, 90, 12930, 847, 715, P0, 0x0000000000000020
2026/09/19 01:17:22.890, 1, 79, 96.50, 93, 12930, 911, 715, P0, 0x0000000000000020
2026/09/19 01:17:23.907, 0, 79, 79.78, 87, 12930, 949, 715, P0, 0x0000000000000020
2026/09/19 01:17:23.910, 1, 79, 74.38, 91, 12930, 1063, 715, P0, 0x0000000000000020
2026/09/19 01:17:24.922, 0, 79, 111.01, 87, 12930, 949, 715, P0, 0x0000000000000000
2026/09/19 01:17:24.929, 1, 79, 124.68, 92, 12930, 1126, 715, P0, 0x0000000000000000
2026/09/19 01:17:25.934, 0, 79, 116.61, 88, 12930, 961, 715, P0, 0x0000000000000000
2026/09/19 01:17:25.937, 1, 79, 95.58, 92, 12930, 974, 715, P0, 0x0000000000000020
2026/09/19 01:17:26.959, 0, 79, 97.54, 90, 12930, 936, 715, P0, 0x0000000000000000
2026/09/19 01:17:26.970, 1, 79, 105.29, 90, 12930, 1075, 715, P0, 0x0000000000000000
2026/09/19 01:17:27.986, 0, 79, 82.39, 87, 12930, 936, 715, P0, 0x0000000000000020
2026/09/19 01:17:27.991, 1, 79, 75.08, 87, 12930, 1101, 715, P0, 0x0000000000000000
2026/09/19 01:17:28.999, 0, 79, 108.06, 87, 12930, 987, 715, P0, 0x0000000000000000
2026/09/19 01:17:29.010, 1, 79, 116.39, 88, 12930, 1101, 715, P0, 0x0000000000000000
2026/09/19 01:17:30.026, 0, 79, 94.44, 87, 12930, 822, 715, P0, 0x0000000000000020
2026/09/19 01:17:30.032, 1, 79, 105.61, 89, 12930, 1139, 715, P0, 0x0000000000000020
2026/09/19 01:17:31.037, 0, 79, 97.76, 89, 12930, 847, 715, P0, 0x0000000000000020
2026/09/19 01:17:31.040, 1, 79, 114.35, 84, 12930, 1113, 715, P0, 0x0000000000000000
2026/09/19 01:17:32.068, 0, 79, 80.51, 90, 12930, 936, 715, P0, 0x0000000000000020
2026/09/19 01:17:32.073, 1, 79, 77.49, 91, 12930, 1113, 715, P0, 0x0000000000000000
2026/09/19 01:17:33.085, 0, 79, 104.29, 90, 12930, 987, 715, P0, 0x0000000000000000
2026/09/19 01:17:33.091, 1, 79, 128.88, 89, 12930, 1151, 715, P0, 0x0000000000000000
2026/09/19 01:17:34.097, 0, 79, 117.69, 90, 12930, 987, 715, P0, 0x0000000000000000
2026/09/19 01:17:34.100, 1, 79, 138.45, 92, 12930, 1164, 715, P0, 0x0000000000000000
2026/09/19 01:17:35.112, 0, 79, 108.66, 89, 12930, 1189, 715, P0, 0x0000000000000000
2026/09/19 01:17:35.115, 1, 79, 118.92, 91, 12930, 1189, 715, P0, 0x0000000000000000
2026/09/19 01:17:36.125, 0, 79, 105.54, 90, 12930, 949, 715, P0, 0x0000000000000020
2026/09/19 01:17:36.133, 1, 79, 116.95, 92, 12930, 1063, 715, P0, 0x0000000000000020
2026/09/19 01:17:37.150, 0, 79, 81.47, 90, 12930, 936, 715, P0, 0x0000000000000020
2026/09/19 01:17:37.155, 1, 79, 67.96, 91, 12930, 1113, 715, P0, 0x0000000000000000
2026/09/19 01:17:38.163, 0, 79, 103.84, 90, 12930, 999, 715, P0, 0x0000000000000000
2026/09/19 01:17:38.174, 1, 79, 125.13, 89, 12930, 1151, 715, P0, 0x0000000000000000
2026/09/19 01:17:39.178, 0, 79, 97.36, 78, 12930, 835, 715, P0, 0x0000000000000020
2026/09/19 01:17:39.181, 1, 79, 102.98, 87, 12930, 1075, 715, P0, 0x0000000000000020
2026/09/19 01:17:40.190, 0, 79, 100.63, 90, 12930, 974, 715, P0, 0x0000000000000000
2026/09/19 01:17:40.196, 1, 79, 117.14, 92, 12930, 1126, 715, P0, 0x0000000000000020
2026/09/19 01:17:41.204, 0, 79, 107.46, 90, 12930, 961, 715, P0, 0x0000000000000020
2026/09/19 01:17:41.219, 1, 79, 119.93, 88, 12930, 1075, 715, P0, 0x0000000000000020
2026/09/19 01:17:42.230, 0, 79, 94.56, 90, 12930, 923, 715, P0, 0x0000000000000020
2026/09/19 01:17:42.239, 1, 79, 75.15, 88, 12930, 1126, 715, P0, 0x0000000000000000
2026/09/19 01:17:43.245, 0, 79, 108.53, 78, 12930, 898, 715, P0, 0x0000000000000020
2026/09/19 01:17:43.260, 1, 79, 100.40, 89, 12930, 1075, 715, P0, 0x0000000000000020
2026/09/19 01:17:44.275, 0, 79, 105.38, 87, 12930, 1037, 715, P0, 0x0000000000000000
2026/09/19 01:17:44.280, 1, 79, 115.03, 89, 12930, 1113, 715, P0, 0x0000000000000000
2026/09/19 01:17:45.286, 0, 79, 109.09, 87, 12930, 974, 715, P0, 0x0000000000000020
2026/09/19 01:17:45.302, 1, 79, 116.15, 87, 12930, 1075, 715, P0, 0x0000000000000020
2026/09/19 01:17:46.313, 0, 79, 97.65, 87, 12930, 936, 715, P0, 0x0000000000000020
2026/09/19 01:17:46.322, 1, 79, 68.67, 88, 12930, 1139, 715, P0, 0x0000000000000000
2026/09/19 01:17:47.341, 0, 79, 98.46, 87, 12930, 923, 715, P0, 0x0000000000000020
2026/09/19 01:17:47.346, 1, 79, 101.77, 91, 12930, 1075, 715, P0, 0x0000000000000020
2026/09/19 01:17:48.357, 0, 79, 104.20, 87, 12930, 1025, 715, P0, 0x0000000000000000
2026/09/19 01:17:48.363, 1, 79, 109.54, 93, 12930, 1088, 715, P0, 0x0000000000000000
2026/09/19 01:17:49.382, 0, 79, 106.75, 87, 12930, 961, 715, P0, 0x0000000000000020
2026/09/19 01:17:49.387, 1, 79, 115.93, 92, 12930, 1075, 715, P0, 0x0000000000000020
2026/09/19 01:17:50.393, 0, 79, 98.31, 87, 12930, 923, 715, P0, 0x0000000000000020
2026/09/19 01:17:50.404, 1, 79, 82.05, 92, 12930, 1063, 715, P0, 0x0000000000000020
2026/09/19 01:17:51.423, 0, 79, 99.07, 90, 12930, 936, 715, P0, 0x0000000000000020
2026/09/19 01:17:51.428, 1, 79, 100.59, 94, 12930, 1075, 715, P0, 0x0000000000000020
2026/09/19 01:17:52.439, 0, 79, 100.40, 90, 12930, 961, 715, P0, 0x0000000000000000
2026/09/19 01:17:52.446, 1, 79, 110.75, 96, 12930, 1088, 715, P0, 0x0000000000000000
2026/09/19 01:17:53.466, 0, 79, 109.09, 90, 12930, 974, 715, P0, 0x0000000000000020
2026/09/19 01:17:53.470, 1, 79, 115.69, 95, 12930, 1075, 715, P0, 0x0000000000000020
2026/09/19 01:17:54.474, 0, 79, 103.31, 90, 12930, 936, 715, P0, 0x0000000000000020
2026/09/19 01:17:54.487, 1, 79, 78.96, 93, 12930, 1075, 715, P0, 0x0000000000000020
2026/09/19 01:17:55.502, 0, 79, 105.95, 90, 12930, 949, 715, P0, 0x0000000000000020
2026/09/19 01:17:55.510, 1, 79, 98.41, 98, 12930, 1050, 715, P0, 0x0000000000000020
2026/09/19 01:17:56.518, 0, 79, 104.21, 90, 12930, 1037, 715, P0, 0x0000000000000000
2026/09/19 01:17:56.526, 1, 79, 106.01, 95, 12930, 1075, 715, P0, 0x0000000000000000
2026/09/19 01:17:57.541, 0, 79, 111.56, 90, 12930, 974, 715, P0, 0x0000000000000020
2026/09/19 01:17:57.547, 1, 79, 106.71, 98, 12930, 1025, 715, P0, 0x0000000000000000
2026/09/19 01:17:58.558, 0, 79, 99.96, 90, 12930, 936, 715, P0, 0x0000000000000020
2026/09/19 01:17:58.571, 1, 79, 70.57, 96, 12930, 1101, 715, P0, 0x0000000000000000
2026/09/19 01:17:59.585, 0, 79, 113.49, 89, 12930, 999, 715, P0, 0x0000000000000020
2026/09/19 01:17:59.589, 1, 79, 94.39, 98, 12930, 961, 715, P0, 0x0000000000000020
2026/09/19 01:18:00.603, 0, 79, 97.78, 90, 12930, 1012, 715, P0, 0x0000000000000000
2026/09/19 01:18:00.608, 1, 79, 107.45, 96, 12930, 1113, 715, P0, 0x0000000000000000
2026/09/19 01:18:01.618, 0, 79, 95.04, 90, 12930, 911, 715, P0, 0x0000000000000000
2026/09/19 01:18:01.630, 1, 79, 127.11, 92, 12930, 1126, 715, P0, 0x0000000000000020
2026/09/19 01:18:02.642, 0, 78, 104.33, 30, 12930, 1189, 715, P0, 0x0000000000000000
2026/09/19 01:18:02.645, 1, 78, 75.85, 100, 12930, 493, 715, P0, 0x0000000000000000
2026/09/19 01:18:03.672, 0, 79, 101.13, 78, 12930, 1063, 715, P0, 0x0000000000000020
2026/09/19 01:18:03.675, 1, 79, 98.00, 100, 12930, 923, 715, P0, 0x0000000000000020
2026/09/19 01:18:04.686, 0, 78, 56.33, 97, 12930, 405, 715, P0, 0x0000000000000020
2026/09/19 01:18:04.700, 1, 78, 132.34, 20, 12930, 1101, 715, P0, 0x0000000000000020
2026/09/19 01:18:05.715, 0, 78, 80.29, 100, 12930, 696, 715, P0, 0x0000000000000000
2026/09/19 01:18:05.718, 1, 78, 128.36, 25, 12930, 1189, 715, P0, 0x0000000000000000
2026/09/19 01:18:06.729, 0, 79, 111.10, 90, 12930, 987, 715, P0, 0x0000000000000020
2026/09/19 01:18:06.735, 1, 79, 143.94, 91, 12930, 1215, 715, P0, 0x0000000000000020
2026/09/19 01:18:07.754, 0, 79, 92.61, 90, 12930, 949, 715, P0, 0x0000000000000020
2026/09/19 01:18:07.758, 1, 80, 81.36, 91, 12930, 1202, 715, P0, 0x0000000000000000
2026/09/19 01:18:08.768, 0, 79, 106.35, 90, 12930, 1037, 715, P0, 0x0000000000000000
2026/09/19 01:18:08.774, 1, 79, 117.48, 93, 12930, 1050, 715, P0, 0x0000000000000000
2026/09/19 01:18:09.782, 0, 79, 100.69, 90, 12930, 1025, 715, P0, 0x0000000000000020
2026/09/19 01:18:09.788, 1, 79, 101.28, 97, 12930, 1075, 715, P0, 0x0000000000000000
2026/09/19 01:18:10.800, 0, 79, 109.17, 90, 12930, 1050, 715, P0, 0x0000000000000000
2026/09/19 01:18:10.803, 1, 79, 108.56, 97, 12930, 1037, 715, P0, 0x0000000000000020
2026/09/19 01:18:11.825, 0, 79, 104.67, 90, 12930, 936, 715, P0, 0x0000000000000020
2026/09/19 01:18:11.839, 1, 79, 85.82, 98, 12930, 1075, 715, P0, 0x0000000000000000
2026/09/19 01:18:12.854, 0, 79, 67.31, 90, 12930, 1012, 715, P0, 0x0000000000000000
2026/09/19 01:18:12.858, 1, 79, 63.67, 100, 12930, 974, 715, P0, 0x0000000000000020
2026/09/19 01:18:13.870, 0, 79, 120.72, 90, 12930, 949, 715, P0, 0x0000000000000020
2026/09/19 01:18:13.880, 1, 79, 127.97, 96, 12930, 1050, 715, P0, 0x0000000000000000
2026/09/19 01:18:14.886, 0, 79, 111.53, 90, 12930, 1025, 715, P0, 0x0000000000000000
2026/09/19 01:18:14.891, 1, 79, 114.06, 97, 12930, 1037, 715, P0, 0x0000000000000000
2026/09/19 01:18:15.897, 0, 79, 86.17, 90, 12930, 936, 715, P0, 0x0000000000000020
2026/09/19 01:18:15.902, 1, 79, 102.39, 99, 12930, 1088, 715, P0, 0x0000000000000000
2026/09/19 01:18:16.920, 0, 79, 103.30, 87, 12930, 949, 715, P0, 0x0000000000000020
2026/09/19 01:18:16.923, 1, 79, 72.55, 94, 12930, 1050, 715, P0, 0x0000000000000000
2026/09/19 01:18:17.942, 0, 79, 103.98, 87, 12930, 1037, 715, P0, 0x0000000000000000
2026/09/19 01:18:17.945, 1, 79, 118.91, 98, 12930, 1063, 715, P0, 0x0000000000000000
2026/09/19 01:18:18.966, 0, 79, 91.68, 91, 12930, 936, 715, P0, 0x0000000000000020
2026/09/19 01:18:18.969, 1, 79, 66.98, 96, 12930, 1075, 715, P0, 0x0000000000000000
2026/09/19 01:18:19.988, 0, 79, 106.12, 90, 12930, 961, 715, P0, 0x0000000000000020
2026/09/19 01:18:19.991, 1, 79, 101.52, 99, 12930, 974, 715, P0, 0x0000000000000000
2026/09/19 01:18:21.013, 0, 79, 101.00, 86, 12930, 923, 715, P0, 0x0000000000000000
2026/09/19 01:18:21.027, 1, 79, 64.09, 99, 12930, 1126, 715, P0, 0x0000000000000000
2026/09/19 01:18:22.044, 0, 79, 99.80, 89, 12930, 949, 715, P0, 0x0000000000000020
2026/09/19 01:18:22.047, 1, 79, 66.55, 100, 12930, 1101, 715, P0, 0x0000000000000000
2026/09/19 01:18:23.071, 0, 79, 104.91, 91, 12930, 949, 715, P0, 0x0000000000000000
2026/09/19 01:18:23.074, 1, 79, 103.67, 98, 12930, 987, 715, P0, 0x0000000000000020
2026/09/19 01:18:24.096, 0, 79, 109.18, 88, 12930, 961, 715, P0, 0x0000000000000020
2026/09/19 01:18:24.107, 1, 79, 103.62, 96, 12930, 974, 715, P0, 0x0000000000000020
2026/09/19 01:18:25.122, 0, 79, 108.22, 90, 12930, 987, 715, P0, 0x0000000000000020
2026/09/19 01:18:25.128, 1, 79, 102.42, 93, 12930, 961, 715, P0, 0x0000000000000000
2026/09/19 01:18:26.133, 0, 79, 100.91, 90, 12930, 923, 715, P0, 0x0000000000000020
2026/09/19 01:18:26.136, 1, 79, 104.61, 92, 12930, 1063, 715, P0, 0x0000000000000000
2026/09/19 01:18:27.147, 0, 79, 103.90, 90, 12930, 1075, 715, P0, 0x0000000000000000
2026/09/19 01:18:27.150, 1, 79, 128.16, 92, 12930, 1139, 715, P0, 0x0000000000000000
2026/09/19 01:18:28.156, 0, 79, 110.26, 90, 12930, 999, 715, P0, 0x0000000000000020
2026/09/19 01:18:28.162, 1, 79, 114.79, 93, 12930, 1025, 715, P0, 0x0000000000000020
2026/09/19 01:18:29.166, 0, 79, 98.48, 87, 12930, 923, 715, P0, 0x0000000000000000
2026/09/19 01:18:29.172, 1, 79, 120.97, 92, 12930, 1101, 715, P0, 0x0000000000000020
2026/09/19 01:18:30.196, 0, 79, 92.39, 90, 12930, 746, 715, P0, 0x0000000000000020
2026/09/19 01:18:30.201, 1, 79, 101.32, 75, 12930, 1113, 715, P0, 0x0000000000000000
2026/09/19 01:18:31.213, 0, 79, 99.07, 90, 12930, 847, 715, P0, 0x0000000000000020
2026/09/19 01:18:31.216, 1, 79, 69.34, 81, 12930, 1151, 715, P0, 0x0000000000000000
2026/09/19 01:18:32.240, 0, 79, 91.10, 94, 12930, 860, 715, P0, 0x0000000000000000
2026/09/19 01:18:32.253, 1, 79, 106.27, 83, 12930, 1113, 715, P0, 0x0000000000000000
2026/09/19 01:18:33.264, 0, 79, 74.05, 90, 12930, 860, 715, P0, 0x0000000000000000
2026/09/19 01:18:33.274, 1, 79, 101.27, 77, 12930, 1177, 715, P0, 0x0000000000000000
2026/09/19 01:18:34.292, 0, 79, 99.68, 80, 12930, 847, 715, P0, 0x0000000000000020
2026/09/19 01:18:34.295, 1, 79, 100.62, 80, 12930, 1025, 715, P0, 0x0000000000000020
2026/09/19 01:18:35.305, 0, 79, 100.75, 90, 12930, 835, 715, P0, 0x0000000000000020
2026/09/19 01:18:35.316, 1, 79, 88.24, 80, 12930, 1126, 715, P0, 0x0000000000000020
2026/09/19 01:18:36.335, 0, 79, 100.20, 90, 12930, 847, 715, P0, 0x0000000000000020
2026/09/19 01:18:36.340, 1, 79, 113.84, 82, 12930, 1037, 715, P0, 0x0000000000000020
2026/09/19 01:18:37.343, 0, 79, 113.51, 92, 12930, 898, 715, P0, 0x0000000000000020
2026/09/19 01:18:37.357, 1, 79, 82.44, 78, 12930, 1088, 715, P0, 0x0000000000000020
2026/09/19 01:18:38.370, 0, 79, 98.26, 93, 12930, 835, 715, P0, 0x0000000000000020
2026/09/19 01:18:38.377, 1, 79, 77.44, 84, 12930, 999, 715, P0, 0x0000000000000020
2026/09/19 01:18:39.382, 0, 79, 95.56, 88, 12930, 860, 715, P0, 0x0000000000000000
2026/09/19 01:18:39.385, 1, 79, 130.87, 87, 12930, 1063, 715, P0, 0x0000000000000020
2026/09/19 01:18:40.409, 0, 79, 109.57, 94, 12930, 873, 715, P0, 0x0000000000000000
2026/09/19 01:18:40.416, 1, 79, 147.76, 85, 12930, 1151, 715, P0, 0x0000000000000020
2026/09/19 01:18:41.435, 0, 79, 100.55, 90, 12930, 873, 715, P0, 0x0000000000000020
2026/09/19 01:18:41.439, 1, 79, 123.35, 75, 12930, 1075, 715, P0, 0x0000000000000020
2026/09/19 01:18:42.449, 0, 79, 108.36, 90, 12930, 860, 715, P0, 0x0000000000000000
2026/09/19 01:18:42.458, 1, 79, 149.90, 80, 12930, 1164, 715, P0, 0x0000000000000000
2026/09/19 01:18:43.473, 0, 79, 97.90, 94, 12930, 835, 715, P0, 0x0000000000000020
2026/09/19 01:18:43.478, 1, 79, 127.36, 82, 12930, 1075, 715, P0, 0x0000000000000020
2026/09/19 01:18:44.485, 0, 78, 106.92, 88, 12930, 847, 715, P0, 0x0000000000000020
2026/09/19 01:18:44.498, 1, 79, 94.04, 83, 12930, 1126, 715, P0, 0x0000000000000020
2026/09/19 01:18:45.516, 0, 79, 99.07, 92, 12930, 847, 715, P0, 0x0000000000000020
2026/09/19 01:18:45.521, 1, 79, 77.48, 86, 12930, 974, 715, P0, 0x0000000000000020
2026/09/19 01:18:46.532, 0, 79, 112.56, 90, 12930, 873, 715, P0, 0x0000000000000020
2026/09/19 01:18:46.537, 1, 79, 85.84, 78, 12930, 1151, 715, P0, 0x0000000000000020
2026/09/19 01:18:47.541, 0, 79, 114.46, 90, 12930, 961, 715, P0, 0x0000000000000000
2026/09/19 01:18:47.545, 1, 79, 129.41, 95, 12930, 1075, 715, P0, 0x0000000000000020
2026/09/19 01:18:48.556, 0, 79, 99.37, 90, 12930, 911, 715, P0, 0x0000000000000000
2026/09/19 01:18:48.562, 1, 79, 120.50, 92, 12930, 1075, 715, P0, 0x0000000000000020
2026/09/19 01:18:49.570, 0, 79, 107.48, 90, 12930, 949, 715, P0, 0x0000000000000020
2026/09/19 01:18:49.579, 1, 79, 116.23, 92, 12930, 1063, 715, P0, 0x0000000000000020
2026/09/19 01:18:50.597, 0, 79, 81.18, 90, 12930, 898, 715, P0, 0x0000000000000020
2026/09/19 01:18:50.603, 1, 79, 91.53, 90, 12930, 1126, 715, P0, 0x0000000000000000
2026/09/19 01:18:51.613, 0, 79, 112.17, 90, 12930, 974, 715, P0, 0x0000000000000000
2026/09/19 01:18:51.619, 1, 79, 150.56, 94, 12930, 1075, 715, P0, 0x0000000000000020
2026/09/19 01:18:52.640, 0, 79, 103.98, 90, 12930, 949, 715, P0, 0x0000000000000020
2026/09/19 01:18:52.645, 1, 79, 102.20, 90, 12930, 1075, 715, P0, 0x0000000000000020
2026/09/19 01:18:53.655, 0, 79, 108.04, 93, 12930, 961, 715, P0, 0x0000000000000020
2026/09/19 01:18:53.663, 1, 79, 107.21, 89, 12930, 1037, 715, P0, 0x0000000000000000
2026/09/19 01:18:54.684, 0, 79, 102.83, 92, 12930, 911, 715, P0, 0x0000000000000020
2026/09/19 01:18:54.689, 1, 79, 76.76, 91, 12930, 1037, 715, P0, 0x0000000000000020
2026/09/19 01:18:55.708, 0, 79, 108.77, 90, 12930, 987, 715, P0, 0x0000000000000000
2026/09/19 01:18:55.711, 1, 79, 142.50, 92, 12930, 1101, 715, P0, 0x0000000000000020
2026/09/19 01:18:56.720, 0, 79, 100.11, 90, 12930, 949, 715, P0, 0x0000000000000020
2026/09/19 01:18:56.727, 1, 79, 110.99, 87, 12930, 1139, 715, P0, 0x0000000000000000
2026/09/19 01:18:57.733, 0, 79, 100.08, 87, 12930, 911, 715, P0, 0x0000000000000000
2026/09/19 01:18:57.745, 1, 79, 121.20, 90, 12930, 1025, 715, P0, 0x0000000000000020
2026/09/19 01:18:58.760, 0, 79, 105.62, 92, 12930, 911, 715, P0, 0x0000000000000020
2026/09/19 01:18:58.767, 1, 79, 108.22, 94, 12930, 1037, 715, P0, 0x0000000000000020
2026/09/19 01:18:59.787, 0, 79, 103.08, 90, 12930, 911, 715, P0, 0x0000000000000020
2026/09/19 01:18:59.791, 1, 79, 80.53, 95, 12930, 1050, 715, P0, 0x0000000000000020
2026/09/19 01:19:00.796, 0, 79, 75.65, 90, 12930, 949, 715, P0, 0x0000000000000000
2026/09/19 01:19:00.810, 1, 79, 103.09, 94, 12930, 1189, 715, P0, 0x0000000000000000
2026/09/19 01:19:01.824, 0, 79, 113.13, 84, 12930, 961, 715, P0, 0x0000000000000000
2026/09/19 01:19:01.828, 1, 79, 147.32, 94, 12930, 1075, 715, P0, 0x0000000000000020
2026/09/19 01:19:02.850, 0, 79, 118.83, 90, 12930, 999, 715, P0, 0x0000000000000000
2026/09/19 01:19:02.853, 1, 79, 152.17, 91, 12930, 1075, 715, P0, 0x0000000000000020
2026/09/19 01:19:03.868, 0, 79, 109.96, 87, 12930, 999, 715, P0, 0x0000000000000000
2026/09/19 01:19:03.871, 1, 79, 152.14, 90, 12930, 1113, 715, P0, 0x0000000000000020
2026/09/19 01:19:04.895, 0, 79, 101.73, 90, 12930, 974, 715, P0, 0x0000000000000000
2026/09/19 01:19:04.900, 1, 79, 129.42, 84, 12930, 1164, 715, P0, 0x0000000000000000
2026/09/19 01:19:05.909, 0, 79, 101.47, 90, 12930, 987, 715, P0, 0x0000000000000000
2026/09/19 01:19:05.912, 1, 79, 106.62, 86, 12930, 1139, 715, P0, 0x0000000000000000
2026/09/19 01:19:06.922, 0, 79, 111.87, 90, 12930, 974, 715, P0, 0x0000000000000000
2026/09/19 01:19:06.932, 1, 79, 149.14, 86, 12930, 1164, 715, P0, 0x0000000000000000
2026/09/19 01:19:07.938, 0, 79, 104.22, 93, 12930, 923, 715, P0, 0x0000000000000000
2026/09/19 01:19:07.944, 1, 79, 116.14, 90, 12930, 1126, 715, P0, 0x0000000000000000
2026/09/19 01:19:08.964, 0, 79, 116.93, 90, 12930, 999, 715, P0, 0x0000000000000000
2026/09/19 01:19:08.973, 1, 79, 127.46, 93, 12930, 1113, 715, P0, 0x0000000000000020
2026/09/19 01:19:09.989, 0, 79, 103.39, 94, 12930, 987, 715, P0, 0x0000000000000000
2026/09/19 01:19:09.994, 1, 79, 135.65, 88, 12930, 1177, 715, P0, 0x0000000000000000
2026/09/19 01:19:11.002, 0, 79, 117.64, 93, 12930, 987, 715, P0, 0x0000000000000000
2026/09/19 01:19:11.014, 1, 79, 152.39, 85, 12930, 1164, 715, P0, 0x0000000000000000
2026/09/19 01:19:12.030, 0, 79, 100.11, 90, 12930, 999, 715, P0, 0x0000000000000000
2026/09/19 01:19:12.036, 1, 79, 137.24, 93, 12930, 1164, 715, P0, 0x0000000000000000
2026/09/19 01:19:13.047, 0, 79, 78.30, 87, 12930, 949, 715, P0, 0x0000000000000000
2026/09/19 01:19:13.057, 1, 79, 89.84, 91, 12930, 1063, 715, P0, 0x0000000000000000
2026/09/19 01:19:14.074, 0, 79, 87.16, 90, 12930, 911, 715, P0, 0x0000000000000020
2026/09/19 01:19:14.079, 1, 79, 67.96, 88, 12930, 1025, 715, P0, 0x0000000000000020
2026/09/19 01:19:15.084, 0, 79, 103.22, 93, 12930, 923, 715, P0, 0x0000000000000020
2026/09/19 01:19:15.087, 1, 79, 107.68, 87, 12930, 1025, 715, P0, 0x0000000000000020
2026/09/19 01:19:16.100, 0, 79, 106.75, 90, 12930, 949, 715, P0, 0x0000000000000020
2026/09/19 01:19:16.103, 1, 79, 114.50, 91, 12930, 1025, 715, P0, 0x0000000000000020
2026/09/19 01:19:17.131, 0, 79, 108.10, 87, 12930, 949, 715, P0, 0x0000000000000020
2026/09/19 01:19:17.140, 1, 79, 121.61, 89, 12930, 1075, 715, P0, 0x0000000000000020
2026/09/19 01:19:18.157, 0, 79, 102.19, 90, 12930, 999, 715, P0, 0x0000000000000000
2026/09/19 01:19:18.160, 1, 79, 123.53, 89, 12930, 1177, 715, P0, 0x0000000000000000
2026/09/19 01:19:19.166, 0, 79, 99.08, 90, 12930, 911, 715, P0, 0x0000000000000020
2026/09/19 01:19:19.169, 1, 79, 63.59, 91, 12930, 1164, 715, P0, 0x0000000000000000
2026/09/19 01:19:20.176, 0, 79, 105.38, 90, 12930, 923, 715, P0, 0x0000000000000020
2026/09/19 01:19:20.182, 1, 79, 112.65, 84, 12930, 1037, 715, P0, 0x0000000000000020
2026/09/19 01:19:21.189, 0, 79, 92.57, 90, 12930, 822, 715, P0, 0x0000000000000020
2026/09/19 01:19:21.203, 1, 79, 103.70, 85, 12930, 1075, 715, P0, 0x0000000000000020
2026/09/19 01:19:22.219, 0, 79, 102.51, 90, 12930, 911, 715, P0, 0x0000000000000020
2026/09/19 01:19:22.224, 1, 79, 93.17, 89, 12930, 1025, 715, P0, 0x0000000000000020
2026/09/19 01:19:23.230, 0, 79, 92.57, 94, 12930, 822, 715, P0, 0x0000000000000020
2026/09/19 01:19:23.245, 1, 79, 108.38, 80, 12930, 1177, 715, P0, 0x0000000000000000
2026/09/19 01:19:24.258, 0, 79, 102.02, 90, 12930, 898, 715, P0, 0x0000000000000020
2026/09/19 01:19:24.265, 1, 79, 86.06, 84, 12930, 987, 715, P0, 0x0000000000000020
2026/09/19 01:19:25.272, 0, 79, 95.53, 93, 12930, 923, 715, P0, 0x0000000000000000
2026/09/19 01:19:25.283, 1, 79, 125.22, 83, 12930, 1139, 715, P0, 0x0000000000000020
2026/09/19 01:19:26.300, 0, 79, 76.46, 90, 12930, 923, 715, P0, 0x0000000000000000
2026/09/19 01:19:26.303, 1, 79, 80.57, 82, 12930, 1164, 715, P0, 0x0000000000000000
2026/09/19 01:19:27.313, 0, 79, 96.08, 90, 12930, 923, 715, P0, 0x0000000000000000
2026/09/19 01:19:27.323, 1, 79, 115.48, 87, 12930, 1113, 715, P0, 0x0000000000000020
2026/09/19 01:19:28.338, 0, 79, 83.90, 94, 12930, 898, 715, P0, 0x0000000000000000
2026/09/19 01:19:28.345, 1, 79, 74.60, 82, 12930, 1177, 715, P0, 0x0000000000000000
2026/09/19 01:19:29.349, 0, 79, 95.12, 90, 12930, 797, 715, P0, 0x0000000000000020
2026/09/19 01:19:29.352, 1, 79, 114.59, 86, 12930, 1151, 715, P0, 0x0000000000000000
2026/09/19 01:19:30.364, 0, 79, 108.90, 90, 12930, 1025, 715, P0, 0x0000000000000000
2026/09/19 01:19:30.369, 1, 79, 117.11, 98, 12930, 1075, 715, P0, 0x0000000000000020
2026/09/19 01:19:31.375, 0, 79, 110.59, 90, 12930, 974, 715, P0, 0x0000000000000020
2026/09/19 01:19:31.387, 1, 79, 107.93, 98, 12930, 1025, 715, P0, 0x0000000000000000
2026/09/19 01:19:32.399, 0, 79, 107.67, 94, 12930, 1088, 715, P0, 0x0000000000000000
2026/09/19 01:19:32.402, 1, 79, 106.85, 96, 12930, 1088, 715, P0, 0x0000000000000000
2026/09/19 01:19:33.424, 0, 79, 98.08, 93, 12930, 936, 715, P0, 0x0000000000000020
2026/09/19 01:19:33.429, 1, 79, 105.72, 96, 12930, 1113, 715, P0, 0x0000000000000000
2026/09/19 01:19:34.436, 0, 79, 79.41, 55, 12930, 1151, 715, P0, 0x0000000000000000
2026/09/19 01:19:34.444, 1, 79, 86.25, 100, 12930, 607, 715, P0, 0x0000000000000000
2026/09/19 01:19:35.470, 0, 79, 131.48, 70, 12930, 1139, 715, P0, 0x0000000000000020
2026/09/19 01:19:35.475, 1, 79, 114.61, 100, 12930, 683, 715, P0, 0x0000000000000020
2026/09/19 01:19:36.486, 0, 79, 99.27, 66, 12930, 1189, 715, P0, 0x0000000000000000
2026/09/19 01:19:36.490, 1, 78, 93.14, 100, 12930, 810, 715, P0, 0x0000000000000000
2026/09/19 01:19:37.511, 0, 79, 117.30, 72, 12930, 974, 715, P0, 0x0000000000000020
2026/09/19 01:19:37.516, 1, 79, 92.20, 100, 12930, 746, 715, P0, 0x0000000000000020
2026/09/19 01:19:38.522, 0, 79, 98.72, 72, 12930, 1050, 715, P0, 0x0000000000000020
2026/09/19 01:19:38.529, 1, 78, 97.41, 100, 12930, 670, 715, P0, 0x0000000000000020
2026/09/19 01:19:39.552, 0, 79, 79.22, 69, 12930, 999, 715, P0, 0x0000000000000000
2026/09/19 01:19:39.555, 1, 79, 102.63, 95, 12930, 936, 715, P0, 0x0000000000000020
2026/09/19 01:19:40.569, 0, 79, 75.37, 90, 12930, 987, 715, P0, 0x0000000000000000
2026/09/19 01:19:40.572, 1, 79, 93.53, 100, 12930, 949, 715, P0, 0x0000000000000020
2026/09/19 01:19:41.584, 0, 79, 108.70, 91, 12930, 974, 715, P0, 0x0000000000000020
2026/09/19 01:19:41.591, 1, 79, 101.51, 100, 12930, 923, 715, P0, 0x0000000000000020
2026/09/19 01:19:42.608, 0, 79, 106.35, 90, 12930, 961, 715, P0, 0x0000000000000020
2026/09/19 01:19:42.612, 1, 79, 102.71, 100, 12930, 949, 715, P0, 0x0000000000000020
2026/09/19 01:19:43.619, 0, 79, 107.50, 85, 12930, 974, 715, P0, 0x0000000000000020
2026/09/19 01:19:43.632, 1, 79, 106.01, 100, 12930, 961, 715, P0, 0x0000000000000020
2026/09/19 01:19:44.652, 0, 79, 106.35, 90, 12930, 974, 715, P0, 0x0000000000000020
2026/09/19 01:19:44.657, 1, 79, 106.73, 98, 12930, 949, 715, P0, 0x0000000000000020
2026/09/19 01:19:45.665, 0, 79, 100.18, 91, 12930, 961, 715, P0, 0x0000000000000000
2026/09/19 01:19:45.671, 1, 79, 106.03, 99, 12930, 987, 715, P0, 0x0000000000000020
2026/09/19 01:19:46.691, 0, 79, 100.38, 90, 12930, 885, 715, P0, 0x0000000000000020
2026/09/19 01:19:46.694, 1, 79, 97.93, 100, 12930, 974, 715, P0, 0x0000000000000000
2026/09/19 01:19:47.713, 0, 79, 111.95, 90, 12930, 1025, 715, P0, 0x0000000000000000
2026/09/19 01:19:47.716, 1, 79, 126.50, 100, 12930, 885, 715, P0, 0x0000000000000020
2026/09/19 01:19:48.723, 0, 79, 118.62, 74, 12930, 1012, 715, P0, 0x0000000000000000
2026/09/19 01:19:48.733, 1, 79, 126.97, 95, 12930, 860, 715, P0, 0x0000000000000020
2026/09/19 01:19:49.754, 0, 80, 70.83, 90, 12930, 923, 715, P0, 0x0000000000000020
2026/09/19 01:19:49.757, 1, 79, 85.70, 100, 12930, 961, 715, P0, 0x0000000000000000
2026/09/19 01:19:50.771, 0, 79, 101.58, 93, 12930, 987, 715, P0, 0x0000000000000000
2026/09/19 01:19:50.774, 1, 78, 118.53, 90, 12930, 1126, 715, P0, 0x0000000000000000
2026/09/19 01:19:51.796, 0, 79, 115.42, 90, 12930, 835, 715, P0, 0x0000000000000020
2026/09/19 01:19:51.798, 1, 79, 88.49, 83, 12930, 847, 715, P0, 0x0000000000000020
2026/09/19 01:19:52.807, 0, 79, 93.48, 90, 12930, 746, 715, P0, 0x0000000000000020
2026/09/19 01:19:52.821, 1, 79, 103.40, 87, 12930, 1189, 715, P0, 0x0000000000000000
2026/09/19 01:19:53.837, 0, 79, 101.36, 87, 12930, 873, 715, P0, 0x0000000000000020
2026/09/19 01:19:53.840, 1, 79, 110.57, 88, 12930, 1025, 715, P0, 0x0000000000000020
2026/09/19 01:19:54.851, 0, 79, 100.66, 89, 12930, 847, 715, P0, 0x0000000000000020
2026/09/19 01:19:54.860, 1, 79, 83.72, 89, 12930, 1037, 715, P0, 0x0000000000000000
2026/09/19 01:19:55.877, 0, 79, 95.31, 90, 12930, 860, 715, P0, 0x0000000000000020
2026/09/19 01:19:55.881, 1, 79, 63.61, 85, 12930, 1139, 715, P0, 0x0000000000000000
2026/09/19 01:19:56.889, 0, 79, 82.04, 90, 12930, 949, 715, P0, 0x0000000000000000
2026/09/19 01:19:56.900, 1, 79, 118.56, 87, 12930, 1126, 715, P0, 0x0000000000000000
2026/09/19 01:19:57.916, 0, 79, 101.57, 90, 12930, 999, 715, P0, 0x0000000000000000
2026/09/19 01:19:57.919, 1, 79, 118.08, 85, 12930, 1177, 715, P0, 0x0000000000000000
2026/09/19 01:19:58.928, 0, 79, 110.88, 90, 12930, 898, 715, P0, 0x0000000000000020
2026/09/19 01:19:58.933, 1, 79, 90.61, 85, 12930, 987, 715, P0, 0x0000000000000020
2026/09/19 01:19:59.947, 0, 79, 101.15, 90, 12930, 847, 715, P0, 0x0000000000000020
2026/09/19 01:19:59.952, 1, 79, 102.32, 84, 12930, 1139, 715, P0, 0x0000000000000020
2026/09/19 01:20:00.977, 0, 79, 96.98, 90, 12930, 923, 715, P0, 0x0000000000000000
2026/09/19 01:20:00.983, 1, 79, 121.16, 86, 12930, 1151, 715, P0, 0x0000000000000000
2026/09/19 01:20:02.002, 0, 79, 93.68, 90, 12930, 860, 715, P0, 0x0000000000000000
2026/09/19 01:20:02.005, 1, 79, 109.38, 88, 12930, 1063, 715, P0, 0x0000000000000020
2026/09/19 01:20:03.028, 0, 79, 102.66, 90, 12930, 911, 715, P0, 0x0000000000000020
2026/09/19 01:20:03.030, 1, 79, 121.61, 88, 12930, 1025, 715, P0, 0x0000000000000020
2026/09/19 01:20:04.041, 0, 79, 97.75, 90, 12930, 847, 715, P0, 0x0000000000000020
2026/09/19 01:20:04.044, 1, 79, 112.25, 87, 12930, 1075, 715, P0, 0x0000000000000020
2026/09/19 01:20:05.058, 0, 79, 103.92, 90, 12930, 873, 715, P0, 0x0000000000000020
2026/09/19 01:20:05.065, 1, 79, 115.77, 85, 12930, 1050, 715, P0, 0x0000000000000020
2026/09/19 01:20:06.070, 0, 79, 102.73, 90, 12930, 885, 715, P0, 0x0000000000000020
2026/09/19 01:20:06.073, 1, 79, 111.22, 86, 12930, 1037, 715, P0, 0x0000000000000020
2026/09/19 01:20:07.102, 0, 79, 98.58, 90, 12930, 847, 715, P0, 0x0000000000000020
2026/09/19 01:20:07.107, 1, 79, 71.03, 82, 12930, 1063, 715, P0, 0x0000000000000020
2026/09/19 01:20:08.119, 0, 79, 76.66, 90, 12930, 873, 715, P0, 0x0000000000000000
2026/09/19 01:20:08.126, 1, 79, 110.53, 86, 12930, 1177, 715, P0, 0x0000000000000000
2026/09/19 01:20:09.134, 0, 79, 87.83, 90, 12930, 961, 715, P0, 0x0000000000000000
2026/09/19 01:20:09.146, 1, 79, 103.36, 83, 12930, 1189, 715, P0, 0x0000000000000000
2026/09/19 01:20:10.164, 0, 79, 95.62, 93, 12930, 860, 715, P0, 0x0000000000000020
2026/09/19 01:20:10.167, 1, 79, 59.51, 77, 12930, 1164, 715, P0, 0x0000000000000000
2026/09/19 01:20:11.180, 0, 79, 100.18, 94, 12930, 873, 715, P0, 0x0000000000000020
2026/09/19 01:20:11.187, 1, 79, 90.10, 84, 12930, 1075, 715, P0, 0x0000000000000020
2026/09/19 01:20:12.203, 0, 79, 98.48, 93, 12930, 847, 715, P0, 0x0000000000000020
2026/09/19 01:20:12.207, 1, 79, 99.90, 83, 12930, 1025, 715, P0, 0x0000000000000020
2026/09/19 01:20:13.217, 0, 79, 99.15, 90, 12930, 860, 715, P0, 0x0000000000000020
2026/09/19 01:20:13.227, 1, 79, 93.24, 87, 12930, 1050, 715, P0, 0x0000000000000020
2026/09/19 01:20:14.244, 0, 79, 74.29, 91, 12930, 873, 715, P0, 0x0000000000000000
2026/09/19 01:20:14.250, 1, 79, 100.30, 80, 12930, 1189, 715, P0, 0x0000000000000000
2026/09/19 01:20:15.259, 0, 79, 101.57, 93, 12930, 873, 715, P0, 0x0000000000000020
2026/09/19 01:20:15.271, 1, 79, 79.86, 85, 12930, 1075, 715, P0, 0x0000000000000000
2026/09/19 01:20:16.287, 0, 79, 98.23, 90, 12930, 847, 715, P0, 0x0000000000000020
2026/09/19 01:20:16.290, 1, 79, 94.42, 86, 12930, 1063, 715, P0, 0x0000000000000020
2026/09/19 01:20:17.311, 0, 79, 101.76, 94, 12930, 873, 715, P0, 0x0000000000000020
2026/09/19 01:20:17.314, 1, 79, 114.82, 85, 12930, 1025, 715, P0, 0x0000000000000020
2026/09/19 01:20:18.335, 0, 79, 103.13, 92, 12930, 923, 715, P0, 0x0000000000000020
2026/09/19 01:20:18.341, 1, 79, 123.04, 76, 12930, 1075, 715, P0, 0x0000000000000020
2026/09/19 01:20:19.350, 0, 79, 103.20, 90, 12930, 911, 715, P0, 0x0000000000000020
2026/09/19 01:20:19.353, 1, 79, 125.92, 88, 12930, 1075, 715, P0, 0x0000000000000020
2026/09/19 01:20:20.379, 0, 79, 97.02, 90, 12930, 873, 715, P0, 0x0000000000000000
2026/09/19 01:20:20.384, 1, 79, 117.94, 88, 12930, 1075, 715, P0, 0x0000000000000020
2026/09/19 01:20:21.395, 0, 79, 92.04, 90, 12930, 772, 715, P0, 0x0000000000000020
2026/09/19 01:20:21.398, 1, 79, 100.40, 83, 12930, 1139, 715, P0, 0x0000000000000000
2026/09/19 01:20:22.408, 0, 79, 99.32, 94, 12930, 936, 715, P0, 0x0000000000000000
2026/09/19 01:20:22.414, 1, 79, 131.29, 77, 12930, 1189, 715, P0, 0x0000000000000000
2026/09/19 01:20:23.423, 0, 79, 76.70, 94, 12930, 873, 715, P0, 0x0000000000000000
2026/09/19 01:20:23.435, 1, 79, 82.21, 88, 12930, 1139, 715, P0, 0x0000000000000000
2026/09/19 01:20:24.454, 0, 79, 77.33, 90, 12930, 873, 715, P0, 0x0000000000000000
2026/09/19 01:20:24.456, 1, 79, 103.90, 78, 12930, 1151, 715, P0, 0x0000000000000000
2026/09/19 01:20:25.468, 0, 79, 100.19, 90, 12930, 847, 715, P0, 0x0000000000000020
2026/09/19 01:20:25.477, 1, 79, 83.70, 89, 12930, 1025, 715, P0, 0x0000000000000020
2026/09/19 01:20:26.481, 0, 79, 100.79, 94, 12930, 911, 715, P0, 0x0000000000000020
2026/09/19 01:20:26.484, 1, 79, 124.00, 83, 12930, 1075, 715, P0, 0x0000000000000020
2026/09/19 01:20:27.517, 0, 79, 99.59, 94, 12930, 898, 715, P0, 0x0000000000000000
2026/09/19 01:20:27.520, 1, 79, 125.68, 78, 12930, 1139, 715, P0, 0x0000000000000020
2026/09/19 01:20:28.528, 0, 79, 95.86, 90, 12930, 949, 715, P0, 0x0000000000000000
2026/09/19 01:20:28.536, 1, 79, 117.64, 87, 12930, 1189, 715, P0, 0x0000000000000000
2026/09/19 01:20:29.541, 0, 79, 127.24, 90, 12930, 936, 715, P0, 0x0000000000000000
2026/09/19 01:20:29.544, 1, 79, 102.23, 87, 12930, 1101, 715, P0, 0x0000000000000020
2026/09/19 01:20:30.557, 0, 79, 97.48, 93, 12930, 898, 715, P0, 0x0000000000000000
2026/09/19 01:20:30.560, 1, 79, 111.03, 84, 12930, 1189, 715, P0, 0x0000000000000000
2026/09/19 01:20:31.569, 0, 79, 97.46, 93, 12930, 847, 715, P0, 0x0000000000000020
2026/09/19 01:20:31.579, 1, 79, 108.43, 76, 12930, 1025, 715, P0, 0x0000000000000020
2026/09/19 01:20:32.598, 0, 79, 101.76, 90, 12930, 898, 715, P0, 0x0000000000000020
2026/09/19 01:20:32.601, 1, 79, 122.32, 88, 12930, 1088, 715, P0, 0x0000000000000020
2026/09/19 01:20:33.607, 0, 79, 94.71, 90, 12930, 936, 715, P0, 0x0000000000000000
2026/09/19 01:20:33.618, 1, 79, 107.96, 87, 12930, 1139, 715, P0, 0x0000000000000000
2026/09/19 01:20:34.633, 0, 79, 89.08, 93, 12930, 772, 715, P0, 0x0000000000000020
2026/09/19 01:20:34.642, 1, 79, 97.95, 79, 12930, 1139, 715, P0, 0x0000000000000000
2026/09/19 01:20:35.650, 0, 79, 97.23, 90, 12930, 847, 715, P0, 0x0000000000000020
2026/09/19 01:20:35.660, 1, 79, 58.80, 76, 12930, 1177, 715, P0, 0x0000000000000000
2026/09/19 01:20:36.680, 0, 79, 99.37, 90, 12930, 860, 715, P0, 0x0000000000000020
2026/09/19 01:20:36.685, 1, 79, 109.09, 89, 12930, 1025, 715, P0, 0x0000000000000020
2026/09/19 01:20:37.693, 0, 79, 97.04, 93, 12930, 999, 715, P0, 0x0000000000000000
2026/09/19 01:20:37.698, 1, 79, 114.81, 84, 12930, 1126, 715, P0, 0x0000000000000020
2026/09/19 01:20:38.710, 0, 79, 108.43, 94, 12930, 949, 715, P0, 0x0000000000000020
2026/09/19 01:20:38.721, 1, 79, 113.85, 93, 12930, 1050, 715, P0, 0x0000000000000020
2026/09/19 01:20:39.733, 0, 79, 128.71, 77, 12930, 898, 715, P0, 0x0000000000000020
2026/09/19 01:20:39.742, 1, 79, 101.08, 95, 12930, 1025, 715, P0, 0x0000000000000020
2026/09/19 01:20:40.762, 0, 79, 106.03, 88, 12930, 961, 715, P0, 0x0000000000000020
2026/09/19 01:20:40.765, 1, 79, 118.33, 91, 12930, 1075, 715, P0, 0x0000000000000020
2026/09/19 01:20:41.779, 0, 79, 105.63, 94, 12930, 923, 715, P0, 0x0000000000000020
2026/09/19 01:20:41.784, 1, 79, 90.34, 91, 12930, 1075, 715, P0, 0x0000000000000020
2026/09/19 01:20:42.804, 0, 79, 108.08, 92, 12930, 1050, 715, P0, 0x0000000000000000
2026/09/19 01:20:42.807, 1, 79, 129.87, 87, 12930, 1151, 715, P0, 0x0000000000000000
2026/09/19 01:20:43.826, 0, 79, 104.12, 90, 12930, 999, 715, P0, 0x0000000000000000
2026/09/19 01:20:43.833, 1, 79, 117.13, 93, 12930, 1075, 715, P0, 0x0000000000000020
2026/09/19 01:20:44.867, 0, 79, 106.38, 90, 12930, 974, 715, P0, 0x0000000000000000
2026/09/19 01:20:44.873, 1, 79, 116.47, 91, 12930, 1189, 715, P0, 0x0000000000000000
2026/09/19 01:20:45.883, 0, 79, 131.30, 90, 12930, 936, 715, P0, 0x0000000000000020
2026/09/19 01:20:45.887, 1, 79, 103.06, 85, 12930, 1075, 715, P0, 0x0000000000000020
2026/09/19 01:20:46.910, 0, 79, 106.49, 90, 12930, 1025, 715, P0, 0x0000000000000000
2026/09/19 01:20:46.916, 1, 79, 127.50, 87, 12930, 1126, 715, P0, 0x0000000000000020
2026/09/19 01:20:47.920, 0, 79, 108.42, 94, 12930, 961, 715, P0, 0x0000000000000020
2026/09/19 01:20:47.928, 1, 79, 115.45, 93, 12930, 1050, 715, P0, 0x0000000000000020
2026/09/19 01:20:48.941, 0, 79, 101.25, 94, 12930, 923, 715, P0, 0x0000000000000020
2026/09/19 01:20:48.949, 1, 79, 63.35, 90, 12930, 1177, 715, P0, 0x0000000000000000
2026/09/19 01:20:49.957, 0, 79, 115.67, 90, 12930, 949, 715, P0, 0x0000000000000020
2026/09/19 01:20:49.969, 1, 79, 100.81, 96, 12930, 1139, 715, P0, 0x0000000000000000
2026/09/19 01:20:50.986, 0, 79, 108.19, 90, 12930, 1063, 715, P0, 0x0000000000000000
2026/09/19 01:20:50.990, 1, 79, 122.07, 95, 12930, 1113, 715, P0, 0x0000000000000020
2026/09/19 01:20:52.015, 0, 79, 109.54, 90, 12930, 987, 715, P0, 0x0000000000000020
2026/09/19 01:20:52.020, 1, 79, 118.71, 96, 12930, 1050, 715, P0, 0x0000000000000020
2026/09/19 01:20:53.031, 0, 79, 105.15, 90, 12930, 923, 715, P0, 0x0000000000000020
2026/09/19 01:20:53.034, 1, 79, 94.91, 93, 12930, 1063, 715, P0, 0x0000000000000000
2026/09/19 01:20:54.043, 0, 79, 80.99, 90, 12930, 961, 715, P0, 0x0000000000000000
2026/09/19 01:20:54.049, 1, 79, 88.45, 93, 12930, 1075, 715, P0, 0x0000000000000000
2026/09/19 01:20:55.058, 0, 79, 114.22, 93, 12930, 999, 715, P0, 0x0000000000000000
2026/09/19 01:20:55.070, 1, 79, 147.46, 85, 12930, 1151, 715, P0, 0x0000000000000000
2026/09/19 01:20:56.087, 0, 79, 119.51, 90, 12930, 949, 715, P0, 0x0000000000000020
2026/09/19 01:20:56.092, 1, 79, 98.40, 89, 12930, 1126, 715, P0, 0x0000000000000020
2026/09/19 01:20:57.110, 0, 79, 99.47, 90, 12930, 936, 715, P0, 0x0000000000000020
2026/09/19 01:20:57.113, 1, 79, 98.65, 93, 12930, 999, 715, P0, 0x0000000000000000
2026/09/19 01:20:58.140, 0, 79, 108.22, 90, 12930, 961, 715, P0, 0x0000000000000020
2026/09/19 01:20:58.153, 1, 79, 102.64, 98, 12930, 961, 715, P0, 0x0000000000000000
2026/09/19 01:20:59.166, 0, 79, 103.72, 90, 12930, 936, 715, P0, 0x0000000000000000
2026/09/19 01:20:59.172, 1, 79, 105.06, 97, 12930, 961, 715, P0, 0x0000000000000020
2026/09/19 01:21:00.182, 0, 79, 79.07, 94, 12930, 999, 715, P0, 0x0000000000000000
2026/09/19 01:21:00.193, 1, 79, 97.71, 95, 12930, 987, 715, P0, 0x0000000000000000
2026/09/19 01:21:01.212, 0, 79, 105.66, 92, 12930, 1025, 715, P0, 0x0000000000000000
2026/09/19 01:21:01.216, 1, 79, 102.45, 98, 12930, 1063, 715, P0, 0x0000000000000000
2026/09/19 01:21:02.226, 0, 79, 104.28, 94, 12930, 1037, 715, P0, 0x0000000000000000
2026/09/19 01:21:02.234, 1, 79, 124.18, 94, 12930, 1113, 715, P0, 0x0000000000000000
2026/09/19 01:21:03.250, 0, 79, 116.31, 94, 12930, 1025, 715, P0, 0x0000000000000000
2026/09/19 01:21:03.256, 1, 79, 116.31, 94, 12930, 1012, 715, P0, 0x0000000000000000
2026/09/19 01:21:04.275, 0, 79, 101.18, 94, 12930, 898, 715, P0, 0x0000000000000020
2026/09/19 01:21:04.278, 1, 79, 96.55, 100, 12930, 1025, 715, P0, 0x0000000000000000
2026/09/19 01:21:05.291, 0, 79, 98.34, 93, 12930, 949, 715, P0, 0x0000000000000020
2026/09/19 01:21:05.298, 1, 79, 94.16, 93, 12930, 835, 715, P0, 0x0000000000000020
2026/09/19 01:21:06.304, 0, 79, 114.63, 90, 12930, 1025, 715, P0, 0x0000000000000000
2026/09/19 01:21:06.307, 1, 79, 134.48, 96, 12930, 974, 715, P0, 0x0000000000000020
2026/09/19 01:21:07.318, 0, 79, 104.70, 90, 12930, 1012, 715, P0, 0x0000000000000000
2026/09/19 01:21:07.321, 1, 79, 116.88, 97, 12930, 1025, 715, P0, 0x0000000000000000
2026/09/19 01:21:08.345, 0, 79, 121.43, 90, 12930, 961, 715, P0, 0x0000000000000000
2026/09/19 01:21:08.348, 1, 79, 116.41, 98, 12930, 987, 715, P0, 0x0000000000000020
2026/09/19 01:21:09.356, 0, 79, 102.70, 93, 12930, 1037, 715, P0, 0x0000000000000000
2026/09/19 01:21:09.358, 1, 79, 115.42, 97, 12930, 1063, 715, P0, 0x0000000000000000
2026/09/19 01:21:10.370, 0, 79, 119.35, 93, 12930, 987, 715, P0, 0x0000000000000000
2026/09/19 01:21:10.380, 1, 79, 119.92, 94, 12930, 1037, 715, P0, 0x0000000000000000
2026/09/19 01:21:11.396, 0, 79, 105.90, 91, 12930, 1063, 715, P0, 0x0000000000000000
2026/09/19 01:21:11.398, 1, 79, 100.78, 96, 12930, 1037, 715, P0, 0x0000000000000000
2026/09/19 01:21:12.407, 0, 79, 99.94, 94, 12930, 923, 715, P0, 0x0000000000000020
2026/09/19 01:21:12.410, 1, 79, 82.99, 93, 12930, 949, 715, P0, 0x0000000000000000
2026/09/19 01:21:13.431, 0, 79, 99.23, 91, 12930, 936, 715, P0, 0x0000000000000020
2026/09/19 01:21:13.440, 1, 79, 90.89, 98, 12930, 949, 715, P0, 0x0000000000000020
2026/09/19 01:21:14.449, 0, 79, 103.24, 90, 12930, 923, 715, P0, 0x0000000000000020
2026/09/19 01:21:14.452, 1, 79, 105.54, 96, 12930, 949, 715, P0, 0x0000000000000020
2026/09/19 01:21:15.465, 0, 79, 105.64, 90, 12930, 949, 715, P0, 0x0000000000000020
2026/09/19 01:21:15.469, 1, 79, 100.38, 98, 12930, 961, 715, P0, 0x0000000000000020
2026/09/19 01:21:16.481, 0, 79, 107.07, 90, 12930, 949, 715, P0, 0x0000000000000020
2026/09/19 01:21:16.484, 1, 79, 108.63, 96, 12930, 987, 715, P0, 0x0000000000000020
2026/09/19 01:21:17.495, 0, 79, 104.91, 94, 12930, 949, 715, P0, 0x0000000000000020
2026/09/19 01:21:17.504, 1, 79, 106.97, 99, 12930, 999, 715, P0, 0x0000000000000020
2026/09/19 01:21:18.510, 0, 79, 101.40, 93, 12930, 911, 715, P0, 0x0000000000000020
2026/09/19 01:21:18.512, 1, 79, 94.87, 93, 12930, 936, 715, P0, 0x0000000000000000
2026/09/19 01:21:19.522, 0, 79, 131.29, 90, 12930, 949, 715, P0, 0x0000000000000020
2026/09/19 01:21:19.525, 1, 79, 120.39, 96, 12930, 1063, 715, P0, 0x0000000000000000
2026/09/19 01:21:20.537, 0, 79, 123.35, 90, 12930, 949, 715, P0, 0x0000000000000020
2026/09/19 01:21:20.546, 1, 79, 122.82, 99, 12930, 1025, 715, P0, 0x0000000000000000
2026/09/19 01:21:21.563, 0, 79, 101.82, 93, 12930, 1012, 715, P0, 0x0000000000000000
2026/09/19 01:21:21.566, 1, 79, 99.37, 97, 12930, 1063, 715, P0, 0x0000000000000000
2026/09/19 01:21:22.576, 0, 79, 104.92, 94, 12930, 936, 715, P0, 0x0000000000000020
2026/09/19 01:21:22.587, 1, 79, 92.26, 96, 12930, 949, 715, P0, 0x0000000000000020
2026/09/19 01:21:23.604, 0, 79, 103.47, 94, 12930, 923, 715, P0, 0x0000000000000020
2026/09/19 01:21:23.607, 1, 79, 104.33, 96, 12930, 961, 715, P0, 0x0000000000000020
2026/09/19 01:21:24.618, 0, 79, 102.99, 90, 12930, 936, 715, P0, 0x0000000000000020
2026/09/19 01:21:24.626, 1, 79, 103.61, 98, 12930, 974, 715, P0, 0x0000000000000020
2026/09/19 01:21:25.633, 0, 79, 103.97, 90, 12930, 987, 715, P0, 0x0000000000000020
2026/09/19 01:21:25.636, 1, 79, 105.78, 96, 12930, 1037, 715, P0, 0x0000000000000000
2026/09/19 01:21:26.663, 0, 79, 101.57, 93, 12930, 1037, 715, P0, 0x0000000000000000
2026/09/19 01:21:26.669, 1, 79, 102.23, 97, 12930, 1050, 715, P0, 0x0000000000000020
2026/09/19 01:21:27.672, 0, 79, 103.56, 94, 12930, 999, 715, P0, 0x0000000000000000
2026/09/19 01:21:27.675, 1, 79, 113.32, 97, 12930, 1037, 715, P0, 0x0000000000000000
2026/09/19 01:21:28.700, 0, 79, 81.15, 90, 12930, 999, 715, P0, 0x0000000000000000
2026/09/19 01:21:28.709, 1, 78, 100.99, 98, 12930, 1050, 715, P0, 0x0000000000000000
2026/09/19 01:21:29.727, 0, 79, 103.72, 90, 12930, 923, 715, P0, 0x0000000000000020
2026/09/19 01:21:29.730, 1, 79, 97.97, 95, 12930, 1025, 715, P0, 0x0000000000000020
2026/09/19 01:21:30.744, 0, 79, 108.20, 93, 12930, 949, 715, P0, 0x0000000000000020
2026/09/19 01:21:30.752, 1, 79, 114.09, 88, 12930, 999, 715, P0, 0x0000000000000020
2026/09/19 01:21:31.757, 0, 79, 98.34, 93, 12930, 923, 715, P0, 0x0000000000000020
2026/09/19 01:21:31.760, 1, 79, 69.61, 89, 12930, 1126, 715, P0, 0x0000000000000000
2026/09/19 01:21:32.782, 0, 79, 96.89, 90, 12930, 873, 715, P0, 0x0000000000000020
2026/09/19 01:21:32.794, 1, 79, 98.66, 93, 12930, 999, 715, P0, 0x0000000000000020
2026/09/19 01:21:33.809, 0, 79, 108.41, 91, 12930, 974, 715, P0, 0x0000000000000020
2026/09/19 01:21:33.813, 1, 79, 119.69, 92, 12930, 1075, 715, P0, 0x0000000000000020
2026/09/19 01:21:34.820, 0, 79, 97.48, 93, 12930, 923, 715, P0, 0x0000000000000020
2026/09/19 01:21:34.823, 1, 79, 64.82, 75, 12930, 1164, 715, P0, 0x0000000000000000
2026/09/19 01:21:35.836, 0, 79, 105.39, 90, 12930, 923, 715, P0, 0x0000000000000020
2026/09/19 01:21:35.838, 1, 79, 109.13, 94, 12930, 1025, 715, P0, 0x0000000000000020
2026/09/19 01:21:36.853, 0, 79, 110.02, 90, 12930, 1012, 715, P0, 0x0000000000000020
2026/09/19 01:21:36.856, 1, 79, 120.39, 93, 12930, 1088, 715, P0, 0x0000000000000020
2026/09/19 01:21:37.865, 0, 79, 136.42, 94, 12930, 961, 715, P0, 0x0000000000000020
2026/09/19 01:21:37.876, 1, 79, 108.41, 86, 12930, 1075, 715, P0, 0x0000000000000020
2026/09/19 01:21:38.891, 0, 79, 77.85, 90, 12930, 949, 715, P0, 0x0000000000000020
2026/09/19 01:21:38.895, 1, 79, 74.64, 92, 12930, 1063, 715, P0, 0x0000000000000000
2026/09/19 01:21:39.905, 0, 79, 81.04, 88, 12930, 1189, 715, P0, 0x0000000000000000
2026/09/19 01:21:39.910, 1, 78, 114.28, 60, 12930, 1316, 715, P0, 0x0000000000000020
2026/09/19 01:21:40.918, 0, 79, 120.44, 90, 12930, 1050, 715, P0, 0x0000000000000000
2026/09/19 01:21:40.922, 1, 79, 131.65, 90, 12930, 1164, 715, P0, 0x0000000000000000
2026/09/19 01:21:41.932, 0, 79, 103.06, 90, 12930, 923, 715, P0, 0x0000000000000020
2026/09/19 01:21:41.938, 1, 79, 98.04, 96, 12930, 1012, 715, P0, 0x0000000000000020
2026/09/19 01:21:42.951, 0, 79, 109.63, 94, 12930, 936, 715, P0, 0x0000000000000020
2026/09/19 01:21:42.957, 1, 79, 111.44, 96, 12930, 1025, 715, P0, 0x0000000000000020
2026/09/19 01:21:43.976, 0, 79, 107.01, 91, 12930, 1050, 715, P0, 0x0000000000000000
2026/09/19 01:21:43.979, 1, 79, 107.62, 91, 12930, 1075, 715, P0, 0x0000000000000000
2026/09/19 01:21:44.986, 0, 79, 104.94, 90, 12930, 885, 715, P0, 0x0000000000000020
2026/09/19 01:21:45.000, 1, 79, 95.54, 95, 12930, 923, 715, P0, 0x0000000000000020
2026/09/19 01:21:46.016, 0, 79, 104.57, 92, 12930, 1050, 715, P0, 0x0000000000000000
2026/09/19 01:21:46.019, 1, 79, 121.80, 88, 12930, 1126, 715, P0, 0x0000000000000000
2026/09/19 01:21:47.028, 0, 79, 105.87, 93, 12930, 911, 715, P0, 0x0000000000000020
2026/09/19 01:21:47.039, 1, 79, 104.15, 94, 12930, 1012, 715, P0, 0x0000000000000020
2026/09/19 01:21:48.056, 0, 79, 109.42, 90, 12930, 987, 715, P0, 0x0000000000000020
2026/09/19 01:21:48.062, 1, 79, 105.76, 91, 12930, 1012, 715, P0, 0x0000000000000000
2026/09/19 01:21:49.081, 0, 79, 101.55, 94, 12930, 961, 715, P0, 0x0000000000000000
2026/09/19 01:21:49.085, 1, 79, 109.07, 97, 12930, 1075, 715, P0, 0x0000000000000000
2026/09/19 01:21:50.103, 0, 79, 126.98, 92, 12930, 987, 715, P0, 0x0000000000000000
2026/09/19 01:21:50.106, 1, 79, 118.07, 94, 12930, 1037, 715, P0, 0x0000000000000020
2026/09/19 01:21:51.123, 0, 79, 77.86, 91, 12930, 923, 715, P0, 0x0000000000000020
2026/09/19 01:21:51.126, 1, 79, 85.14, 91, 12930, 1063, 715, P0, 0x0000000000000000
2026/09/19 01:21:52.138, 0, 79, 105.61, 94, 12930, 936, 715, P0, 0x0000000000000020
2026/09/19 01:21:52.143, 1, 79, 116.25, 91, 12930, 1037, 715, P0, 0x0000000000000020
2026/09/19 01:21:53.148, 0, 79, 111.01, 92, 12930, 999, 715, P0, 0x0000000000000000
2026/09/19 01:21:53.151, 1, 79, 139.02, 91, 12930, 1126, 715, P0, 0x0000000000000000
2026/09/19 01:21:54.160, 0, 79, 104.42, 94, 12930, 936, 715, P0, 0x0000000000000020
2026/09/19 01:21:54.164, 1, 79, 110.03, 95, 12930, 999, 715, P0, 0x0000000000000020
2026/09/19 01:21:55.170, 0, 79, 98.26, 90, 12930, 873, 715, P0, 0x0000000000000020
2026/09/19 01:21:55.173, 1, 79, 104.59, 88, 12930, 1075, 715, P0, 0x0000000000000020
2026/09/19 01:21:56.185, 0, 79, 78.62, 93, 12930, 923, 715, P0, 0x0000000000000020
2026/09/19 01:21:56.188, 1, 79, 73.39, 92, 12930, 1063, 715, P0, 0x0000000000000000
2026/09/19 01:21:57.202, 0, 79, 107.24, 90, 12930, 949, 715, P0, 0x0000000000000020
2026/09/19 01:21:57.208, 1, 79, 112.89, 95, 12930, 1012, 715, P0, 0x0000000000000020
2026/09/19 01:21:58.215, 0, 79, 128.35, 90, 12930, 1012, 715, P0, 0x0000000000000020
2026/09/19 01:21:58.225, 1, 79, 92.05, 92, 12930, 923, 715, P0, 0x0000000000000020
2026/09/19 01:21:59.241, 0, 79, 101.89, 94, 12930, 936, 715, P0, 0x0000000000000020
2026/09/19 01:21:59.247, 1, 79, 70.55, 90, 12930, 1037, 715, P0, 0x0000000000000000
2026/09/19 01:22:00.265, 0, 79, 106.50, 92, 12930, 961, 715, P0, 0x0000000000000020
2026/09/19 01:22:00.271, 1, 79, 119.03, 95, 12930, 1050, 715, P0, 0x0000000000000020
2026/09/19 01:22:01.277, 0, 79, 118.99, 92, 12930, 961, 715, P0, 0x0000000000000000
2026/09/19 01:22:01.286, 1, 79, 122.26, 81, 12930, 949, 715, P0, 0x0000000000000020
2026/09/19 01:22:02.303, 0, 79, 101.34, 94, 12930, 696, 715, P0, 0x0000000000000020
2026/09/19 01:22:02.310, 1, 79, 117.59, 61, 12930, 1164, 715, P0, 0x0000000000000020
2026/09/19 01:22:03.317, 0, 79, 101.44, 95, 12930, 696, 715, P0, 0x0000000000000000
2026/09/19 01:22:03.330, 1, 79, 114.30, 62, 12930, 1189, 715, P0, 0x0000000000000000
2026/09/19 01:22:04.343, 0, 79, 99.89, 94, 12930, 683, 715, P0, 0x0000000000000020
2026/09/19 01:22:04.349, 1, 79, 115.51, 61, 12930, 1189, 715, P0, 0x0000000000000000
2026/09/19 01:22:05.355, 0, 79, 100.79, 94, 12930, 683, 715, P0, 0x0000000000000020
2026/09/19 01:22:05.371, 1, 79, 111.60, 60, 12930, 1177, 715, P0, 0x0000000000000000
2026/09/19 01:22:06.380, 0, 79, 99.11, 94, 12930, 670, 715, P0, 0x0000000000000000
2026/09/19 01:22:06.389, 1, 79, 114.39, 62, 12930, 1177, 715, P0, 0x0000000000000020
2026/09/19 01:22:07.396, 0, 79, 101.22, 94, 12930, 696, 715, P0, 0x0000000000000020
2026/09/19 01:22:07.409, 1, 79, 115.19, 62, 12930, 1189, 715, P0, 0x0000000000000020
2026/09/19 01:22:08.424, 0, 79, 99.60, 94, 12930, 683, 715, P0, 0x0000000000000020
2026/09/19 01:22:08.427, 1, 79, 116.17, 62, 12930, 1189, 715, P0, 0x0000000000000000
2026/09/19 01:22:09.437, 0, 79, 101.52, 94, 12930, 696, 715, P0, 0x0000000000000020
2026/09/19 01:22:09.448, 1, 79, 115.26, 60, 12930, 1189, 715, P0, 0x0000000000000020
2026/09/19 01:22:10.463, 0, 79, 99.17, 94, 12930, 683, 715, P0, 0x0000000000000000
2026/09/19 01:22:10.469, 1, 79, 114.70, 61, 12930, 1177, 715, P0, 0x0000000000000020
2026/09/19 01:22:11.474, 0, 79, 101.26, 95, 12930, 696, 715, P0, 0x0000000000000020
2026/09/19 01:22:11.487, 1, 79, 114.57, 62, 12930, 1189, 715, P0, 0x0000000000000020
2026/09/19 01:22:12.498, 0, 78, 55.51, 0, 9, 1328, 715, P0, 0x0000000000000000
2026/09/19 01:22:12.501, 1, 78, 57.42, 27, 9, 1328, 715, P0, 0x0000000000000000
2026/09/19 01:22:13.507, 0, 77, 55.27, 0, 9, 1328, 715, P0, 0x0000000000000000
2026/09/19 01:22:13.510, 1, 77, 56.93, 0, 9, 1328, 715, P0, 0x0000000000000000
2026/09/19 01:22:14.521, 0, 77, 55.07, 0, 9, 1328, 715, P0, 0x0000000000000000
2026/09/19 01:22:14.524, 1, 77, 56.46, 0, 9, 1328, 715, P0, 0x0000000000000000
2026/09/19 01:22:15.534, 0, 76, 38.41, 0, 9, 405, 715, P0, 0x0000000000000001
2026/09/19 01:22:15.538, 1, 76, 42.04, 0, 9, 987, 715, P0, 0x0000000000000001
2026/09/19 01:22:16.546, 0, 76, 37.94, 0, 9, 405, 715, P0, 0x0000000000000001
2026/09/19 01:22:16.549, 1, 76, 41.56, 0, 9, 987, 715, P0, 0x0000000000000001
2026/09/19 01:22:17.558, 0, 76, 37.95, 0, 9, 405, 715, P0, 0x0000000000000001
2026/09/19 01:22:17.561, 1, 76, 39.37, 0, 9, 405, 715, P0, 0x0000000000000001
